nct,acronym,title_names,sponsor_study_id,other_ids,intervention_names,investigational_drug,lead_sponsor,collaborators,brief_title,conditions,status,primary_completion_date,primary_outcomes,exclusion_review
NCT03673072,GAIN,,GAIN/GEM/CIS,2017-004444-38; AIO-HEP-0118/ass,Gemcitabine; Cisplatin; Oncologically radical margin-free (R0) resection; Adjuvant chemotherapy,gemcitabine,Krankenhaus Nordwest,German Research Foundation,Neoadjuvant Chemotherapy With Gemcitabine Plus Cisplatin Followed by Radical Liver Resection Versus Immediate Radical Liver Resection Alone With or Without Adjuvant Chemotherapy in Incidentally Detected Gallbladder Carcinoma After Simple Cholecystectomy or in Front of Radical Resection of BTC,Incidental Gallbladder Carcinoma; Biliary Tract Cancer,COMPLETED,2024-10-10,Primary efficacy endpoint is overall survival (OS),
NCT02166788,EAGLE FM,,01.12,,Inguinal Lymphadenectomy; Ilio-inguinal Lymphadenectomy,,Melanoma and Skin Cancer Trials Limited,Cancer Council New South Wales; Melanoma Institute Australia,Evaluation of Groin Lymphadenectomy Extent For Metastatic Melanoma,Metastatic Melanoma to the Groin Lymph Nodes,COMPLETED,2024-10-17,"The primary endpoint of the study will be Disease Free Survival following lymphadenectomy, assessed after 60 months of follow-up.",non-inferiority mentioned
NCT04880746,,,ASCT-001,,BEAC; Cladribine combined with BEAC,cladribine combined with beac,Ruijin Hospital,"Xinqiao Hospital of Chongqing; The First Affiliated Hospital of Anhui Medical University; Harbin Hematology and Oncology Institute; Affiliated Zhongshan Hospital of Dalian University; Qilu Hospital of Shandong University; Fujian Medical University Union Hospital; Shanxi Province Cancer Hospital; RenJi Hospital; Xinhua Hospital, Shanghai Jiao Tong University School of Medicine; Huashan Hospital",Efficacy and Safety of Cladribine Combined With BEAC Pretreatment Regimen in the Treatment of Peripheral T-cell Lymphoma: a Multicenter Clinical Study,Peripheral T-cell Lymphoma,UNKNOWN,2024-10-17,Progression free survival,
NCT03924050,,,JS001-CT25-III-NSCLC,,TORIPALIMAB INJECTION(JS001 ),,"Shanghai Junshi Bioscience Co., Ltd.",,Toripalimab Plus Pemetrexed+Platinus in Advanced Non-small-cell Lungcancer Patients Previsouly Treated EGFR-TKI,Non-small Cell Lung Cancer,COMPLETED,2024-10-21,OS,
NCT04797884,ARTEMIS,,IRB00072592,20231793; R44CA256984,TheraBionic Device; Quality of Life Assessment,,THERABIONIC INC.,National Cancer Institute (NCI),Electromagnetic Fields Versus Placebo For Child-Pugh A and B Patients With Advanced Hepatocellular Carcinoma,Hepatocellular Carcinoma,UNKNOWN,2024-10-30,Overall Survival | Quality of Life Survey,
NCT02684708,,,EuroNet-PHL-C2,,"cyclophosphamide, vincristine, prednisone, dacarbazine; CYC, VCR, PRED, DTIC; cyclo, vcr, pred, dacarb,etop and doxo; CYC, VCR, PRED, DTIC, ETO, DOXO","cyclo, vcr, pred, dacarb,etop and doxo",University of Giessen,"Deutsche Krebshilfe e.V., Bonn (Germany); Euronet Worldwide",Second International Inter-Group Study for Classical Hodgkin Lymphoma in Children and Adolescents,Classical Hodgkin Lymphoma,COMPLETED,2024-10-31,Event-free survival,
NCT02758951,CAIRO6,,NL57644.100.16,2016-001865-99; ISRCTN15977568; NTR6301,"Perioperative systemic therapy; Perioperative CAPOX-bevacizumab; Perioperative FOLFOX-bevacizumab; Perioperative FOLFIRI-bevacizumab; CRS-HIPEC, experimental arm; CRS-HIPEC, control arm",perioperative capox-bevacizumab,Koen Rovers,Dutch Cancer Society; Comprehensive Cancer Centre The Netherlands; Hoffmann-La Roche,Perioperative Systemic Therapy for Isolated Resectable Colorectal Peritoneal Metastases,Colorectal Neoplasm; Colorectal Cancer; Colorectal Neoplasms Malignant; Colorectal Carcinoma; Colorectal Adenocarcinoma; Peritoneal Neoplasms; Peritoneal Carcinomatosis; Peritoneal Cancer; Peritoneal Metastases; Peritoneal Neoplasm Malignant Secondary Carcinomatosis; Peritoneal Neoplasm Malignant Secondary,ACTIVE_NOT_RECRUITING,2024-10-31,Overall survival,
NCT04135781,,,CSPC-KAL-GC-04,,nab paclitaxel; albumin bound paclitaxel; Tegafur; S-1; Oxaliplatin; Capecitabine,nab paclitaxel,Zhejiang Cancer Hospital,"CSPC Ouyi Pharmaceutical Co., Ltd.",Nab-paclitaxel Combined With S-1 as Adjuvant Chemotherapy for Stage Ⅲ Gastric Cancer,Stomach Cancer,UNKNOWN,2024-10-31,3 years Diseases-free Survival rate(3 years-DFS),
NCT00412022,HOBOE,,HOBOE,,tamoxifen; triptorelin; letrozole; zoledronic acid,zoledronic acid,"National Cancer Institute, Naples",University of Campania Luigi Vanvitelli,"HOBOE: A Phase 3 Study of Adjuvant Triptorelin and Tamoxifen, Letrozole, or Letrozole and Zoledronic Acid in Premenopausal Patients With Breast Cancer.",Breast Cancer,UNKNOWN,2024-11,disease free survival in premenopausal patients | bone mineral density,
NCT00660842,MITO-7,,MITO-7,2008-001754-40,carboplatin; paclitaxel,carboplatin,"National Cancer Institute, Naples",,Study Comparing Weekly Versus Every 3 Week Chemotherapy in Patients With Ovarian Cancer,Ovarian Cancer,UNKNOWN,2024-11,quality of life | progression free survival,
NCT01405586,MILES-3,,MILES-3,2009-013540-36,Gemcitabine; Cisplatin,gemcitabine,"National Cancer Institute, Naples",,MILES-3: Cisplatin in Combination With Gemcitabine for Elderly Patients With Lung Cancer,Non-small Cell Lung Cancer Metastatic; Non-small Cell Lung Cancer Stage IIIB,UNKNOWN,2024-11,overall survival,
NCT01656551,MILES-4,,MILES-4,2012-000164-25,Gemcitabine; Pemetrexed; Cisplatin,cisplatin,"National Cancer Institute, Naples",,"MILES-4: Study Comparing Gemcitabine and Pemetrexed, With or Without Cisplatin, in Patients With Nonsquamous Lung Cancer",Non-small Cell Lung Cancer Metastatic; Non-small Cell Lung Cancer Stage IIIB,UNKNOWN,2024-11,overall survival,
NCT04909684,DEDICATION-1,,NVALT30 / DEDICATION-1,2020-000493-15,Pembrolizumab,pembrolizumab,Radboud University Medical Center,Dutch Society of Physicians for Pulmonology and Tuberculosis,Dose Tapering and Early Discontinuation to InCreAse cosT-effectIveness Of Immunotherapy for NSCLC,NSCLC,UNKNOWN,2024-11,One-year overall survival rate,non-inferiority mentioned
NCT03750669,,,CISPD-1,,"AG regimen; Nab-paclitaxel and Gemcitabine; mFolfirinox; Folic acid, 5- fluorouracil, irinotecan and oxaliplatin",ag regimen,"Second Affiliated Hospital, Zhejiang University, School of Medicine",,Sequential Use of AG and mFOLFIRINOX as Neoadjuvant Chemotherapy for Resectable Pancreatic Cancer,Pancreatic Adenocarcinoma Resectable; Neoadjuvant Chemotherapy,COMPLETED,2024-11-01,event-free survival (EFS),
NCT03926091,CLOVER,,CLOVER,,Docetaxel; docetaxel injection; Cyclophosphamide; Cyclophosphamide injection,,Fudan University,,Study Comparing 4 Cycles With 6 Cycles of TC (Docetaxel+Cyclophosphamide) Adjuvant Chemotherapy for 1-3 Lymph Node Positive ER+/HER2- Early Breast Cancer,Breast Cancer,UNKNOWN,2024-11-01,Invasive disease free survival,
NCT05313282,TRIPLET-III,,TRIPLET-III,,Hepatic Arterial Infusion combined with Apatinib and Camrelizumab; Apatinib combined with Camrelizumab,hepatic arterial infusion combined with apatinib and camrelizumab,Sun Yat-sen University,"Jiangsu HengRui Medicine Co., Ltd.",A Trial of Hepatic Arterial Infusion Combined With Apatinib and Camrelizumab Versus Apatinib and Camrelizumab for C-staged Hepatocellular Carcinoma in BCLC Classification,C-staged Hepatocellular Carcinoma in BCLC Classification,UNKNOWN,2024-11-01,The progression-free survival (PFS) by RECIST 1.1,
NCT06089382,,,Adjuvant-02,,Sintilimab; IBI 308; Lenvatinib; LENVIMA; Transarterial Chemoembolization (TACE),sintilimab,Tongji Hospital,,A Study to Evaluate Sintilimab Plus Lenvatinib as Adjuvant Therapy in Hepatocellular Carcinoma With Portal Vein Tumor Thrombosis (PVTT) After Surgical Resection,Hepatocellular Carcinoma,NOT_YET_RECRUITING,2024-11-01,Recurrence-Free Survival (RFS),
NCT06781073,,,BPL-Nim-CC-2,,Nimotuzumab; h-R3; Paclitaxel; Paclitaxel Injection; Cisplatin; Cisplatin for Injection,nimotuzumab,"Biotech Pharmaceutical Co., Ltd.",,"Nimotuzumab in Combined With Chemotherapy for Treatment of IVB Stage,Rrecurrent or Persistent Cervical Carcinoma",Cervical Squamous Cell Carcinoma; Persistent,COMPLETED,2024-11-25,Overall Survival (OS),
NCT04595864,,,v1.0 20101014,,"Transarterial chemoinfusion (TAI) with mFOLFOX6 (oxaliplatin, calcium folinate, and 5-FU); TAI",,The Affiliated Nanjing Drum Tower Hospital of Nanjing University Medical School,,Neo-adjuvant Transarterial Chemoinfusion (TAI) for Patients With Hepatocellular Carcinoma Beyond Milan/UCSF Criteria Who Underwent Liver Transplantation,Hepatocellular Carcinoma; Liver Transplantation,RECRUITING,2024-11-30,OS,
NCT00877214,MAINTAIN,,NHL 7-2008,,Rituximab; Mabthera(R); Rituxan(R); Rituximab / observation,rituximab,Jurgen Barth,Sponsor GmbH,Significance of Duration of Maintenance Therapy With Rituximab in Non-Hodgkin Lymphomas,Follicular Lymphomas; Immunocytomas; Marginal Zone Lymphomas; Mantle-Cell Lymphomas; Lymphocytic Lymphoma; Non-Hodgkin's Lymphoma,UNKNOWN,2024-12,Progression free survival,
NCT02355379,ADAGE,,PRODIGE34-ADAGE,,LV5FU2 or capectitabine; FOLFOX4 or XELOX; Observation; LV5FU2 or capecitabine,lv5fu2 or capectitabine,Federation Francophone de Cancerologie Digestive,,Randomised Study Evaluating Adjuvant Chemotherapy After Resection of Stage III Colonic Adenocarcinoma in Patients of 70 and Over,Colonic Adenocarcinoma,UNKNOWN,2024-12,The 3-year disease-free survival,
NCT02512315,,,NACT4-NPC-5010,,Docetaxel (DOC); Docetaxel Injection; Cisplatin (DDP); Cisplatin Injection; Concurrent chemoradiation (CCRT),docetaxel,Sun Yat-sen University,,A Trial On 4 Cycles Of Neoadjuvant Chemotherapy Plus Concurrent Chemoradiation In N2-3 Nasopharyngeal Carcinoma,Nasopharyngeal Carcinoma,UNKNOWN,2024-12,5-year overall survival (5y-OS) | 5-year distant-metastasis-free survival (5y-MFS),
NCT02881086,,,GMALL08_2013,,Rituximab; Nelarabine; PEG-Asparaginase; Cranial irradiation; Imatinib; Idarubicin; Dexamethasone; Cyclophosphamide; Fludarabine; Vincristine; Mercaptopurine; VP16; Daunorubicin (DNR); Methotrexate; Stem cell transplantation; Cytarabine; Vindesine; Adriamycin; Prednisolone,,Goethe University,,"Optimization of Therapy in Adult Patients With Newly Diagnosed Acute Lymphoblastic Leukemia or Lymphoblastic Lymphoma by Individualised, Targeted and Intensified Treatment",Acute Lymphoblastic Leukemia; Lymphoblastic Lymphoma,COMPLETED,2024-12,Event free survival,
NCT03011060,NACVCAC,,JLUDBSCRH 001,,Neo-adjuvant Chemotherapy; Preoperative Chemotherapy; Primary Chemotherapy; Induction Chemotherapy; Capecitabine; Xeloda,capecitabine,The First Hospital of Jilin University,First Hospital of China Medical University; The Second Affiliated Hospital of Harbin Medical University; Qingdao University; First Affiliated Hospital Xi'an Jiaotong University; Baotou Cancer Hospital,Sequential Neo-adjuvant Chemotherapy Followed by Capecitabine Vs. Conventional Adjuvant Chemotherapy in Breast Cancer,Breast Neoplasm Female,UNKNOWN,2024-12,Disease-free survival(DFS),
NCT03613181,ANGLeD,,ANG1005-CLN-07,,ANG1005; paclitaxel trevatide; Physician's Best Choice; capecitabine; eribulin; high-dose IV methotrexate.,ang1005,Angiochem Inc,,ANG1005 in Leptomeningeal Disease From Breast Cancer,Leptomeningeal Carcinomatosis; Leptomeningeal Metastases; Brain Metastases; HER2-negative Breast Cancer,UNKNOWN,2024-12,Overall survival,
NCT03720041,FiTNEss,,MyelomaXIV,,"R1: Ixazomib, Lenalidomide, Dexamethasone (IRD) induction therapy - reactive arm; Ninlaro; Revlimid; R1: Ixazomib, Lenalidomide, Dexamethasone (IRD) induction therapy - adaptive arm; R2: Lenalidomide + ixazomib maintenance","r1: ixazomib, lenalidomide, dexamethasone induction therapy - adaptive arm",University of Leeds,Cancer Research UK; Takeda; Celgene,Myeloma XIV: Frailty-adjusted Therapy in Transplant Non-Eligible Patients With Newly Diagnosed Multiple Myeloma,Multiple Myeloma,UNKNOWN,2024-12,Randomisation 1: Number of participants with early treatment cessation | Randomisation 2: Progression-free survival (PFS-R2),
NCT05194878,,,2021-FXY-244,,neoadjuvant chemotherapyI; mFOLFOXIR; Colectomy; adjuvant chemotherapy; FOLFOX/CapeOX/Cape,neoadjuvant chemotherapyi,Sun Yat-sen University,,Neoadjuvant FOLFOXIRI Versus Immediate Surgery for Stage II and III Colon Cancers,Colon Cancer Stage II; Colon Cancer Stage III,RECRUITING,2024-12,Disease-free survival,
NCT05529940,,NeoFOL-R Trial,H-2211-115-1380,,Folfirinox,,Seoul National University Hospital,Seoul National University Bundang Hospital; SMG-SNU Boramae Medical Center; Gangnam Severance Hospital; Seoul St. Mary's Hospital,NeoFOL-R Trial (Perioperative Versus Adjuvnat FOLFIRINOX in Resectable Pancreatic Cancer),Resectable Pancreatic Cancer; Neoadjuvant Chemotherapy; Effects of Chemotherapy,RECRUITING,2024-12,2-year survival rate,
NCT05919381,,,Gensci043-GC-III01,,Gentuximab Injection,,"Changchun GeneScience Pharmaceutical Co., Ltd.",,Gentuximab Combined With Paclitaxel Compared With Placebo Combined With Paclitaxel for Gastric Adenocarcinoma.,Adenocarcinoma of Stomach,UNKNOWN,2024-12,OS,
NCT03094351,RAE vs CTE,RAMIE Trial,RAE20170320,,esophagectomy; minimally invasive esophagectomy,,Shanghai Chest Hospital,Ruijin Hospital; Changhai Hospital; Shanghai Zhongshan Hospital; The First Affiliated Hospital of Nanchang University,Robot-assisted Esophagectomy Versus Conventional Thoracoscopic Esophagectomy,Esophageal Cancer; Esophageal Carcinoma,UNKNOWN,2024-12-01,Overall Survival Rate,
NCT03912415,FERMATA,,BCD-100-5,,BCD-100; Bevacizumab; Paclitaxel; Cisplatin (or Carboplatin),bcd-100,Biocad,,Efficacy and Safety of BCD-100 (Anti-PD-1) in Combination With Platinum-Based Chemotherapy With and Without Bevacizumab as First-Line Treatment of Subjects With Advanced Cervical Cancer (FERMATA),Cervical Cancer,UNKNOWN,2024-12-01,Overall Survival (OS),
NCT04632758,,,WX0593-004,,WX-0593 Tablets; FL-006; crizotinib,wx-0593 tablets,"Qilu Pharmaceutical Co., Ltd.",,Study Comparing WX-0593 to Crizotinib in ALK Positive Non-Small Cell Lung Cancer (NSCLC) Patients,Non-small Cell Lung Cancer,UNKNOWN,2024-12-01,Progression-free Survival (PFS),
NCT04714190,,,RC48-C007,,RC48-ADC; Recombinant Humanized anti-HER2 Monoclonal Antibody-MMAE Conjugate For Injection; Paclitaxel injection; Taxol; Irinotecan Hydrochloride Injection; CAMPTO; Apatinib Mesylate Tablets; Aitan,rc48-adc,"RemeGen Co., Ltd.",,A Study of RC48-ADC in Local Advanced or Metastatic Gastric Cancer With the HER2-Overexpression,Gastric Cancer; HER2 Overexpressing Gastric Carcinoma,UNKNOWN,2024-12-01,Overall survival (OS),
NCT05866172,,,S-069,,HAIC; Zoledronic acid,zoledronic acid,Sun Yat-sen University,,HAIC Combined Withzoledronic Acid for the Prevention of Bone Metastases in Advanced HCC,Hepatocellular Carcinoma,UNKNOWN,2024-12-01,overall survival,
NCT05549037,LungTIME-C01,,INJECTION,,"Pembrolizumab, Sintilimab; time-of-day of administration of immunochemotherapy","pembrolizumab, sintilimab",Hunan Province Tumor Hospital,,Effect of Time-of-Day (ToD) for Immunochemotherapy on PFS in NSCLC,Non-small Cell Lung Cancer,COMPLETED,2024-12-02,Progression-free survival (PFS),
NCT04178798,,,GLLC-EARLY,,Acalabrutinib 100 MG Oral Capsule,acalabrutinib,PETHEMA Foundation,,Study to Investigate the Use of Acalabrutinib in the Treatment of Patients With Chronic Lymphocytic Leukemia,Chronic Lymphocytic Leukemia- Binet Staging System,COMPLETED,2024-12-03,Event-Free Survival (EFS),
NCT03013010,PREACT,PREACT Study,FUSCC-LAGCCS002,,Tegafur-Gimeracil-Oteracil Potassium; S-1; Chemoradiotherapy; radiochemotherapy; Gastric resection; Gastrectomy; Oxaliplatin,,"Shanghai Cancer Hospital, China","Fudan University; Ruijin Hospital; Xinhua Hospital, Shanghai Jiao Tong University School of Medicine; Shanghai General Hospital, Shanghai Jiao Tong University School of Medicine; Huadong Hospital","PREACT Study: Locally Advanced Gastric Cancer, Chemoradiotherapy vs. Chemotherapy Followed by D2 Surgery and Adjuvant Chemotherapy",Stomach Neoplasm; GastroEsophageal Cancer; Adenocarcinoma; Locally Advanced Cancer; Chemoradiation,COMPLETED,2024-12-05,Disease free survival,
NCT04709380,,,NCC2509,,Radiotherapy plus Toripalimab; Sorafenib,,"Cancer Institute and Hospital, Chinese Academy of Medical Sciences",,Phase III RCT of Radiotherapy Plus Toripalimab Versus Sorafenib in Advanced Hepatocellular Carcinoma With PVTT,Radiotherapy; Toripalimab; Sorafenib; Advanced Hepatocellular Carcinoma,TERMINATED,2024-12-27,TTP,
NCT04009915,VOLCANO,The VOLCANO Study,Duanliang 1,,VATS; Open surgery,,"Shanghai Pulmonary Hospital, Shanghai, China",,VATS VS. Open Thoracic Surgery for Stage II - III Lung Cancer,Lung Cancer; Surgery,UNKNOWN,2024-12-30,disease free survival after surgery,
NCT04578613,,SLL,ICP-CL-00111,,ICP-022; Chlorambucil; Rituximab,icp-022,"Beijing InnoCare Pharma Tech Co., Ltd.",,ICP-022 Versus Chlorambucil Combined With Rituximab in the Treatment of Untreated CLL/SLL,Chronic Lymphocytic Leukemia; Small Lymphocytic Lymphoma,UNKNOWN,2024-12-30,Progression Free Survival (PFS),
NCT05132413,,,SHR-1701-III-310,,SHR-1701 + Pemetrexed Disodium + cisplatin/carboplatin + bevacizumab,shr-1701 + pemetrexed disodium + cisplatin/carboplatin + bevacizumab,"Suzhou Suncadia Biopharmaceuticals Co., Ltd.",,A Study of SHR-1701 Plus Bevacizumab and Chemotherapy in Non-Small-Cell-Lung-Cancer,Advanced or Metastatic Non-squamous Non-small-cell Lung Cancer,UNKNOWN,2024-12-30,"Incidence and severity of adverse events (AEs), serious adverse events (SAEs), and immune-related adverse events (irAEs) as per NCI-CTC AE 5.0 （Stage I） | BIRC-assessed progression-free survival (PFS) as per RECIST v1.1（Stage II）",
NCT05576272,,,QL1706-302,,QL1706; Carrelizumab; Gemcitabine; Cisplatin,ql1706,"Qilu Pharmaceutical Co., Ltd.",,A Phase II/III Trial to Evaluate the Efficacy and Safety of QL1706 in Patients With Nasopharyngeal Carcinoma,Nasopharyngeal Carcinoma,UNKNOWN,2024-12-30,Progression free survival (PFS) -BICR,
NCT05647954,,,HX008-Ⅲ-MM-01,,HX008 + TACE; Temozolomide + TACE; Pembrolizumab,hx008 + tace,Taizhou Hanzhong biomedical co. LTD,,A Study of HX008 Plus Transcatheter Arterial Chemoembolization (TACE) in the First-Line Treatment of Subjects With Stage IV (M1c) Melanoma That is Metastatic to the Liver,Melanoma Neuroendocrine Tumors Neuroectodermal Tumors Neoplasms Germ Cell and Embryonal Neoplasms by Histologic Type Neoplasms Neoplasms,UNKNOWN,2024-12-30,Progression-free Survival (PFS) by Independent Review Committee(IRC) | Overall Survival (OS),
NCT05751850,,,HR070803-301,,HR070803; Oxaliplatin; 5Fluorouracil; Calcium folinate; nab-paclitaxel; gemcitabine,hr070803; oxaliplatin; 5fluorouracil; calcium folinate,"Jiangsu HengRui Medicine Co., Ltd.",,"HR070803 in Combination With Oxaliplatin, 5-FU/LV Versus AG for First-line Treatment of Advanced Pancreatic Cancer",First-line Treatment of Advanced Pancreatic Cancer,UNKNOWN,2024-12-30,Overall survival (OS),
NCT05833815,,,GBC01,,Everolimus 10 mg; CapOx/GemOx; Standard of care; Chemotherapy,everolimus,Banaras Hindu University,,Addition of Everolimus to Standard of Care in Carcinoma Gallbladder,Gallbladder Cancer,UNKNOWN,2024-12-30,Progression free survival,
NCT06110663,,,HS-10241-301,,HS-10241+ Almonertinib; Pemetrexed + Cisplatin /Carboplatin,hs-10241+ almonertinib,"Jiangsu Hansoh Pharmaceutical Co., Ltd.",,A Study of HS-10241 Combined With Almonertinib Versus Platinum-based Chemotherapy in Treatment of Advanced NSCLC With MET Amplification After Failure of EGFR-TKI Therapy,Non-Small Cell Lung Cancer,UNKNOWN,2024-12-30,Progression-free Survival (PFS) evaluated by Independent Review Committee (IRC),
NCT03264547,,EMERALD,JBCRG-M06,,Pertuzumab; Perjeta; Trastuzumab; Herceptin; Docetaxel; Taxotere; Paclitaxel; Taxol; Eribulin; Halaven,eribulin,Japan Breast Cancer Research Group,"Eisai Co., Ltd.",A Study to Compare Eribulin Mesylate + Pertuzumab + Trastuzumab With Paclitaxel or Docetaxel + Pertuzumab + Trastuzumab,Breast Cancer,COMPLETED,2024-12-31,PFS,
NCT03281954,,,NSABP B-59/GBG 96-GeparDouze,2017-002771-25; MO39875,Atezolizumab,atezolizumab,NSABP Foundation Inc,"Genentech, Inc.; Hoffmann-La Roche",Clinical Trial of Neoadjuvant Chemotherapy With Atezolizumab or Placebo in Patients With Triple-Negative Breast Cancer Followed After Surgery by Atezolizumab or Placebo,Triple Negative Breast Cancer,ACTIVE_NOT_RECRUITING,2024-12-31,Event-free survival (EFS),
NCT04233151,,,QL1203-003,,QL1203; mFOLFOX6 regimen,ql1203,"Qilu Pharmaceutical Co., Ltd.",,QL1203 In Combination With Chemotherapy for Metastatic Colorectal Cancer to Determine Efficacy and Safety,Metastatic Colorectal Cancer,UNKNOWN,2024-12-31,Progression-free Survival（PFS）,
NCT04674956,,,CPOG1210-07,,Camrelizumab; Paclitaxel(Albumin Bound) and Gemcitabine,camrelizumab,RenJi Hospital,,"A Prospective, Randomized, Double-blinded, Multi-center Clinical Trial to Evaluate the Efficiency and Safety of Anti-PD1 Antibody (Camrelizumab) Combined With Paclitaxel(Albumin Bound) and Gemcitabine as First-line Therapy in Patients With Metastatic Pancreatic Cancer",Pancreatic Cancer Stage IV; Pancreatic Cancer Metastatic,UNKNOWN,2024-12-31,Progress free survival,
NCT04787354,,EXODOX,KCSG ST21-05,,Oxaliplatin; Capecitabine,,Hallym University Medical Center,,Optimal Duration of Oxaliplatin in Adjuvant XELOX for Gastric Cancer Patients (EXODOX),Gastric Cancer,RECRUITING,2024-12-31,disease-free survival,
NCT04854668,,,ALTN-Ⅲ-02,,Anlotinib hydrochloride capsule; Bevacizumab; Oxaliplatin; Capecitabine,anlotinib hydrochloride capsule,"Chia Tai Tianqing Pharmaceutical Group Co., Ltd.",,A Study of Anlotinib Hydrochloride Capsule Combined With Chemotherapy as First-line Treatment in Subjects With RAS/BRAF Wild Metastatic Colorectal Cancer,Metastatic Colorectal Cancer,ACTIVE_NOT_RECRUITING,2024-12-31,Progression Free Survival (PFS) assessed by IRC,
NCT04921527,CHIPRO,,CAR301,,chiauranib; CS2164; Paclitaxel; Anzatax,chiauranib,"Chipscreen Biosciences, Ltd.",,Chiauranib Plus Weekly Paclitaxel in Patients with Platinum-refractory or Platinum-resistant Recurrent Ovarian Cancer,Ovarian Cancer; Relapsed or Refractory; Chiauranib; Paclitaxel,RECRUITING,2024-12-31,progression-free survival (PFS) | overall survival (OS),
NCT05178628,imPaCT-PRO,,imPaCT-PRO-01,,Innohep; Tinzaparin sodium; Chemotherapy: Gemcitabine + Nab-Paclitaxel,innohep,Michalis Karamouzis,,The Impact of Thromboprophylaxis on Progression Free Survival of Patients With Advanced Pancreatic Cancer,Pancreatic Cancer; Thromboembolism,UNKNOWN,2024-12-31,PFS of patients | The number of VTE events during the trial,
NCT05264896,,,CRE 2020.500,,"5-FU, Leucovorin, Oxaliplatin, Docetaxel; XELOX","5-fu, leucovorin, oxaliplatin, docetaxel",Chinese University of Hong Kong,,Perioperative FLOT vs Adjuvant XELOX for CA Stomach,"Cancer of Stomach, Adenocarcinoma",RECRUITING,2024-12-31,3 year disease free survival,
NCT06548347,,,YY-20394-015,,Linperlisib; CHOP,,Shanghai YingLi Pharmaceutical Co. Ltd.,,A Phase II/III Study of Linperlisib Plus CHOP Versus CHOP in Patients With Newly Diagnosed Peripheral T Cell Lymphoma,Peripheral T Cell Lymphoma,NOT_YET_RECRUITING,2024-12-31,Overall response rate | progression-free survival,
NCT05111197,TRAILOCLORI01,,ICO-2021-08,,SRT; Immunotherapy,,Institut Cancerologie de l'Ouest,,Local Ablative Stereotactic Radiotherapy for Residual Hypermetabolic Lesion in Patients With Locally Advanced or Metastatic Non-small Cell Lung Cancer Long-term Responders to Immunotherapy,Locally Advanced Non Small Cell Lung Cancer; Metastatic Non Small Cell Lung Cancer,UNKNOWN,2025-01,The overall survival (OS) benefit of local treatment by stereotactic radiotherapy with immunotherapy versus immunotherapy alone,
NCT00957086,,,IHN01,,Nimotuzumab,,"National Cancer Centre, Singapore","National Medical Research Council (NMRC), Singapore; Innogene Kalbiotech Pte. Ltd",Study of Post-Op Adjuvant Concurrent Chemo-RT With or Without Nimotuzumab for Head & Neck Cancer,"Carcinoma, Squamous Cell of Head and Neck",UNKNOWN,2025-01-01,To compare the disease-free survival between patients randomized to adjuvant nimotuzumab/cisplatin/RT with the control arm,
NCT04319484,LLTHVV,,Renji8791,,lenvatinib; experiment; Control,lenvatinib,RenJi Hospital,,Lenvatinib Following Liver Transplantation in Patients of Hepatocellular Carcinoma With Portal Vein Tumor Thrombus,Hepatocellular Carcinoma; Portal Vein Tumor Thrombus; Liver Transplantation,UNKNOWN,2025-01-01,3 years recurrence-free survival rate,
NCT04601116,,MAmmary Cancer STatin ER Positive Study,SBMASTER,2019-002508-42,Atorvastatin 80 Mg Oral Tablet,,Aarhus University Hospital,"Copenhagen University Hospital, Rigshospitalet; Hospital of Southern Jutland; University of Copenhagen; Bornholms Hospital; Naestved Hospital; Vejle Hospital; Odense University Hospital; Nordsjaellands Hospital; Aalborg University Hospital; Herning Hospital",The MASTER Study (MAmmary Cancer STatin ER Positive Study),Breast Cancer Female; Estrogen Receptor Positive Tumor,RECRUITING,2025-01-01,Invasive disease-free survival,
NCT04679064,NItCHE-MITO33,MITO 33,3392,,Niraparib; Zejula; Dostarlimab; TSR-042; Pegylated liposomal doxorubicin; Paclitaxel; Gemcitabine; Topotecan; Bevacizumab; Avastin,niraparib,Fondazione Policlinico Universitario Agostino Gemelli IRCCS,GlaxoSmithKline,"Trial on NIraparib-TSR-042 (Dostarlimab) vs Physician's Choice CHEmotherapy in Recurrent, Ovarian, Fallopian Tube or Primary Peritoneal Cancer Patients Not Candidate for Platinum Retreatment",Ovarian Cancer,UNKNOWN,2025-01-01,Overall Survival,
NCT05674305,,,20122229-15,,Radiotherapy; Cisplatin,,Fudan University,,Radiotherapy Alone Versus Concurrent Chemo-radiotherapy for Nasopharyngeal Carcincoma Patients With Undectable EBV DNA After One Cylce Neoadjuvant Chemotherpy,Nasopharyngeal Carcinoma,RECRUITING,2025-01-01,Progression-free survival,non-inferiority mentioned
NCT05760378,,,BCTOP-T-M02,,Famitinib; Camrelizumab; nab-Palitaxel/Capecitabine/Eribulin Mesylate/Carboplatin,famitinib,Fudan University,,Famitinib in Combination With Camrelizumab and TPC in The First-line Treatment of Immunomodulatory Locally Advanced or Metastatic TNBC.,Triple-Negative Breast Cancer,RECRUITING,2025-01-01,PFS,
NCT05772208,,,2110244-20,,Camrelizumab; Nimotuzumab; neoadjuvant chemotherapy and CCRT,camrelizumab,Fudan University,,Intensified Treatments for Patients With Locally Advanced Nasopharyngeal Carcinoma With Detectable EBV DNA After One Cycle GP Regime Neoadjuvant Chemotherapy,Nasopharyngeal Carcinoma,RECRUITING,2025-01-01,Progression-free survival,non-inferiority mentioned
NCT06095167,,,NPC010,,without concurrent cisplatin chemotherapy; with concurrent cisplatin chemotherapy,without concurrent cisplatin chemotherapy,Fujian Cancer Hospital,,Induction Chemotherapy and Immunotherapy Combined Radiotherapy With or Without Concurrent Chemotherapy for Stage III-IVa NPC,Nasopharyngeal Carcinoma,NOT_YET_RECRUITING,2025-01-01,Failure-free survival,
NCT05429697,,,SNK-SIT-03,,SMT-NK inj.+Pembrolizumab; Pembrolizumab,smt-nk inj.+pembrolizumab,"SMT bio Co., Ltd.",,Study of SMT-NK Inj. Plus Pembrolizumab vs Pembrolizumab Monotherapy in Patients With Advanced Biliary Tract Cancer,Biliary Tract Cancer,UNKNOWN,2025-01-08,Progression Free Survival,
NCT03366272,NIVEAU,,DSHNHL 2015-1,,Nivolumab; Rituximab; Gemcitabine; Oxaliplatin,nivolumab,Universität des Saarlandes,Bristol-Myers Squibb; Lymphoma Study Association; University of Leipzig,"Nivolumab With Gemcitabine, Oxaliplatin + Rituximab in r/r Elderly Lymphoma Patients","Lymphoma, Non-Hodgkin",COMPLETED,2025-01-15,PFS,
NCT02688140,TUD-APOLLO-064,,TUD-APOLLO-064,,Arsenic trioxide; ATO; Trisenox (R); As2O3; Idarubicin; IDA; Cytarabine; Ara-C; Tretinoin; all-trans retinoic acid; ATRA; Mitoxantrone; MTZ; Mercaptopurine; 6-Mercaptopurine; 6-MP; Methotrexate; MTX,arsenic trioxide,Technische Universität Dresden,Gruppo Italiano Malattie EMatologiche dell'Adulto; Groupe Francophone des Myelodysplasies; HOVON - Dutch Haemato-Oncology Association; Programa para el Tratamiento de Hemopatías Malignas; German Federal Ministry of Education and Research; Teva Pharmaceuticals Europe,"Study for Patients With Newly Diagnosed, High-risk Acute Promyelocytic Leukemia",Acute Promyelocytic Leukemia,COMPLETED,2025-01-20,Event-free survival,
NCT03603184,AtTEnd,,IRFMN-EN-7556,,Atezolizumab; Tecentriq; Paclitaxel; Carboplatin,atezolizumab,Mario Negri Institute for Pharmacological Research,Hoffmann-La Roche,Atezolizumab Trial in Endometrial Cancer - AtTEnd,Endometrial Cancer,COMPLETED,2025-01-20,PFS in the MSI | PFS | OS,
NCT05189067,,,2021-0170,,Paclitaxel; P; Trastuzumab; H; Docetaxel; T,docetaxel,"Second Affiliated Hospital, Zhejiang University, School of Medicine",,Efficacy and Safety of Adjuvant Docetaxel and Trastuzumab in Stage I HER2-positive Breast Cancer,HER2-positive Breast Cancer; Adjuvant Therapy,UNKNOWN,2025-01-31,disease free survival,
NCT04741438,RAR-Immune,,ET 20-128_RAR-IMMUNE,,Nivolumab and IPILIMUMAB; Pazopanib Oral Tablet [Votrient],nivolumab and ipilimumab,Centre Leon Berard,,Efficacy of the Combination of Nivolumab and Ipilimumab as a Treatment in Patients With Sarcoma of Rare Subtype,Sarcoma,UNKNOWN,2025-02,Progression-Free Survival (PFS),
NCT04338191,FANTASTIC,,GIHSYSU-19,,mFOLFOXIRI adjuvant chemotherapy; Oxaliplatin; Irinotecan; Leucovorin; 5-Fluorouracil; mFOLFOX6 adjuvant chemotherapy,mfolfoxiri adjuvant chemotherapy,Sun Yat-sen University,,mFOLFOXIRI Versus mFOLFOX6 as Adjuvant Chemotherapy for Locally Advanced Colorectal Cancer,Colorectal Cancer,UNKNOWN,2025-02-01,3-year Disease-free survival,
NCT04229004,,,PanCAN_Precision Promise,,Gemcitabine combined with nab-paclitaxel; Dose -mFOLFIRINOX; Dose - Pamrevlumab combined with gemcitabine and nab-paclitaxel; Dose- Canakinumab and Spartalizumab combined with nab-paclitaxel and gemcitabine; Drug: Dose -SM-88,dose - pamrevlumab combined with gemcitabine and nab-paclitaxel,Pancreatic Cancer Action Network,,A Multi-center Trial to Evaluate Multiple Regimens in Metastatic Pancreatic Cancer,Metastatic Pancreatic Cancer; Metastatic Pancreatic Adenocarcinoma,COMPLETED,2025-02-05,Overall Survival,
NCT04914598,,,SIM-372-ENDO-301,,ENDOSTAR，cisplatin,,"Jiangsu Simcere Pharmaceutical Co., Ltd.",,A Phase Ⅲ Clinical Study of Combined Cisplatin Versus Placebo Combined With Intracavitary Cisplatin Injection in the Treatment of Malignant Pleural Effusions,Malignant Pleural Effusion,ACTIVE_NOT_RECRUITING,2025-02-10,"Puncture/drainage-Free Survival, PuFS",
NCT03006432,GASTFOX,,PRODIGE 51,,Oxaliplatin; 5Fluorouracil bolus; 5Fluorouracil continu; Docetaxel; Folinic Acid,docetaxel,Federation Francophone de Cancerologie Digestive,UNICANCER; GERCOR - Multidisciplinary Oncology Cooperative Group,PHASE III RANDOMISED TRIAL to EVALUATE FOLFOX with or WITHOUT DOCETAXEL (TFOX) AS 1st LINE CHEMOTHERAPY for LOCALLY ADVANCED or METASTATIC OESOPHAGO-GASTRIC CARCINOMA,OESOPHAGO-GASTRIC CARCINOMA,COMPLETED,2025-02-27,progression-free survival,
NCT04316013,,,18/044,,Sevoflurane; Propofol; Lidocaine IV,,"Peter MacCallum Cancer Centre, Australia","National Health and Medical Research Council, Australia; Australian and New Zealand College of Anaesthetists; Victorian Comprehensive Cancer Centre",Volatile Anaesthesia and Perioperative Outcomes Related to Cancer: the VAPOR-C Trial,Colonic Cancer; Rectal Cancer; Non Small Cell Lung Cancer,TERMINATED,2025-02-28,Comparison of disease free survival (DFS) with propofol-TIVA versus sevoflurane | Comparison of disease free survival (DFS) with lidocaine compared with no lidocaine,
NCT03002103,,,CT4005,,EndoTAG-1; Paclitaxel; Gemcitabine Hydrochloride,endotag-1,"SynCore Biotechnology Co., Ltd.",,A Trial Evaluating the Efficacy and Safety of EndoTAG®-1 in Combination With Paclitaxel and Gemcitabine Compared With Paclitaxel and Gemcitabine as First-line Therapy in Patients With Visceral Metastatic Triple-negative Breast Cancer,Triple-Negative Breast Cancer,SUSPENDED,2025-03,PFS,
NCT03721744,,,STEMNESS-PANC,,GB201; Paclitaxel; Gemcitabine; Standard of care treatment options; BSC,gb201,1Globe Health Institute LLC,,A Study of GB201 in Combination With Weekly Paclitaxel and Low-dose Gemcitabine in Patients With Pancreatic Cancer,Metastatic Pancreatic Cancer,UNKNOWN,2025-03,Overall survival (OS),
NCT04834024,,,MIL62-CT301,,"Recombinant Humanized Monoclonal Antibody MIL62, lenalinomide; lenalinomide","recombinant humanized monoclonal antibody mil62, lenalinomide","Beijing Mabworks Biotech Co., Ltd.",,MIL62 Combined With Lenalidomide Versus Lenalidomide for Patients With Rituximab Refractory Follicular Lymphoma,Follicular Lymphoma and Marginal Zone Lymphoma,RECRUITING,2025-03,Progression-free Survival (per IRC),
NCT03468010,,,B2017-105-01,,"chemoradiation; Paclitaxel, Cisplatin","paclitaxel, cisplatin",Sun Yat-sen University,,A Trial Comparing Adjuvant Chemotherapy With Observation After Concurrent Chemoradiotherapy of Cervical Cancer (With Pelvic or Para-aortic Node Involvement),Cervical Cancer; Adjuvant Chemotherapy; Radiation; Lymph Node Metastases,UNKNOWN,2025-03-01,3-year progression-free survival (3y-PFS),
NCT04736394,ASCERTAIN,,YHCT-NIT-R2,,APL-1202; Epirubicin Hydrochloride,apl-1202,"Jiangsu Yahong Meditech Co., Ltd aka Asieris",,A Phase 3 Study to Evaluate the Safety and Efficacy of APL-1202 as a Single-agent Oral Treatment Versus Intravesical Instillation of Epirubicin Hydrochloride in naïve Intermediate-risk NMIBC Patients,Non-muscle Invasive Bladder Cancer,UNKNOWN,2025-03-01,Event-free survival (EFS),
NCT04907370,DIAMOND,,JS001-ISS-CO291,,PD-1 blocking antibody; PD-1 Blockade; Gemcitabine; GEM; Cisplatin (80mg/m2); DDP; Cisplatin (100mg/m2); Intensity-modulated radiotherapy; IMRT,,Sun Yat-sen University,"Shanghai Junshi Bioscience Co., Ltd.",PD-1 Blockade Combined With De-intensified Chemoradiotherapy Sparing Concurrent Cisplatin in Nasopharyngeal Carcinoma,Nasopharyngeal Carcinoma,ACTIVE_NOT_RECRUITING,2025-03-01,Failure-free survival (FFS) | Incidence rate of all-grade vomiting,
NCT05673512,,,IAH0968-202,,Injection of IAH0968 + CAPEOX,,"SUNHO（China）BioPharmaceutical CO., Ltd.",,To Evaluate IAH0968 in Combination With CAPEOX in HER2-positive Metastatic Colorectal Cancer,HER2 Gene Mutation,UNKNOWN,2025-03-01,Progression-Free-Survival（PFS）,
NCT04778956,,,SYSUCC-CMY-2020-2302,,Toripalimab; PD-1 antibody; salvage surgery,toripalimab,Sun Yat-sen University,"First Affiliated Hospital, Sun Yat-Sen University; Nanfang Hospital, Southern Medical University; First People's Hospital of Foshan; Zhongshan People's Hospital, Guangdong, China; Tenth Affiliated Hospital, Sun Yat-sen University",Toripalimab Plus Surgery vs Surgery Alone for Resectable Recurrent Nasopharyngeal Carcinoma,Nasopharyngeal Carcinoma; PD-1; Surgery,RECRUITING,2025-03-03,Disease-free survival,
NCT06759857,FHND9041,,FHND9041-III-01,,FHND9041; Afatinib,fhnd9041,"Jiangsu Chia Tai Fenghai Pharmaceutical Co., Ltd.",,FHND9041 Versus Afatinib for Non-small Cell Lung Cancer,Non Small Cell Lung Cancer,ENROLLING_BY_INVITATION,2025-03-04,Progression-Free Survival (PFS),
NCT04296175,CITRINE,,1807187-2,,Epirubicin; CTX; Paclitaxel; ddEpirubicin; ddCTX; Paclitaxel(with carbo); Carboplatin,ddepirubicin,Fudan University,,Carboplatin Intensified Chemotherapy for TRIple NEgative Breast Cancer(CITRINE),Triple-negative Breast Cancer,ACTIVE_NOT_RECRUITING,2025-03-10,Disease free survival,
NCT05675319,AlloRelapseMM,,AlloRelapseMMStudy,,Allogeneic Stem Cells; carfilzomib/lenalidomide/dexamethasone (KRD); elotuzumab/lenalidomide/dexamethasone (ERD); daratumumab/bortezomib/dexamethasone (DVD); daratumumab/lenalidomide/dexamethasone (DRD); ixazomib/lenalidomide/dexamethasone (IRD); pomalidomide/bortezomib/dexamethasone (PVD); carfilzomib/daratumumab/dexamethasone (KDD); Autologous Stem Cells; daratumumab/pomalidomide/dexamethasone (DPD); isatuximab/carfilzomib/dexamethasone (Isa-KD); selinexor/bortezomib/dexamethasone (SVD),allogeneic stem cells,Universitätsklinikum Hamburg-Eppendorf,Gemeinsamer Bundesaussschuss; Staburo GmbH,Allogeneic Stem Cell Transplantation vs. Conventional Therapy as Salvage Therapy for Relapsed / Progressive Patients With Multiple Myeloma After First-line Therapy,Multiple Myeloma,TERMINATED,2025-03-14,Overall survival at five years after randomization,
NCT04401709,,,2020-01-101,,Gemcitabine/Capecitabine; Capecitabine,gemcitabine/capecitabine,Samsung Medical Center,,Gemcitabine+ Capecitabine Vs Capecitabine in Curatively Resected Biliary Tract Cancer,Biliary Tract Cancer,UNKNOWN,2025-03-30,Two-year disease free survival (DFS),
NCT03071289,,,N2016203,,Radiation Method B; Cisplatin; Radiation Method A,,Sun Yat-sen University,,A Trial Comparing Observation With Radiation on Pelvic Lymphocysts After Radical Hysterectomy of Cervical Cancer,Cervical Cancer; Lymphocyst; Radiation Therapy,UNKNOWN,2025-03-31,5-year local-recurrence-free survival (5y-LRFS),
NCT01785420,,,TMH Project-982,,Trastuzumab; Herceptin; Normal saline,trastuzumab,Dr Rajendra A. Badwe,Tata Memorial Hospital,Pre Operative Trastuzumab in Operable Breast Cancer,Carcinoma Breast Stage I; HER2 Positive Breast Cancer,RECRUITING,2025-04,Disease Free Survival,
NCT03008148,,,JP001-GM-001,,CCRT; Temozolomide; Chemotherapy; Siroquine; JP001,siroquine,"Johnpro Biotech, Inc.",,Phase II/III Trial of CCRT With or Without JP001 for Newly Diagnosed GBM,Glioblastoma,UNKNOWN,2025-04,Overall survival time.,
NCT03899636,DIRECT,,28-001-ONC,,Modified FOLFIRINOX Regimen; NanoKnife System,,"Angiodynamics, Inc.",,A Pivotal Study of Safety and Effectiveness of NanoKnife IRE for Stage 3 Pancreatic Cancer,Stage III Pancreatic Cancer,ACTIVE_NOT_RECRUITING,2025-04,Overall Survival,
NCT05780372,,,Reduced CTV in NPC,,Intensity Modulated Radiation Therapy; IMRT; Chemotherapy,,Sun Yat-sen University,"Jiangxi Provincial Cancer Hospital; Zhejiang Cancer Hospital; Chongqing University Cancer Hospital; Dongguan People's Hospital; Union Hospital, Tongji Medical College, Huazhong University of Science and Technology; First Affiliated Hospital of Guangxi Medical University; Liuzhou Workers' Hospital; The First Affiliated Hospital of Xiamen University; Wuzhou Red Cross Hospital; Hubei Cancer Hospital; First Hospital of China Medical University",Reduced Volume of Neck Prophylactic Irradiation in Nasopharyngeal Carcinoma,Nasopharyngeal Carcinoma; Radiotherapy; Complications,ACTIVE_NOT_RECRUITING,2025-04-01,Regional recurrence-free survival,non-inferiority mentioned
NCT02761070,RE-GEND,,JCOG1308C,,Temozolomide; Temodar; Temodal; Bevacizumab; Avastin,temozolomide,Kyorin University,Japan Clinical Oncology Group,"Bevacizumab Alone Versus Dose-dense Temozolomide Followed by Bevacizumab for Recurrent Glioblastoma, Phase III",Glioblastoma; Recurrence; Progression,COMPLETED,2025-04-17,Overall survival,
NCT04158362,AMBRE,,UC-0140/1901,2019-000260-14,Paclitaxel injection; Capecitabine tablets; Letrozole 2.5mg; Anastrozole 1mg; Fulvestrant Prefilled Syringe; Abemaciclib; Verzenios®,paclitaxel injection,UNICANCER,,Endocrine Therapy With Abemaciclib or Chemotherapy as Initial Metastatic Treatment in ER+/HER2- Breast Cancer,Cancer Metastatic,ACTIVE_NOT_RECRUITING,2025-04-30,Progression-free survival (PFS),
NCT04669496,,,ZSAB-neoGOLP,,Neoadjuvant treatment,neoadjuvant treatment,Shanghai Zhongshan Hospital,"Xinhua Hospital, Shanghai Jiao Tong University School of Medicine; Shanghai Public Health Clinical Center; RenJi Hospital; Shenzhen University General Hospital; Sir Run Run Shaw Hospital; Tang-Du Hospital; First Affiliated Hospital of Wenzhou Medical University; The First Affiliated Hospital of Zhengzhou University; The First Affiliated Hospital of Anhui Medical University; First Hospital of China Medical University; Eastern Hepatobiliary Surgery Hospital; First Affiliated Hospital Xi'an Jiaotong University; Shanghai Jiao Tong University Affiliated Sixth People's Hospital; First Affiliated Hospital of Guangxi Medical University; The Affiliated Hospital of Qingdao University; Peking Union Medical College Hospital; Meng Chao Hepatobiliary Hospital of Fujian Medical University; The First Affiliated Hospital of University of Science and Technology of China; Cancer Hospital of Guangxi Medical University; Tongji Hospital; Zhejiang Provincial People's Hospital; The Second Affiliated Hospital of Kunming Medical University; Sichuan Provincial People's Hospital; Taizhou Hospital; Shaoxing People's Hospital; The First Hospital of Hebei Medical University","Phase II-III Clinical Trial of PD1 Antibody (Toripalimab), Lenvatinib and GEMOX Neoadjuvant Treatment for Resectable Intrahepatic Cholangiocarcinoma With High-risk Recurrence Factors",Intrahepatic Cholangiocarcinoma; PD1 Antibody; Lenvatinib; Gemox Chemotherapy,ACTIVE_NOT_RECRUITING,2025-04-30,Event-free survival,
NCT04898374,,,HNIC-NP,,Gemcitabin/cisplatin,,Kuwait Cancer Control Center,,Induction Versus Adjuvant Gemcitabine/Cisplatin in Locally Advanced Non-metastatic Nasopharyngeal Carcinoma,Nasopharyngeal Carcinoma,UNKNOWN,2025-04-30,Acute and late toxicity assessment | Late radiation toxicity | Loco regional control rates (LCR) | Progression free survival (PFS),
NCT02062489,,,BCCT2014001,,Tamoxifen; Nolvadex,,Sun Yat-Sen Memorial Hospital of Sun Yat-Sen University,,"Evaluation of Tamoxifen's Efficacy for ER/PR Negative,ER-beta Positive Operable Breast Cancer Patients",Breast Cancer,UNKNOWN,2025-05,Disease-free survival of patients,
NCT02429687,MOGCT-01,,MOGCT-01,,Paclitaxel; Anzatax; TAX; Carboplatin; Bleomycin; Blanoxan; BLEO; BLM; Etoposide; ETOP; Etopophos; Cisplatin,paclitaxel,Beihua Kong,Huazhong University of Science and Technology; Zhejiang University; Sun Yat-sen University,TC or BEP in Treating Patients With Malignant Ovarian Germ Cell Tumors,Ovarian Germ Cell Cancer; Ovarian Neoplasms; Ovarian Cancer,RECRUITING,2025-05,Progression-free survival,
NCT02429700,SCST-01,,SCST-01,,Paclitaxel; Anzatax; TAX; Carboplatin; Bleomycin; Blanoxan; BLEO; BLM; Etoposide; ETOP; Etopophos; Cisplatin,paclitaxel,Beihua Kong,Huazhong University of Science and Technology; Zhejiang University; Sun Yat-sen University,TC or BEP in Treating Patients With Ovarian Malignant Sex Cord-Stromal Tumors,Ovarian Sex Cord Stromal Tumor; Ovarian Neoplasms; Ovarian Cancer,RECRUITING,2025-05,Progression-free survival,
NCT05255302,DIAL,NSCLC,IFCT-2103,2021-006044-27,Pembrolizumab before randomization; Chemotherapy; Pemetrexed; Pembrolizumab after randomization,,Intergroupe Francophone de Cancerologie Thoracique,,De-escalation Immunotherapy mAintenance Duration Trial for Stage IV Lung Cancer Patients With Disease Control After Chemo-immunotherapy Induction,Metastatic NSCLC,RECRUITING,2025-05,Phase II: 18-month overall survival (OS) | Phase III: overall survival,
NCT04263298,,FAMILY,SYS-C-201801-5010,,Fulvestrant; Experimental group; Capecitabine Oral Product; Active Comparator control group,fulvestrant,Herui Yao,,Fulvestrant Versus Capecitabine as Maintenance Therapy After First-line Chemotherapy in Patients With HR+/HER2- Metastatic Breast Cancer,Metastatic Breast Cancer,RECRUITING,2025-05-01,Progression free survival (PFS),
NCT04776655,LIBImAb,LIBImAb Study,2020-005078-82,,Bevacizumab; Avastin; Cetuximab; Erbitux; 5-FU; 5 Fluorouracil; Irinotecan; Irinotecano; Calcium levofolinate; Levofolinic acid,bevacizumab,Azienda USL Reggio Emilia - IRCCS,Istituto Di Ricerche Farmacologiche Mario Negri; Istituto Nazionale Tumori IRCCS - Fondazione G. Pascale,Study in mCRC Patients RAS/BRAF wt Tissue and RAS Mutated LIquid BIopsy to Compare FOLFIRI Plus CetuxiMAb or BevacizumaB,Colorectal Cancer; Metastatic Colorectal Cancer; RAS Mutation,ACTIVE_NOT_RECRUITING,2025-05-04,Progression free survival (PFS) in patients with RASmut at liquid biopsy and RASwt on tissue.,
NCT05204628,,,XZP-3621-3001,,XZP-3621; Crizotinib,xzp-3621,"Xuanzhu Biopharmaceutical Co., Ltd.",,A Study to Evaluate and Compare the Efficacy and Safety of XZP-3621 Versus Crizotinib,Non-small Cell Lung Cancer,UNKNOWN,2025-05-07,Progression-Free Survival (PFS),
NCT05665348,TRIPLET,,FFCD 2101-PRODIGE 81,2022-501217-31,Ipilimumab Injection; Atezolizumab; Bevacizumab; Atezolizumab Injection,ipilimumab injection,Federation Francophone de Cancerologie Digestive,,Study Evaluating the Benefit of Adding Ipilimumab to the Combination of Atezolizumab and Bevacizumab in Patients With Hepatocellular Carcinoma Receiving First-line Systemic Therapy,HCC - Hepatocellular Carcinoma; Metastatic Cancer; Metastatic Tumor,COMPLETED,2025-05-12,Objective response of treatment (Phase II) | Overall survival (Phase III),non-inferiority mentioned
NCT04691063,,,SHR-1316-III-302,,SHR-1316; Carboplatin; Etoposide；Radiotherapy; Palcebo,shr-1316; carboplatin; etoposide；radiotherapy,"Jiangsu HengRui Medicine Co., Ltd.",,The Study is Being Conducted to Evaluate the Efficacy and Safety of SHR-1316 in Combination With Chemo-radiotherapy in Patients With LS-SCLC.,Small-cell Lung Cancer,UNKNOWN,2025-05-15,OS,
NCT04159155,CAN-STAMP,,CAN-STAMP,CAPCR 19-6178,External Beam Radiation; Niraparib; Zejula; Vaginal high-dose rate brachytherapy; Observation - no drugs,niraparib,"University Health Network, Toronto",,A Study of Various Treatments in Serous or p53 Abnormal Endometrial Cancer,Endometrial Carcinoma; P53 Mutation; Serous Carcinoma,TERMINATED,2025-05-26,Disease Free Survival Rate,
NCT05015621,,,2021-012-00CH1,,"Surufatinib plus Toripalimab; HMPL-012 plus JS001; 5-fluorouracil, Calcium folinate and Irinotecan; FOLFIRI",,Hutchison Medipharma Limited,,A Phase 3 Study to Evaluate Surufatinib Plus Toripalimab in the Treatment of Advanced Neuroendocrine Carcinoma,Advanced Neuroendocrine Carcinoma,UNKNOWN,2025-05-31,Overall Survival (OS),
NCT05374252,,,E2021144,,PD-1 inhibitor; radiation; concurrent chemotherapy; concurrent chemoradiotherapy,pd-1 inhibitor,"Sixth Affiliated Hospital, Sun Yat-sen University",,Chemoradiotherapy Combined With or Without PD-1 Blockade in Anal Canal Squamous Carcinoma Patients,Anal Canal Cancer Stage III; Anal Squamous Cell Carcinoma; Anal Canal Cancer; Anal Cancer,UNKNOWN,2025-05-31,Progression free survival | Overall survival | cCR rate,
NCT06170489,,cHL,JS004-009-III-cHL,,JS004 in combination with Toripalimab; Bendamustine or gemcitabine,js004 in combination with toripalimab,"Shanghai Junshi Bioscience Co., Ltd.",,A Phase III Clinical Study Comparing JS004 Plus Toripalimab With Investigator-Selected Chemotherapy in Patients With PD-(L)1monoclonal Antibody Refractory Classic Hodgkin Lymphoma (cHL),Hodgkin Lymphoma,RECRUITING,2025-05-31,Progression Free Survival (PFS) per Lugano criteria 2014 as Assessed by Independent review committee (IRC),
NCT01815853,Neo-CRAG,,SYSUCCGPS2,,Neoadjuvant Chemoradiotherapy; Neoadjuvant Chemotherapy; R0 D2 Gastrectomy; Adjuvant Chemotherapy,,Sun Yat-sen University,The First Affiliated Hospital of Anhui Medical University; Liaoning Cancer Hospital & Institute; Guangdong Provincial Hospital of Traditional Chinese Medicine; Tianjin Medical University Cancer Institute and Hospital; Zhejiang Cancer Hospital; First Hospital of China Medical University; The Affiliated Tumor Hospital of Guangxi Medical University; First Affiliated Hospital of Zhejiang University; The Affiliated Hospital of Qingdao University; Guangdong Provincial People's Hospital; Sichuan Cancer Hospital and Research Institute; National Clinical Research Center for Cancer/Cancer Hospital,Neoadjuvant Chemoradiotherapy vs. Chemotherapy Followed by Radical Gastrectomy and Adjuvant Chemotherapy for Advanced Gastric Cancer,Gastric Cancer,COMPLETED,2025-06,Disease-free Survival,
NCT02773485,,,TMC IRB 1457,,High Dose Radiation; Radiation; Systemic chemotherapy; Gemcitabine and Cisplatin regimen,,Tata Memorial Hospital,,Chemo Alone or in Combination With Radiation in Unresectable Cholangiocarcinoma,Cholangiocarcinoma,UNKNOWN,2025-06,Overall Survival,
NCT03799835,ALBAN,,UC-0160/1717,2017-004512-19,BCG; Bacillus Calmette Guerin (BCG) Medac®; OncoTice; Atezolizumab; MPDL3280A; Tecentriq®,atezolizumab,UNICANCER,Hoffmann-La Roche,Atezolizumab Plus One-year BCG Bladder Instillation in BCG-naive High-risk Non-muscle Invasive Bladder Cancer Patients,Bladder Cancer,ACTIVE_NOT_RECRUITING,2025-06,Event-Free Survival,
NCT05118776,,,ASC40-301,,ASC40 tablets; TVB-2640; Bevacizumab,asc40 tablets,"Ascletis Pharmaceuticals Co., Ltd.",,Study to Evaluate the Safety and Efficacy of ASC40 Tablets in Combination With Bevacizumab in Subjects With rGBM,Recurrent Glioblastoma,ACTIVE_NOT_RECRUITING,2025-06,Progression-free survival | Total survival,
NCT05189028,,,NACT-CC-001,,gemcitabine and cisplatin,,Chuangzhen Chen,,Study of Neoadjuvant Chemotherapy Versus Definite Concurrent Chemoradiotherapy for Locally Advanced Bulk Cervical Cancer,Cervical Cancer; Neoadjuvant Chemotherapy,UNKNOWN,2025-06,Overall survival,
NCT05518318,,R/R cHL,GLS-010-31,,GLS-010; GLS-010 therapy; Chemotherapy of Investigator's choice,gls-010,"Guangzhou Gloria Biosciences Co., Ltd.",,GLS-010 Monotherapy Versus Chemotherapy in Patients With Relapsed or Refractory Classical Hodgkin's Lymphoma (R/R cHL),Classic Hodgkin's Lymphoma; Recurrent Classic Hodgkin Lymphoma; Refractory Classic Hodgkin Lymphoma,UNKNOWN,2025-06,Progression Free Survival (PFS) assessed by Independent Radiologic Review Committee (IRRC) per Lugano Classification 2014,
NCT02625441,BOLD-1,,FBCG-01-2015,2015-002323-25,Pertuzumab; Perjeta; Trastuzumab; Herceptin,pertuzumab,Helsinki University Central Hospital,,"Adjuvant Trastuzumab, Pertuzumab Plus Docetaxel in the Treatment of Early HER2-positive Breast Cancer",Breast Cancer,ACTIVE_NOT_RECRUITING,2025-06-01,Invasive disease-free survival,
NCT05341583,,,BTP-42338,,Ensartinib; X-396,ensartinib,"Betta Pharmaceuticals Co., Ltd.",,Ensartinib as Adjuvant Treatment in Anaplastic Lymphoma Kinase (ALK) Positive Non-small Cell Lung Cancer,Non-small Cell Lung Cancer,UNKNOWN,2025-06-01,Disease free survival (DFS),
NCT05430399,,,SYSU-2022-UCAN,,utidelone; docetaxel,utidelone,Sun Yat-sen University,"Beijing Biostar Pharmaceuticals Co., Ltd.; Hunan Cancer Hospital",Utidelone Versus Docetaxel in HER2-negative Locally Advanced or Metastatic Breast Cancer,Breast Neoplasms; Locally Advanced or Metastatic Breast Cancer,RECRUITING,2025-06-01,Progression Free Survival (PFS),
NCT04906993,,,SHR-1210-III-329,,camrelizumab； famitinib malate; platinum-based chemotherapy,camrelizumab； famitinib malate,"Jiangsu HengRui Medicine Co., Ltd.",,Camrelizumab Combined With Famitinib Malate for Treatment of Recurrent/Metastatic Cervical Cancer,Cervical Cancer,ACTIVE_NOT_RECRUITING,2025-06-10,Progression-free survival (PFS) assessed by the BIRC based on RECIST V1.1 criteria | Overall survival (OS),
NCT02967289,IROCAS,,UC-0110/1609_PRODIGE52/UCGI29,2016-001491-29,Irinotecan; Campto; Folfox Protocol; acid folinic + oxaliplatine + 5-FU,irinotecan,UNICANCER,Canadian Cancer Trials Group; GONO GROUP,IRinotecan and Oxaliplatin for Colon Cancer in Adjuvant Setting,Colon Cancer (High-risk Stage III: pT4N1 or pT1 to 4 N2),COMPLETED,2025-06-15,Disease Free Survival (DFS),
NCT05673590,,,BG01-2101,,Utidelone Injection; Docetaxel Injection,utidelone injection,"Beijing Biostar Pharmaceuticals Co., Ltd.",,Utidelone Versus Docetaxel in Patients With Locally Advanced or Metastatic Non-Small Cell Lung Cancer,Locally Advanced or Metastatic Non-Small Cell Lung Cancer,UNKNOWN,2025-06-15,Overall Survival,
NCT03009981,,,AFT-19,,Apalutamide; Erleada; LHRH Analogue; Degarelix (Firmagon); Leuprolide (Lupron) and Bicalutamide; Abiraterone Acetate; Zytiga; Prednisone; Deltasone,apalutamide,"Alliance Foundation Trials, LLC.","Janssen Research & Development, LLC",A Study of Androgen Annihilation in High-Risk Biochemically Relapsed Prostate Cancer,Prostate Cancer,COMPLETED,2025-06-25,PSA progression-free survival in the intent-to-treat population,
NCT03635021,CR-SEQUENCE,,TTD-18-01,,FOLFOX regimen; Panitumumab; Bevacizumab; FOLFIRI regimen,folfox regimen,Spanish Cooperative Group for the Treatment of Digestive Tumours (TTD),Amgen,"Study to Evaluate the Efficacy of FOLFOX + Panitumumab Followed by FOLFIRI + Bevacizumab (Sequence 1) Versus FOLFOX + Bevacizumab Followed by FOLFIRI + Panitumumab (Sequence 2) in Untreated Patients With Wild-type RAS Metastatic, Primary Left-sided, Unresectable Colorectal Cancer",Colorectal Cancer,ACTIVE_NOT_RECRUITING,2025-06-28,Progression-free survival rate at 35 months,
NCT02441933,,PEARLY Trial,4-2015-0074,,taxane plus carboplatin; Taxane,taxane plus carboplatin,Yonsei University,,Carboplatin in EARLY Triple Negative Breast Cancer Trial (PEARLY Trial),Breast Cancer,UNKNOWN,2025-06-30,5-year event-free survival (EFS),
NCT05051891,,,ICP-CL-00113,,Orelabrutinib and R-CHOP; R-CHOP,orelabrutinib and r-chop,"Beijing InnoCare Pharma Tech Co., Ltd.",,"A Randomized, Open-label, Multi-center, Phase III Study of Orelabrutinib in Combination With Rituximab, Cyclophosphamide, Doxorubicin, Vincristine, and Prednisone (R-CHOP) vs. R-CHOP Alone in Patients With Treatment-naїve Mantle Cell Lymphoma",Treatment-naїve Mantle Cell Lymphoma,COMPLETED,2025-06-30,PFS,
NCT05735145,,,124502004985979665,,paclitaxel combined with platinum; Adjuvant chemotherapy with paclitaxel combined with platinum,,Fourth Affiliated Hospital of Guangxi Medical University,,Concurrent Chemoradiotherapy Combined With Adjuvant Chemotherapy Treated Advanced Cervical Cancer,Uterine Cervical Neoplasms; Chemoradiotherapy; Adjuvant Chemotherapy,RECRUITING,2025-06-30,PFS,
NCT06089369,,,Adjuvant-01,,Sintilimab (9 cycles); IBI 308; Sintilimab (18 cycles); Active surveillance,sintilimab,Tongji Hospital,,Postoperative Adjuvant Sintilimab in Hepatocellular Carcinoma With Microvascular Invasion,Hepatocellular Carcinoma,NOT_YET_RECRUITING,2025-06-30,Recurrence-Free Survival (RFS),
NCT02465736,,NEOCRTEC308,NEOCRTEC-2.0,,Docetaxel; Docetaxel in Arm A; Cisplatin; Cisplatin in Arm A; Radiation; IMRT; Surgery; Esophagectomy; Vinorelbine; Vinorelbine in Arm B; Cisplatin in Arm B,docetaxel,Sun Yat-sen University,,Study of Docetaxel or Vinorelbine Plus Cisplatin in Neoadjuvant Chemoradiotherapy for Esophageal Cancer (NEOCRTEC308),Esophageal Squamous Cell Carcinoma; Esophageal Cancer; Oesophageal Cancer,UNKNOWN,2025-07,Overall survival | Toxicities of neo-adjuvant chemoradiotherapy,
NCT04167007,GEMFOX,,D20180177,2019-001364-30,Gemcitabine; FOLFOX,,Assistance Publique - Hôpitaux de Paris,,FOLFOX vs Gemcitabine in Patients With Metastatic Pancreatic Cancer Non-fit to FOLFIRINOX,Pancreatic Adenocarcinoma,UNKNOWN,2025-07,Overall survival (OS) at 24 months,
NCT04453813,,,SYSUCC-MYC-2020-2101,,Toripalimab plus concurrent chemo-radiotherapy; Concurrent chemo-radiotherapy,toripalimab plus concurrent chemo-radiotherapy,Sun Yat-sen University,"Affiliated Cancer Hospital & Institute of Guangzhou Medical University; Zhongshan People's Hospital, Guangdong, China; Yuebei People's Hospital; Wuzhou Red Cross Hospital; Fifth Affiliated Hospital, Sun Yat-Sen University",Toripalimab Plus Concurrent Chemo-radiotherapy for Unresectable Locally Recurrent Nasopharyngeal Carcinoma,Nasopharyngeal Carcinoma; Chemotherapy; Radiotherapy; PD-1 Treatment,RECRUITING,2025-07,Progress-free survival (PFS),
NCT04757337,GERICO14,,UC-0103/1802,2018-000542-20,Doxorubicin; Cyclophosphamide; Endoxan®,cyclophosphamide,UNICANCER,,Comparison of Oral Cyclophosphamide vs Doxorubicin in ≥65 Years Old Advanced or Metastatic Soft Tissue Sarcoma Patients,Advanced Soft-tissue Sarcoma; Metastatic Soft-tissue Sarcoma,UNKNOWN,2025-07,Progression-free survival (PFS),
NCT05427669,AFFORD,,GIHSYSU-24,,mFOLFOXIRI; Oxaliplatin; Irinotecan; 5-Fluorouracil; Leucovorin; mFOLFOX6,mfolfoxiri,Yanhong Deng,,Adjuvant mFOLFOXIRI vs. mFOLFOX6 in MRD Positive Stage II-III Colorectal Cancer (AFFORD),Colorectal Cancer,NOT_YET_RECRUITING,2025-07-01,3-year Disease-free Survival (DFS),
NCT05476432,,,SH-5,,HAIC; FOLFOX 2d; FOLFOX 1d,folfox 1d,Sun Yat-sen University,Guangzhou No.12 People's Hospital; First People's Hospital of Foshan,HAIC With One-day FOLFOX vs. HAIC With Two-day FOLFOX for Unresectable HCC: a Non-inferiority Study,Hepatocellular Carcinoma,UNKNOWN,2025-07-01,Overall survival,non-inferiority mentioned
NCT06486220,,,2023-FXY-120,,Intestinal bacteria freeze-dried powder capsules; 5-FU+DDP+anti-PD-1 mAb,intestinal bacteria freeze-dried powder capsules,Yun-fei Xia,,"PFLL Combined With PD-1 Antibody With or Without FMT for Oligometastatic NPC,a Phase III ,Open, Randomized Clinical Trial.",Nasopharyngeal Carcinoma,UNKNOWN,2025-07-01,PFS,
NCT04961970,,,S035B,,"oxaliplatin , fluorouracil, and leucovorin; gemcitabine and cisplatin","oxaliplatin , fluorouracil, and leucovorin",Shi Ming,,HAIC With FOLFOX Versus Systemic Chemotherapy With GP for Unresectable ICC,Intrahepatic Cholangiocarcinoma,UNKNOWN,2025-07-09,Overall survival,
NCT06201065,,,SA23,,"Hepatic arterial infusion chemotherapy; Lenvatinib; Toripalimab; oxaliplatin , fluorouracil, and leucovorin",toripalimab,Sun Yat-sen University,,FOLFOX-HAIC Plus Lenvatinib and Toripalimab vs. FOLFOX-HAIC Plus Lenvatinib for Advanced Hepatocellular Carcinoma: a Randomized Controlled and Double-blind Trial,Hepatocellular Carcinoma,RECRUITING,2025-07-26,Overall Survival (OS),
NCT02416388,BIG-1,,49RC10_0046,,Idarubicin; Daunorubicin; HD Cytarabine; Cyclosporine; Methotrexate; Mycophenolic acid (MPA); vosaroxin; ID cytarabine; Dexamethasone; Venetoclax,idarubicin,"University Hospital, Angers",,"Study to Improve OS in 18 to 60 Year-old Patients, Comparing Daunorubicin Versus High Dose Idarubicin Induction Regimens, High Dose Versus Intermediate Dose Cytarabine Consolidation Regimens, and Standard Versus MMF Prophylaxis of GvHD in Allografted Patients in First CR",Acute Myeloid Leukemia (AML),RECRUITING,2025-07-30,Overall survival | Cumulative incidence (CI) of acute Graft versus Host Disease (GvHD) of grade II to IV | Disease free survival,
NCT05755048,,,FS-1502-III1-01,,"Investigational drug: Recombinant Anti-HER2 Humanized Monoclonal Antibody - Monomethyl Auristatin F Conjugates for Injection (FS-1502); Control drug: Trastuzumab emtansine (Kadcyla, T-DM1)",investigational drug: recombinant anti-her2 humanized monoclonal antibody - monomethyl auristatin f conjugates for injection,Shanghai Fosun Pharmaceutical Industrial Development Co. Ltd.,,FS-1502 Versus T-DM1 for HER2-Positive Unresectable Locally Advanced or Metastatic Breast Cancer,Breast Cancer,UNKNOWN,2025-07-30,"Progression-Free Survival (PFS) Based on Independent Central Review (ICR) in Participants With HER2-Positive, Unresectable locally advanced or Metastatic Breast Cancer Previously Treated With Trastuzumab and Taxane.",
NCT05767892,,,SZPH-2023-001,,YK-209A tablet; Pemetrexed+carboplatin/Cisplatin,yk-209a tablet,"Suzhou Puhe Pharmaceutical Technology Co., LTD",,YK-029A as First-Line Treatment Versus Platinum-Based Chemotherapy for Non-Small Cell Lung Cancer (NSCLC) With EGFR Exon 20 Insertion Mutations,Advanced/Metastatic Non-Small Cell Lung Cancer (NSCLC),NOT_YET_RECRUITING,2025-07-30,Progression Free Survival (PFS) as Assessed by Blinded Independent Review Committee (IRC) per Response Evaluation Criteria in Solid Tumors (RECIST) Version 1.1 .,
NCT04521153,,,ZS-ZJ-SK-2020,,Camrelizumab; Apatinib Mesylate; Radical surgery,camrelizumab,Shanghai Zhongshan Hospital,,Camrelizumab Combined With Apatinib Mesylate for Perioperative Treatment of Resectable Hepatocellular Carcinoma,Hepatocellular Carcinoma; Immunotherapy; Molecular Targeted Therapy,ACTIVE_NOT_RECRUITING,2025-07-31,Event-free survival (EFS) assessed by investigator | The rate of subjects of major pathological response (MPR),
NCT06569420,,,SAF-189-III101,,Drug: Foritinib Succinate; SAF-189s; Drug: Crizotinib,,Shanghai Fosun Pharmaceutical Industrial Development Co. Ltd.,,Study Of Comparing SAF-189s With Crizotinib In First Line ALK-Positive Advanced and Metastatic NSCLC,Non-Small Cell Lung Cancer; ALK-positive; SAF-189s,ACTIVE_NOT_RECRUITING,2025-07-31,Progression-free survival (PFS) by IRC | Overall survival (OS) | Progression-free survival (PFS) by INV | Objective Response Rate (ORR) by IRC and INV | Duration of response (DOR) by IRC and INV | to evaluate the C-ORR in patient with CNS metastases. | to assess the C-TTR in patient who have as CNS objective response | to assess the C-DOR in patient who have as CNS objective response. | to assess the C-TTP in patient who have as CNS objective response. | The time to CNS progression in ITT by IRC. | Incidence of adverse events. | Health-Related Quality of Life (HRQoL) by EORTC Quality of Life Questionnaire C30 Score | Health-Related Quality of Life (HRQoL) by EORTC Quality of Life Questionnaire LC13 Score,
NCT01649830,,,2012012,,Radiotherapy; Temozolomide,temozolomide,Sun Yat-sen University,,Efficacy of Post-radiation Adjuvant Temozolomide Chemotherapy in Residue Low-grade Glioma,Astrocytoma; Oligodendroglioma; Oligodendroastrocytoma,UNKNOWN,2025-08,Progression-free survival,
NCT04288999,JCOG1801,RC-SURVIVE Study,JCOG1801,,Chemotherapy; CAPOX or mFOLFOX6 or capecitabine or 5-FU+l-LV; Preoperative radiotherapy; Capecitabine plus radiotherapy; Procedure; Surgery,,National Cancer Center Hospital East,Japan Clinical Oncology Group; Japan Agency for Medical Research and Development,Surgery Plus Chemo Versus Chemoradiotherapy Followed by Surgery Plus Chemo for Locally Recurrent Rectal Cancer,Rectal Cancer Recurrent,RECRUITING,2025-08,Locally recurrent free survival,
NCT04670029,PHARAOM,,WP-2020-03,2019-A02248-49,Adapted physical activity,,Weprom,,Impact of an APA Program on EFS in Patients With Diffuse Large-cell B Lymphoma Treated in 1st Line,Diffuse Large B Cell Lymphoma,RECRUITING,2025-08,To detect an absolute difference of 15% in event-free survival between the 2 groups,
NCT05797831,,,KRT-232-118,ENGOT en-21; GOG-3089,Navtemadlin; KRT-232,navtemadlin,"Kartos Therapeutics, Inc.",European Network of Gynaecological Oncological Trial Groups (ENGOT); GOG Foundation,Study of Navtemadlin as Maintenance Therapy in TP53WT Advanced or Recurrent Endometrial Cancer,Endometrial Cancer,RECRUITING,2025-08,Part 1: To determine the navtemadlin Phase 3 dose | Part 2: To compare progression-free (PFS) survival by independent review committee (IRC) between navtemadlin and placebo,
NCT05922345,,,TQB2450-AL2846-III-01,,,,"Chia Tai Tianqing Pharmaceutical Group Co., Ltd.",,Evaluation of the Efficacy and Safety of AL2846 Capsule Combined With TQB2450 Injection Compared to Docetaxel Injection in Advanced Non-small Cell Lung Cancer Patients Who Have Failed With Immunotherapy.,Non-small Cell Lung Cancer,UNKNOWN,2025-08,Overall survival (OS),
NCT05954442,BCTOP-T-M03,,SCHBCC-N058,,Everolimus; Afinitor; Investigator's Choice of Chemotherapy; ICC,everolimus,Fudan University,,Everolimus With Investigator's Choice of Chemotherapy in Advanced Triple-Negative Breast Cancer (TNBC) With Luminal Androgen Receptor (LAR) Subtype,Triple Negative Breast Cancer; Metastatic Breast Cancer; Mutation,UNKNOWN,2025-08,Progression-free survival (PFS),
NCT04268888,TACE-3,,CA209-9Y9,,Nivolumab and TACE/TAE; TACE/TAE,nivolumab and tace/tae,The Clatterbridge Cancer Centre NHS Foundation Trust,,Nivolumab in Combination With TACE/TAE for Patients With Intermediate Stage HCC,Hepatocellular Carcinoma,SUSPENDED,2025-08-01,Overall Survival - phase III primary outcome | Time to TACE Progression (TTTP) - phase II primary outcome,
NCT05990127,,NSCLC,AK104-307,,AK104; Tislelizumab; carboplatin; Pemetrexed; Paclitaxel,ak104,Akeso,,A Study of AK104/Tislelizumab With Chemotherapy as First-line Treatment in PD-L1 TPS < 1% Non-small Cell Lung Cancer,Locally Advanced or Metastatic NSCLC,NOT_YET_RECRUITING,2025-08-05,Overall Survival(OS) | Progression-Free Survival(PFS) by investigator(INV),
NCT05994339,,,20220808,,Almonertinib; Intensity-Modulated Radiation Therapy(IMRT),,Laibin People's Hospital,,Radiotherapy Combined With Almonertinib for Stage III EGFR-Mutated Lung Cancer,Lung Cancer Stage III,UNKNOWN,2025-08-08,overall survival(OS),
NCT04619433,,,SHR-1210-III-324,,Camrelizumab; Pemetrexed and Carboplatin; Famitinib; SHR1210,camrelizumab;pemetrexed and carboplatin; famitinib;,"Jiangsu HengRui Medicine Co., Ltd.",,A Study to Evaluate SHR-1210 in Combination With Famitinib Plus Chemotherapy in Subjects With NSCLC.,Non-squamous Non-small-cell Lung Cancer,TERMINATED,2025-08-16,Part 1：Serum concentrations of Camrelizumab | Part 1：Plasma concentrations of Famitinib | Part 1：Area Under the Plasma Concentration Versus Time Curve (AUC) of Famitinib. | Part 1：Maximum Concentration (Cmax) of Famitinib. | Part 1：Time to Maximum Concentration (Tmax) of Famitinib. | Part 1：Half-life (t1/2 z) of Famitinib. | Part 1：Apparent Clearance (CL/F) of Famitinib | Part 1：Vz/F of Famitinib. | Part 2: Progression-free Survival (PFS) as Assessed by BICR according to RECIST 1.1.,
NCT05130866,POPLAR-NF2,,REC-2282-201,,REC-2282; AR-42; OSU-HDAC42; NSC-D736012,rec-2282,Recursion Pharmaceuticals Inc.,,Efficacy and Safety of REC-2282 in Patients With Progressive Neurofibromatosis Type 2 (NF2) Mutated Meningiomas,Neurofibromatosis Type 2,TERMINATED,2025-08-18,Cohort A: Number of Participants with Progression-free survival (PFS) at 6 Months | Cohort B: Number of Participants with PFS up to 3 years,
NCT05594927,BESTPOP,,SNG2111-ICR-1,,Icaritin; Huachansu,icaritin,"Beijing Shenogen Biomedical Co., Ltd",,"Icaritin Soft Capsule Versus Huachansu Tablet in the First-line Treatment of Unresectable Hepatocellular Carcinoma With Poor Conditions and Biomarker Enrichment (Biomarker Enrichment Study of Poor Prognosis HCC Patients, BESTPOP)",Hepatocellular Carcinoma,UNKNOWN,2025-08-30,Overall survival (OS),
NCT02455245,,,LGG 14C03,,Carboplatin and Vincristine; Carboplatin,,Alicia Lenzen,,A Study Comparing Two Carboplatin Containing Regimens for Children and Young Adults With Previously Untreated Low Grade Glioma,Low Grade Glioma,COMPLETED,2025-08-31,Progression-free survival,
NCT03556839,BEATcc,,ENGOT-Cx10 / BEATcc,2018-000367-83; ENGOT-Cx10; GEICO 68-C; JGOG1084; GOG-3030; 2024-514179-17-00,Atezolizumab; Tecentriq; Bevacizumab; Avastin; Cisplatin/Carboplatin; Paclitaxel,atezolizumab,Grupo Español de Investigación en Cáncer de Ovario,ARCAGY/ GINECO GROUP; Multicenter Italian Trials in Ovarian cancer and gynecologic malignancies; MaNGO; NSGO; Japanese Gynecologic Oncology Group; Gynecologic Oncology Group Foundation; AGO Study Group; Apices Soluciones S.L.; Hoffmann-La Roche,Platinum Chemotherapy Plus Paclitaxel With Bevacizumab and Atezolizumab in Metastatic Carcinoma of the Cervix,"Carcinoma of the Cervix, Stage IVB",COMPLETED,2025-08-31,Progression-free survival | Overall survival,
NCT05495152,,HCHTOG2203,HCHTOG2203,,Sintilimab,sintilimab,Henan Cancer Hospital,,Adjuvant Sintilimab for Locally Advanced Esophageal Squamous Cell Carcinoma,Esophageal Squamous Cell Carcinoma,RECRUITING,2025-08-31,Disease-free Survival (DFS),
NCT03423199,PATHWAY,,NCCH1607,WI217662,Palbociclib; PD-0332991; Tamoxifen; Goserelin,palbociclib,"National Cancer Center, Japan",Pfizer; Korean Cancer Study Group,"PAlbociclib Plus Tamoxifen for the Treatment of Hormone Receptor-positive, HER2-negative Advanced Breast Cancer Women - Asian studY",Breast Neoplasms,UNKNOWN,2025-09,Progression-free survival (PFS),
NCT05063136,,,HELEN-008,,Capecitabine+endocrine therapy; Experimental group; Control group,capecitabine+endocrine therapy,Henan Cancer Hospital,,Adjuvant Metronomic Capecitabine Plus Endocrine Therapy for HR+/HER2- Primary Breast Cancer,Breast Cancer,RECRUITING,2025-09,Invasive disease-free survival (iDFS),
NCT06669013,FollowTheDIN,,821052021,,dinutuximab beta,dinutuximab beta,N.N. Petrov National Medical Research Center of Oncology,,Chemo-immunotherapy in Patients Under 18 Years of Age With Bone and Soft Tissue Sarcomas,Bone Sarcoma; Embryonal Rhabdomyosarcoma; Alveolar Rhabdomyosarcoma,RECRUITING,2025-09,Progression-free survival (PFS),
NCT04442412,FIL_PREVID,,FIL_PREVID,,Vitamin D3 (Cholecalciferol); RCHOP o R-miniCHOP at standard doses,vitamin d3,Fondazione Italiana Linfomi - ETS,GRADE Onlus,Prephase Treatment With Prednisone +/- Vitamin D Supplementation Followed by Immunochemotherapy,Diffuse Large B-Cell Lymphoma; Elderly Patients,RECRUITING,2025-09-01,Progression-Free Survival,
NCT05519956,,,NPC008.1,,level Ib-covering IMRT; level Ib-sparing IMRT,,Fujian Cancer Hospital,,Elective Level Ib Irradiation in Nasopharyngeal Carcinoma Patients Based on the International Guidelines,Nasopharyngeal Carcinoma,UNKNOWN,2025-09-01,Regional relapse-free survival | level Ib recurrence rate,non-inferiority mentioned
NCT06241755,,NMIBC,KN-BCG-III,,BCG for Therapeutic Use; BCG,bcg for therapeutic use,"Chengdu CoenBiotech Co., Ltd",Sun Yat-Sen Memorial Hospital of Sun Yat-Sen University,Clinical Trial for Evaluating the Efficacy and Safety of BCG for Therapeutic Use in the Prevention of Postoperative Recurrence of Medium/High-risk Non-muscle Invasive Bladder Cancer (NMIBC),Non-Muscle Invasive Bladder Cancer,UNKNOWN,2025-09-01,1-year recurrence-free survival (1-year RFS%):,
NCT05223647,TRIPLEX,,EC#230766,2020203,Thoracic radiotherapy; Chemo-immunotherapy; carboplatin/etoposide/durvalumab,,Norwegian University of Science and Technology,"St. Olavs Hospital; Haukeland University Hospital; University Hospital of North Norway; Alesund Hospital; Helse Stavanger HF; Oslo University Hospital; Helse Nord-Trøndelag HF; Helse Fonna; Drammen sykehus; University Hospital, Akershus; Erasmus Medical Center; Sahlgrenska University Hospital; Karolinska University Hospital; Gävle Hospital; Sykehuset Innlandet HF; North Estonia Medical Centre; Nordlandssykehuset HF; Landspitali University Hospital; Lund University Hospital; University Hospital, Linkoeping",Chemo-immunotherapy Plus Thoracic Radiotherapy in Extensive Stage Small-cell Lung Cancer,Small-cell Lung Cancer,TERMINATED,2025-09-04,Change in 1-year overall survival,
NCT02867865,POLCAGB,,1652,,Gemcitabine; Gemcite; Gemzar; Cisplatin; Cytoplat; Chemoradiation; Intensity modulated radiotherapy; PETCECT; PET scan; Laparoscopy; Diagnostic laparoscopy,,Tata Memorial Hospital,,Perioperative Therapy Preoperative Chemotherapy Versus Chemoradiotherapy in Locally Advanced Gall Bladder Cancers,Gall Bladder Cancers,ACTIVE_NOT_RECRUITING,2025-09-10,Overall Survival,
NCT04732598,AMBITION,,JCOG1919E,,Paclitaxel + bevacizumab therapy; Paclitaxel + bevacizumab + atezolizumab,paclitaxel + bevacizumab + atezolizumab,Japanese Foundation for Cancer Research,Chugai Pharmaceutical,A Phase III Study of Bevacizumab and Paclitaxel in Combination With Atezolizumab as a Treatment for Locally Advanced Unresectable or Metastatic Hormone Receptor-positive HER2 Negative Breast Cancer,Breast Cancer,COMPLETED,2025-09-12,Progression-free Survival (investigator-assessed),
NCT05547529,,,ENCHENEC,,Patients undergoing neoadjuvant chemoradiotherapy plus Ivory-Lewis or McKeown esophagectomy.; Patients undergoing neoadjuvant chemotherapy plus Ivory-Lewis or McKeown esophagectomy,,Blokhin's Russian Cancer Research Center,,The Efficacy of Neoadjuvant Chemoradiotherapy in Comparison With Neoadjuvant Chemotherapy in Patients With Resectable Squamous Cell Esophageal Cancer,Esophageal Cancer,RECRUITING,2025-09-14,Disease-free survival,non-inferiority mentioned
NCT03348150,PERISCOPEII,,M15PEC,2015-005695-15; NL56123.031.15,Cytoreductive surgery + Gastrecomy; Hyperthermic Intraperitoneal Chemotherapy (HIPEC); HIPEC,hyperthermic intraperitoneal chemotherapy,The Netherlands Cancer Institute,Erasmus Medical Center; UMC Utrecht; University Medical Center Groningen; Catharina Ziekenhuis Eindhoven,Gastrectomy + Cytoreductive Surgery + HIPEC for Gastric Cancer With Peritoneal Dissemination.,Stomach Neoplasm; Peritoneal Carcinomatosis,ACTIVE_NOT_RECRUITING,2025-09-17,overall survival,
NCT04547166,,mCRC,HLX10-015-CRC301,,HLX10; serplulimab; HLX04、; Bevacizumab,hlx10,Shanghai Henlius Biotech,,A Clinical Study to Evaluate Efficacy and Safety of Serplulimab（HLX10） Combined With Bevacizumab（HLX04) and Chemotherapy (XELOX) in Patients With Metastatic Colorectal Cancer (mCRC),Metastatic Colorectal Cancer,RECRUITING,2025-09-24,PFS,
NCT03671252,,,FAVORE Trial,,FOLFOXIRI; XELOX; Chemoradiotherapy; TME operation; efficacy evaluation,folfoxiri,Sun Yat-sen University,,Prospectively Randomized Control Clinical Trial of FOLFOXIRI Preoperative Chemotherapy Alone on Rectal Cancer in Local Advance Comparing to Oral Capecitabine Combined With Long-term Radiation,Rectal Cancer,RECRUITING,2025-09-25,3-year disease free survival rate,
NCT06190782,,,ESO-Shanghai20,,PD-1 inhibitor+/- chemotherapy combined with local therapy; systemic therapy alone; the systemic therapy only,pd-1 inhibitor+/- chemotherapy combined with local therapy,Fudan University,,Local Therapy for Oligometastatic ESCC Patients Treated With PD-1 Inhibitor,Esophageal Squamous Cell Carcinoma; Oligometastatic Disease; Radiotherapy,RECRUITING,2025-09-27,Progression-free survival difference of PD-1 inhibitor+radiotherapy and PD-1 inhibitor alone,
NCT02435953,TORCH,,2014-FXY-089,,TACE; RFA,,Ming Zhao,,TACE+RFA Versus TACE Alone for Intermediate-stage Hepatocellular Carcinoma,"Hepatocellular Carcinoma; Chemoembolization, Therapeutic; Ablation Techniques, RFA",COMPLETED,2025-10,Progression-free survival (PFS) according to Response Evaluation Criteria in Solid Tumors (RECIST) v1.1 (PFS-R),
NCT04027309,HOVON 156 AML,HOVON 156 AML / AMLSG 28-18,HO156,2018-000624-33; AMLSG 28-18; Pasha,Gilteritinib; ASP2215; Midostaurin; Rydapt,gilteritinib,Stichting Hemato-Oncologie voor Volwassenen Nederland,"Deutsch-Österreichische Studiengruppe Akute Myeloische Leukämie (AMLSG); Astellas Pharma Global Development, Inc.",A Study of Gilteritinib Versus Midostaurin in Combination With Induction and Consolidation Therapy Followed by One-year Maintenance in Patients With Newly Diagnosed Acute Myeloid Leukemia or Myelodysplastic Syndromes With Excess Blasts-2 With FLT3 Mutations Eligible for Intensive Chemotherapy,Acute Myeloid Leukemia; Myelodysplastic Syndrome With Excess Blasts-2,ACTIVE_NOT_RECRUITING,2025-10,Overal survival (OS),
NCT05754853,,,MRG002-010,,MRG002; Docetaxel Injection; Paclitaxel Injection; Gemcitabine Hydrochloride for Injection; Pemetrexed Disodium Injection,docetaxel injection,Shanghai Miracogen Inc.,,A Study of MRG002 Versus Investigator's Choice of Chemotherapy in the Treatment of Patients With HER2-positive Unresectable Advanced or Metastatic Urothelial Cancer,Advanced or Metastatic Urothelium Cancer,RECRUITING,2025-10,Overall Survival (OS) | Progression-Free Survival (PFS) by Independent Review Committee (IRC),
NCT06097416,,,St. James's Hospital,,Neoadjuvant Chemoradiotherapy; NACRT; Total Neoadjuvant Therapy; TNT,,"St. James's Hospital, Ireland",,Neoadjuvant Chemoradiotherapy Versus Total Neoadjuvant Therapy in the Treatment of T3 Rectal Cancer,Rectal Cancer,NOT_YET_RECRUITING,2025-10,Overall survival,
NCT03456063,,IMpower030,GO40241,2023-504209-35-00,"Atezolizumab (MPDL3280A), an engineered anti-PD-L1 antibody; Tecentriq; Nab-paclitaxel; Abraxane; Pemetrexed; Alimta; Carboplatin; Cisplatin; Gemcitabine; Gemzar","atezolizumab , an engineered anti-pd-l1 antibody",Hoffmann-La Roche,,"A Study of Neoadjuvant Atezolizumab Plus Chemotherapy Versus Placebo Plus Chemotherapy in Patients With Resectable Stage II, IIIA, or Select IIIB Non-Small Cell Lung Cancer (IMpower030)",Non-Small-Cell Lung,COMPLETED,2025-10-01,Independent Review Facility (IRF)-Assessed Event Free Survival (EFS),
NCT03520686,,,QUILT-2.023,,NAI + Pembrolizumab; NAI + Nivolumab + Ipilimumab; NAI + Pembrolizumab + Carboplatin + Nab-paclitaxel or Paclitaxel; Cisplatin/Carboplatin + Pemetrexed + Pembrolizumab + NAI; Cisplatin/Carboplatin + Pemetrexed + Atezolizumab + NAI; Carboplatin + Paclitaxel + Atezolizumab + Bevacizumab + NAI; Carboplatin + Nab-paclitaxel + Atezolizumab + NAI; Pembrolizumab; Pembrolizumab + Carboplatin + Nab-paclitaxel or Paclitaxel; Drug: Cisplatin/Carboplatin and Pemetrexed plus Pembrolizumab; Cisplatin/Carboplatin and Pemetrexed plus Atezolizumab; Carboplatin and Paclitaxel plus Atezolizumab and Bevacizumab; Carboplatin and Nab-paclitaxel plus Atezolizumab; Nogapendekin alfa inbakicept (NAI) + Nivolumab + Ipilimumab + Carboplatin + Nab-paclitaxel,nai + pembrolizumab,"ImmunityBio, Inc.",,Nogapendekin Alfa Inbakicept for Advanced Non-Small Cell Lung Cancer,Non Small Cell Lung Cancer,TERMINATED,2025-10-13,Progression Free Survival (PFS) | Change in absolute lymphocyte count (ALC).,
NCT07226752,,,GCT3013-05 Sub-study,CTR20221558,Epcoritamab; GEN3013; DuoBody®-CD3xCD20; EPKINLY™; Investigator's Choice Chemotherapy,epcoritamab,Genmab,AbbVie,A Sub-study Trial of Epcoritamab vs Investigator's Choice Chemotherapy in Relapsed/Refractory Diffuse Large B-cell Lymphoma (R/R DLBCL) in China,Diffuse Large B-Cell Lymphoma,ACTIVE_NOT_RECRUITING,2025-10-13,Overall Survival (OS),
NCT04157985,,,HCC 19-135,,Continue PD-1/PD-L1 Inhibitors treatment; Keytruda (pembrolizumab); Optiva (nivolumab); Tecentriq (atezolizumab); Yervoy (ipilimumab); LIBTAYO (cemiplimab); Discontinue PD-1/PD-L1-1 inhibitor,,Dan Zandberg,,Evaluating Length of Treatment With PD-1/PD-L1 Inhibitor in Advanced Solid Tumors,Advanced Solid Tumors; NSCLC; Bladder Cancer; HNSCC; Renal Cancer; Melanoma; Anal Cancer; Colorectal Cancer; Cholangiocarcinoma; Gastric Cancer; Hepatocellular Carcinoma; Merkel Cell Carcinoma; Cervical Cancer,COMPLETED,2025-10-14,Time to next treatment | Progression-free Survival (PFS) (at between 2-3.9 months) | Progression-free Survival (PFS) (at between 4-7.9 months) | Progression-free Survival (PFS),
NCT04702009,,,2021HY017,,Chemoimmunotherapy (CIT): Sintilimab + Platinum-Based Doublet Chemotherapy,,"Shanghai Pulmonary Hospital, Shanghai, China",,Efficacy and Safety of First-line Anti-PD-1/PD-L1 Monoclonal Antibody in Combination With Chemotherapy and Bronchoscopy-assisted Interventional Therapy in Patients With Advanced Central Non-small Cell Lung Cancer,Advanced Lung Carcinoma; Non-small Cell Lung Cancer,COMPLETED,2025-10-17,progression free survival (PFS),
NCT05144854,,Including Esophagogastric Junction Cancer,ONO-4538-113,,ONO-4538; Nivolumab; Opdivo; Ipilimumab; BMS-734016; Yervoy; Oxaliplatin; Capecitabine; S-1; Tegafur-gimeracil-oteracil potassium,ono-4538,"Ono Pharmaceutical Co., Ltd.",,A Study to Evaluate the Efficacy and Safety of ONO-4538 in Combination With Ipilimumab and Chemotherapy in Chemotherapy-naïve Participants With HER2-negative Unresectable Advanced or Recurrent Gastric Cancer (Including Esophagogastric Junction Cancer),Gastric Cancer,ACTIVE_NOT_RECRUITING,2025-10-20,Overall survival (OS),
NCT06664983,,,B2024-581-02,,"TPC chemotherapy; NAB-paclitaxel, cisplatin, and capecitabine; cadonilimab combined TPC chemotherapy; cadonilimab combined NAB-paclitaxel, cisplatin, and capecitabine",cadonilimab combined tpc chemotherapy,Sun Yat-sen University,,TPC Combined With Cadonilimab VS. TPC Alone in Anti-PD-1 Resistant Recurrent or Metastatic Nasopharyngeal Carcinoma,Nasopharyngeal Cancinoma (NPC),ACTIVE_NOT_RECRUITING,2025-10-21,progression-free survival,
NCT06371157,,,AK104-308,,AK104; Lenvatinib; TACE,lenvatinib,Akeso,,A Study of AK104+Lenvatinib in Combination With Transarterial Chemoembolization (TACE) Versus TACE in Participants With Incurable/Non-metastatic Hepatocellular Carcinoma,Hepatocellular Carcinoma,RECRUITING,2025-10-25,Progression-free Survival (PFS) per Response Evaluation Criteria in Solid Tumors Version 1.1 (RECIST 1.1),
NCT05991908,,MDS,MBF-FB4,,"Fludarabine, busulfan and melphalan; Fludarabine and Busulfan","fludarabine, busulfan and melphalan",Shanghai Jiao Tong University School of Medicine,,Randomized Study of Conditioning of Fludarabine Combined With Single or Dual Alkylating Agents in Myeloid Malignancies,Acute Myeloid Leukemia; Myelodysplastic Syndromes,RECRUITING,2025-10-30,disease-free survival,
NCT03070886,,,NRG-GU002,NCI-2016-00963; NRG-GU002; U10CA180868,"Bicalutamide; Casodex; Cassotide; Cosudex; ICI 176,334; ICI 176334; Utamide; Degarelix; ASP 3550; ASP-3550; ASP3550; FE 200486; FE-200486; FE200486; Firmagon; Docetaxel; Docecad; RP 56976; RP-56976; RP56976; Taxotere; Taxotere Injection Concentrate; External Beam Radiation Therapy; Definitive Radiation Therapy; EBRT; External Beam Radiation; External Beam Radiotherapy; External Beam Radiotherapy (conventional); External Beam RT; external radiation; External Radiation Therapy; external-beam radiation; Radiation, External Beam; Teleradiotherapy; Teletherapy; Teletherapy Radiation; Flutamide; 4'-Nitro-3'-trifluoromethylisobutyranilide; Apimid; Cebatrol; Chimax; Cytomid; Drogenil; Euflex; Eulexine; Flucinom; Flucinome; Flugerel; Fluken; Flulem; FLUT; Fluta-Gry; Flutabene; Flutacan; Flutamex; Flutamin; Flutan; Flutaplex; Fugerel; Grisetin; Niftolide; Oncosal; Profamid; Propanamide, 2-Methyl-N-(4-nitro-3-(trifluoromethyl)phenyl)-; Prostacur; Prostadirex; Prostica; Prostogenat; Sch 13521; Tafenil; Tecnoflut; Testotard; Goserelin; ICI-118630; Goserelin Acetate; ZDX; Zoladex; Laboratory Biomarker Analysis; Leuprolide; Leuprorelin; Leuprolide Acetate; A 43818; A-43818; A43818; Abbott 43818; Abbott-43818; Carcinil; Depo-Eligard; Eligard; Enanton; Enantone; Enantone-Gyn; Fensolvi; Ginecrin; LEUP; Leuplin; Leuprorelin Acetate; Lucrin; Lucrin Depot; Luprodex Depot; Lupron; Lupron Depot; Lupron Depot-3 Month; Lupron Depot-4 Month; Lupron Depot-Ped; Lutrate; Procren; Procrin; Prostap; TAP 144; TAP-144; TAP144; Trenantone; Uno-Enantone; Viadur; Nilutamide; Anandron; Nilandron; RU-23908",docetaxel,NRG Oncology,National Cancer Institute (NCI),Antiandrogen Therapy and Radiation Therapy With or Without Docetaxel in Treating Patients With Prostate Cancer That Has Been Removed by Surgery,Stage I Prostate Adenocarcinoma AJCC v7; Stage II Prostate Adenocarcinoma AJCC v7; Stage III Prostate Adenocarcinoma AJCC v7,ACTIVE_NOT_RECRUITING,2025-10-31,Freedom from progression (FFP) (Phase II) | Metastasis free survival (MFS) (Phase III),
NCT05171166,,,Neo-TACE,,HAIC; TACE; FOLFOX; oxaliplatin; leucovorin; 5-fluorouracil; cTACE or DEB-TACE; EPI; Donafenib; Dona,folfox,Peking University,,Neoadjuvant HAIC of TACE Plus Donafenib in BCLC B Stage HCC: a Multi-center Randomized Controlled Trial.,Hepatocellular Carcinoma,TERMINATED,2025-10-31,Progression-free survival,
NCT05318612,EMITT,,NL79202.091.21,,Laser Interstitial Thermal Therapy (LITT); Biopsy,,Radboud University Medical Center,Dutch National Health Care Institute; ZonMw: The Netherlands Organisation for Health Research and Development; UMC Utrecht,Effectiveness of MR-guided LITT Therapy in Irresectable Glioblastoma (EMITT),Primary Glioblastoma,ACTIVE_NOT_RECRUITING,2025-10-31,Overall survival | Health Related Quality of Life (HR-QoL),
NCT02685605,INTRAGO-II,INTRAGO II,INTRAGO-II,ARO-2016-1; AG-NRO-03,Standard surgery; Intraoperative radiotherapy; IORT; Radiochemotherapy; Temozolomide,,Universitätsmedizin Mannheim,"Carl Zeiss Meditec AG; University of California, Los Angeles",Intraoperative Radiotherapy in Newly Diagnosed Glioblastoma Multiforme,Glioblastoma,ACTIVE_NOT_RECRUITING,2025-11,Median Progression-Free Survival,
NCT04320979,,,19/317-2101,,internal mammary nodal irradiation; no internal mammary nodal irradiation,,"Cancer Institute and Hospital, Chinese Academy of Medical Sciences","Hebei Medical University Fourth Hospital; Shanghai Zhongshan Hospital; Zhejiang Cancer Hospital; Beijing Hospital; Liaoning Cancer Hospital & Institute; Jilin Provincial Tumor Hospital; Tangshan People's Hospital; The First Hospital of Jilin University; West China Hospital; Peking Union Medical College Hospital; Henan Cancer Hospital; Zhongnan Hospital; Peking University Cancer Hospital & Institute; Fudan University; Taizhou Hospital of Zhejiang Province affiliated to Wenzhou Medical University; Air Force Military Medical University, China; Sun Yat-Sen Memorial Hospital of Sun Yat-Sen University; Chinese Academy of Medical Sciences, Fuwai Hospital; LanZhou University; Jiangsu Province Hospital of Traditional Chinese Medicine; Cancer Hospital Chinese Academy of Medical Science, Shenzhen Center",Postmastecomy Internal Mammary Nodal Irradiation for High-risk Breast Cancer Patients,Breast Cancer,ACTIVE_NOT_RECRUITING,2025-11-01,disease-free survival,
NCT04695925,TOP,,ESR-21-21647,,Osimertinib; Pemetrexed; Carboplatin,pemetrexed,"Li Zhang, MD",Cancer Hospital of Guangxi Medical University; First People's Hospital of Foshan; Henan Cancer Hospital,Osimertinib Monotherapy or Combination With Chemotherapy for Advanced NSCLC Concurrent EGFR and TP53 Mutations,Non-small Cell Carcinoma; EGFR Gene Mutation,ACTIVE_NOT_RECRUITING,2025-11-01,progression free survival,
NCT05613478,,,2022-SR-558,,Camrelizumab; Apatinib Mesylate; Radical surgery; Preoperative TACE treatment,camrelizumab,The First Affiliated Hospital with Nanjing Medical University,"Jiangsu Hengrui Pharmaceutical Co., Ltd.",Camrelizumab Combined With Apatinib Mesylate and TACE in the Perioperative Treatment of Hepatocellular Carcinoma,Hepatocellular Carcinoma; Immunotherapy; Preoperative,RECRUITING,2025-11-01,2 year event-free survival（2y-EFS）,
NCT05527470,,,GLMU-08,,"Gemcitabine,Cisplatin; Induction chemotherapy regimen; Intensity-modulated radiation therapy (IMRT); Cisplatin; Concurrent chemotherapy regimen",,Wei Jiang,Wuzhou Red Cross Hospital; People's Hospital of Guangxi Zhuang Autonomous Region; Lingshan County People's Hospital; Laibin People's Hospital; Nationalities Hospital of Guangxi Zhuang Autonomous Region,Induction Chemotherapy Followed by IMRT or Concurrent Chemoradiotherapy in Locoregionally Advanced Nasopharyngeal Carcinoma,Nasopharyngeal Carcinoma,RECRUITING,2025-11-11,Progression-free Survival,
NCT05114720,,,SYSUCC-015,,standard adjuvant chemotherapy plus moxifloxacin; Standard adjuvant chemotherapy (Docetaxel combined with cyclophosphamide or doxorubicin combined with cyclophosphamide followed by docetaxel) plus antibiotic (moxifloxacin),standard adjuvant chemotherapy plus moxifloxacin,Sun Yat-sen University,,Moxifloxacin in Adjuvant Treatment of Patients With Operable Breast Cancer,Breast Cancer,COMPLETED,2025-11-27,disease-free survival (DFS),
NCT03391934,,,CET.CIN.HR.96 (III),,Cetuximab + FOLFIRI; FOLFIRI = irinotecan + calcium folinate + 5-fluorouracil,,Cinnagen,,Comparing Efficacy and Safety of Cetuximab (CinnaGen) Versus Erbitux® (Merck) in Metastatic Colorectal Cancer,Metastatic Colorectal Cancer,UNKNOWN,2025-11-30,Progression Free Survival (PFS),
NCT03428477,EMT2,,MO16/053,,Icosapent Ethyl; Vascepa,icosapent ethyl,"Mark A Hull, PhD FRCP",Yorkshire Cancer Research; Amarin Pharma Inc.,EPA for Metastasis Trial 2,Liver Metastasis; Colon Cancer,ACTIVE_NOT_RECRUITING,2025-11-30,Progression Free Survival (PFS),
NCT01820858,EC-01,,2012-GYN/EC-01,,Paclitaxel; Paraplatin (Carboplatin Injection); Pelvic Radiation; Vaginal Brachytherapy 1; Vaginal brachytherapy 2,paclitaxel,Ding Ma,Shandong University; Huazhong University of Science and Technology; Zhejiang University,The Efficacy and Safety of the Postoperative Adjuvant Treatment in Patients With High-risk Stage I Endometrial Carcinoma,Endometrial Neoplasms,ACTIVE_NOT_RECRUITING,2025-12,Disease-free survival (DFS),
NCT01952223,PEACE2,,GETUG-AFU 23 - UC-0160/1202,2012-000566-38,Cabazitaxel; jevtana; Pelvic radiotherapy; prostate radiotherapy,cabazitaxel,UNICANCER,Sanofi,A Phase III of Cabazitaxel and Pelvic Radiotherapy in Localized Prostate Cancer and High-risk Features of Relapse,Adenocarcinoma of Prostate; Progression of Prostate Cancer,ACTIVE_NOT_RECRUITING,2025-12,progression free survival,
NCT02170090,ACTICCA-1,ACTICCA-1 Trial,ACTICCA-1,2024-517340-61-00; ACTRN12615001283561,Gemcitabine; Cisplatin; Capecitabine,gemcitabine,Universitätsklinikum Hamburg-Eppendorf,"Deutsche Krebshilfe e.V., Bonn (Germany); Cancer Research UK; Australasian Gastro-Intestinal Trials Group; Dutch Cancer Society",Adjuvant Chemotherapy With Gemcitabine and Cisplatin Compared to Standard of Care After Curative Intent Resection of Biliary Tract Cancer,Cholangiocarcinoma; Gall Bladder Carcinoma,ACTIVE_NOT_RECRUITING,2025-12,Disease free survival (DFS),
NCT02546102,,,ICT-107-301,,ICT-107,ict-107,Precision Life Sciences Group,Medelis Inc.,"Phase 3 Randomized, Double-blind, Controlled Study of ICT-107 in Glioblastoma",Glioblastoma Multiforme,SUSPENDED,2025-12,Overall survival,
NCT03351062,,,CYP2D6-1.1,,Tamoxifen; Tamoxifen citrate; Toremifene; fareston,,Chinese Anti-Cancer Association,"Fudan University; Henan Cancer Hospital; The First Hospital of Jilin University; Southwest Hospital, China; First Hospital of China Medical University; Guangdong Provincial People's Hospital; Harbin Medical University; First Affiliated Hospital of Chongqing Medical University; Sun Yat-Sen Memorial Hospital of Sun Yat-Sen University; Jiangsu Provincial People's Hospital; Cancer Institute and Hospital, Chinese Academy of Medical Sciences; Zhejiang Cancer Hospital; Tianjin Medical University Cancer Institute and Hospital; Union hospital of Fujian Medical University; Hebei Tumor Hospital; Hunan Cancer Hospital; Affiliated Hospital of Qinghai University; Wuhan TongJi Hospital; Hainan People's Hospital; The Third Affiliated Hospital of Kunming Medical College.; The Third Affiliated Hospital of Nanchang University",Efficacy of Tamoxifen Versus Toremifene in CYP2D6 IM/PM of Premenopausal Patients With ER-positive Early Breast Cancer,Breast Cancer Female,UNKNOWN,2025-12,Disease-Free Survival,
NCT03769506,,,ASP-1929-301,,ASP-1929 Photoimmunotherapy; Physician's Choice SOC,asp-1929 photoimmunotherapy,"Rakuten Medical, Inc.",,ASP-1929 Photoimmunotherapy (PIT) Study in Recurrent Head/Neck Cancer for Patients Who Have Failed at Least Two Lines of Therapy,Head and Neck Cancer,ACTIVE_NOT_RECRUITING,2025-12,Progression-Free Survival (PFS) | Overall Survival (OS),
NCT04314219,PTCy-PMAT,,2181104,Saudi FDA,Cyclophosphamide 50mg; Methotrexate,cyclophosphamide,King Faisal Specialist Hospital & Research Center,,Comparing Post-Transplant Cyclophosphamide As GVHD Prophylaxis to Standard of Care for Acute Leukemia Patients,Acute Lymphoblastic Leukemia (ALL) in Complete Remission; Acute Myeloid Leukemia (AML) in Remission,RECRUITING,2025-12,GRFS (GVHD-free/relapse-free survival),
NCT04716114,ALIVE,,HA114-CSP-003,,"SKLB1028; Salvage Chemotherapy; cytarabine, azacytidine, fludarabine, homoharringtonine, aclarubicin",sklb1028,"CSPC ZhongQi Pharmaceutical Technology Co., Ltd.",,A Study of SKLB1028 Versus Salvage Chemotherapy in Patients With Relapsed or Refractory (R/R) AML With FLT3-Mutated,Acute Myeloid Leukemia (AML),UNKNOWN,2025-12,Interim analysis: CR/CRh rate in the experimental group. | The final analysis: Overall Survival(OS),
NCT04861558,EFFIPEC,,EFFIPECv5,,5Fluorouracil; Fluorouracil Accord; Fluorouracil Tevo; Irinotecan; Irinotecan Accord; Irinotecan Actavis; Irinotecan Fresenius Kabi; Oxaliplatin; Oxaliplatin Accord; Oxaliplatin Teva; Oxaliplatin Fresenius Kabi,5fluorouracil,Uppsala University,,Efficacy of Hyperthermic Intraperitoneal Chemotherapy,Colorectal Cancer; Peritoneal Metastases,RECRUITING,2025-12,Recurrence-free survival,
NCT05236946,,,CTRI/2020/08/027279,IEC/3470,Stereotactic radiosurgery/whole brain radiotherapy; Tyrosine kinase inhibitor,,Tata Memorial Hospital,,Observation or Upfront Cranial RT in Oncogene Mutated NSCLC With Asymptomatic BM: A Phase III RCT,Asymptomatic Brain Metastases; Driver Mutation Positive Non-small Cell Lung Cancer,RECRUITING,2025-12,Intracranial progression free survival at 24 months,
NCT06143553,,,SHYZ-ZSCJS-RXⅢ-01,,Paclitaxel Polymeric Micelles for Injection; Eribulin Mesilate injection; Capecitabine Tablets; Gemcitabine Hydrochloride for Injection; Vinorelbine Tartrate Injection; Paclitaxel (albumin-bound),paclitaxel polymeric micelles for injection,"Shanghai Yizhong Pharmaceutical Co., Ltd.",,Efficacy and Safety of Paclitaxel Polymeric Micelles for Injection in the Treatment of Metastatic Breast Cancer,Metastatic Breast Cancer (MBC),UNKNOWN,2025-12,Progression-Free-Survival,
NCT06161909,,,POSLS-union02,,sintilimab,sintilimab,Fujian Medical University Union Hospital,,Postoperative Immune Maintenance Therapy for Esophageal Squamous Cell Carcinoma After Radical Resection,Esophageal Squamous Cell Carcinoma Thoracic Stage II; Esophageal Squamous Cell Carcinoma Thoracic Stage III; Esophageal Squamous Cell Carcinoma Thoracic Stage IV,UNKNOWN,2025-12,disease-free survival (DFS),
NCT06232434,ИНТЕЛОН-02,,ИНТЕЛОН-02,,Prospidelong; chemotherapy,prospidelong,Research Institute for Physical Chemical Problems of the Belarusian State University,N.N. Alexandrov National Cancer Centre; Unitary Enterprise UNITEHPROM BSU,"An Open Prospective Randomized Clinical Study of the Effectiveness, Tolerability and Safety of a Single Intraperitoneal Use of the Drug ""Prospidelong, Powder for the Preparation of a Gel for Topical Use, 1000 mg in Vials, Package No. 1"" in Patients With Disseminated Gastric Cancer, Phase I-II",Gastric Cancer With Peritoneal Dissemination,RECRUITING,2025-12,increased survival,
NCT06313086,,,SYSA1501-009,CTR20240245,DP303c; trastuzumab emtansine; T -DM1,dp303c,"CSPC ZhongQi Pharmaceutical Technology Co., Ltd.",,DP303c Versus Trastuzumab Emtansine in in Patients With HER2-positive Advanced Breast Cancer,HER2-positive Breast Cancer,RECRUITING,2025-12,Progression-free survival (PFS) by BIRC,
NCT06313983,,,HM022BC3C01,,Hemay022+AI; Lapatinib+Capecitabine,hemay022+ai,"Tianjin Hemay Pharmaceutical Co., Ltd",,A Phase Ⅲ Study of Hemay022 in Combination With AI In Advanced Breast Cancer,Breast Cancer,RECRUITING,2025-12,Median progression-free survival（mPFS）based on IRC assessment according to RECIST v1.1,
NCT03519230,,,BGB-290-302,ChiCTR1800014643; CTR20171666,Pamiparib capsule; BGB-290,pamiparib capsule,BeiGene,,Maintenance Treatment With BGB-290 Versus Placebo in Participants With Platinum-sensitive Recurrent Ovarian Cancer,Ovarian Cancer,ACTIVE_NOT_RECRUITING,2025-12-01,Progression free survival (PFS) by blinded Independent Review Committee (BIRC) assessment,
NCT03548571,DEN-STEM,,DEN-STEM,,Dendritic cell immunization; Adjuvant temozolomide; Standard therapy,dendritic cell immunization,Oslo University Hospital,,Dendritic Cell Immunotherapy Against Cancer Stem Cells in Glioblastoma Patients Receiving Standard Therapy,Glioblastoma,UNKNOWN,2025-12-01,Progression free survival,
NCT05019846,SPA,,SPA Trial vers. 1.1,2020-005754-23,Triptorelin Embonate; Bicalutamide 50 mg,triptorelin embonate,Marco Lorenzo Bonu,Azienda Socio Sanitaria Territoriale degli Spedali Civili di Brescia,SRT Versus SRT+ADT in Prostate Cancer,Prostate Cancer,RECRUITING,2025-12-01,biochemical disease free survival,
NCT05454358,,,2022-54,,Letrozole 2.5mg; Letrozole 2.5mg qd po for 2 years,letrozole,Fudan University,Obstetrics & Gynecology Hospital of Fudan University,Letrozole as Maintenance Therapy for Post-surgical Endometrial Cancer Patients With NSMP,Endometrial Cancer,TERMINATED,2025-12-01,the 3-year Progression-Free-Survival(PFS),
NCT05854849,,,SYSUCC-CMY-2023-GAPvsGPP,,Camrelizumab; Gemcitabine; Cisplatin; Apatinib,apatinib,Sun Yat-sen University,,Gemcitabine and Camrelizumab Plus Apatinib Versus Cisplatin in First-line Treatment of RM-NPC,Nasopharyngeal Carcinoma,RECRUITING,2025-12-01,Progression-free survival,
NCT05945901,,,HR070803-306-CRC,,"HR070803 plus oxaliplatin, 5-FU/LV, bevacizumab; HR070803 simulator plus oxaliplatin, 5-FU/LV, bevacizumab","hr070803 plus oxaliplatin, 5-fu/lv, bevacizumab","Jiangsu HengRui Medicine Co., Ltd.",,"A Phase II/III Study of HR070803 in Combination With Oxaliplatin, 5-fluorouracil, Calcium Folinate and Bevacizumab Versus FOLFOX in Combination With Bevacizumab for First-line Treatment of Advanced Colorectal Cancer",Colorectal Cancer,ACTIVE_NOT_RECRUITING,2025-12-01,Adverse Events (AE) According to NCI-CTCAE v5.0（Phase II） | Serious Adverse Events (SAE)（Phase II） | Progression-Free Survival (PFS) Assessed by IRC（Phase III）,
NCT05257395,,,XZP-3287-3002,,XZP-3287+ Letrozole/Anastrozole,xzp-3287+ letrozole/anastrozole,"Xuanzhu Biopharmaceutical Co., Ltd.",,A Study of XZP-3287 in Combination With Letrozole/Anastrozole in Patients With Advanced Breast Cancer,Advanced Breast Cancer,ACTIVE_NOT_RECRUITING,2025-12-05,Investigator-assessed progression free survival (PFS),
NCT02193282,,An ALCHEMIST Treatment Trial; NSCLC,NCI-2014-01508,NCI-2014-01508; s16-02079; CALGB A081105; A081105; U10CA031946; U10CA180821; U10CA180830,"Clinical Observation; observation; Erlotinib Hydrochloride; CP 358; CP-358; Cp-358,774; CP358; OSI 774; OSI-774; OSI774; Tarceva; Laboratory Biomarker Analysis",erlotinib hydrochloride,National Cancer Institute (NCI),,Erlotinib Hydrochloride in Treating Patients With Stage IB-IIIA Non-small Cell Lung Cancer That Has Been Completely Removed by Surgery (An ALCHEMIST Treatment Trial),Lung Non-Squamous Non-Small Cell Carcinoma; Stage IB Lung Non-Small Cell Carcinoma AJCC v7; Stage II Lung Non-Small Cell Cancer AJCC v7; Stage IIA Lung Non-Small Cell Carcinoma AJCC v7; Stage IIB Lung Non-Small Cell Carcinoma AJCC v7; Stage IIIA Lung Non-Small Cell Cancer AJCC v7,ACTIVE_NOT_RECRUITING,2025-12-06,Overall survival (OS),
NCT04833114,Pola-R-ICE,DLBCL,Pola-R-ICE,MO40599 / GLA 2017-R2,Polatuzumab Vedotin; Mabthera; Ifosfamide; Carboplatin; Etoposide,polatuzumab vedotin,GWT-TUD GmbH,Hoffmann-La Roche,"Polatuzumab Vedotin Plus Rituximab, Ifosfamide, Carboplatin and Etoposide (Pola-R-ICE) Versus R-ICE Alone in Second Line Treatment of Diffuse Large B-cell Lymphoma (DLBCL)",Relapsed Diffuse Large B-cell Lymphoma; Refractory Diffuse Large B-Cell Lymphoma,COMPLETED,2025-12-19,Assessment of the event-free survival of patients with DLBCL at first progression and the occurrence of any of the following events:,
NCT04547504,PERSEE,,29BRC20.0159_GFPC01-2020,GFPC 01-2020,Pembrolizumab; Pembrolizumab and Chemotherapy drugs,,"University Hospital, Brest",Groupe Francais De Pneumo-Cancerologie,PEmbRolizumab verSus chEmotherapy and pEmbrolizumab in Non-small-cell Lung Cancers (NSCLC) With PDL1 ≥ 50 %,Non-small-cell Lung Cancer,ACTIVE_NOT_RECRUITING,2025-12-22,Progression-free survival (PFS) according to RECIST 1.1 assessed by blinded inependant centra review (BICR),
NCT05179733,,,NHL-014,,"six courses of zanubrutinib, rituximab and lenalidomide; six courses of rituximab combined with low-dose CHOP","six courses of zanubrutinib, rituximab and lenalidomide",Ruijin Hospital,"Union Hospital, Tongji Medical College, Huazhong University of Science and Technology; Ningbo No. 1 Hospital; National Naval Medical Center; Shanghai Fengxian District Central Hospital; YANCHENG NO.1 PEOPLE'S HOSPITAL; The First Affiliated Hospital of Nanchang University; Affiliated Hospital of Nantong University; Sir Run Run Shaw Hospital; Northern Jiangsu People's Hospital; The First People's Hospital of Changde City; The Affiliated Nanjing Drum Tower Hospital of Nanjing University Medical School; Changzhou No.2 People's Hospital; The Affiliated Hospital of Xuzhou Medical University; Huai'an First People's Hospital; Taizhou Hospital; The First People's Hospital of Kunshan; First Affiliated Hospital of Fujian Medical University; Huadong Hospital; Henan Provincial People's Hospital; First Hospital of China Medical University; Shandong Provincial Hospital; HARBIN THE FIRST HOSPITAL; The First Hospital of Jilin University; Hunan Cancer Hospital; Qilu Hospital of Shandong University; THE FIRST AFFILIATED HOSPITAL; The Second Affiliated Hospital of Dalian Medical University; SUZHOU HONGCI HEMATOLOGY HOSPITAL",The Efficacy and Safety of ZR2 Versus R-miniCHOP in the Treatment of Unfit or Frail de Novo Diffuse Large B-cell Lymphoma Patients Aged Older Than or Equal to 70 Years,Diffuse Large B-Cell Lymphoma,UNKNOWN,2025-12-25,Progression free survival,
NCT04332822,POLAR BEAR,,NLG-LBC7 POLAR BEAR,,R-pola-mini-CHP; R-mini-CHOP,r-pola-mini-chp,Nordic Lymphoma Group,Roche Pharma AG,"A Randomized, Multicenter, Phase III Trial Comparing Treatment With R-mini-CHOP With R-mini-CHP + Polatuzumab Vedotin in Patients With Diffuse Large Cell B Cell Lymphoma",DLBCL; Diffuse Large B Cell Lymphoma,RECRUITING,2025-12-28,Progression-free survival (PFS).,
NCT03562637,,,OBI-822-011,,adagloxad simolenin combined with OBI-821; Globo H IHC Assay; Standard of care treatment,adagloxad simolenin combined with obi-821,"OBI Pharma, Inc",,Study of Adagloxad Simolenin (OBI-822)/OBI-821 in the Adjuvant Treatment of Patients With Globo H Positive TNBC,Triple Negative Breast Cancer,ACTIVE_NOT_RECRUITING,2025-12-30,Measuring the effect of adagloxad simolenin (OBI-822)/OBI-821 treatment on improving invasive disease free survival (IDFS) in the study population.,
NCT04214067,,,NCI-2019-08602,NCI-2019-08602; NRG-GY020; U10CA180868,"Biospecimen Collection; Biological Sample Collection; Biospecimen Collected; Sample Collection; Specimen Collection; Brachytherapy; Brachytherapy, NOS; Internal Radiation; Internal Radiation Brachytherapy; Internal Radiation Therapy; Radiation Brachytherapy; Radiation, Internal; Computed Tomography; CAT; CAT Scan; Computed Axial Tomography; Computerized Axial Tomography; Computerized axial tomography (procedure); Computerized Tomography; Computerized Tomography (CT) scan; CT; CT Scan; Diagnostic CAT Scan; Diagnostic CAT Scan Service Type; tomography; External Beam Radiation Therapy; Definitive Radiation Therapy; EBRT; External Beam Radiation; External Beam Radiotherapy; External Beam Radiotherapy (conventional); External Beam RT; external radiation; External Radiation Therapy; external-beam radiation; Radiation, External Beam; Teleradiotherapy; Teletherapy; Teletherapy Radiation; Magnetic Resonance Imaging; Magnetic Resonance; Magnetic Resonance Imaging (MRI); Magnetic resonance imaging (procedure); Magnetic Resonance Imaging Scan; Medical Imaging, Magnetic Resonance / Nuclear Magnetic Resonance; MR; MR Imaging; MRI; MRI Scan; MRIs; NMR Imaging; NMRI; Nuclear Magnetic Resonance Imaging; sMRI; Structural MRI; Pembrolizumab; BCD-201; GME 751; GME751; Keytruda; Lambrolizumab; MK 3475; MK-3475; MK3475; Pembrolizumab Biosimilar BCD-201; Pembrolizumab Biosimilar GME751; Pembrolizumab Biosimilar QL2107; Pembrolizumab Biosimilar RPH-075; Pembrolizumab Biosimilar SB27; QL2107; RPH 075; RPH-075; RPH075; SB 27; SB-27; SB27; SCH 900475; SCH-900475; SCH900475; Quality-of-Life Assessment; Quality of Life Assessment; Questionnaire Administration; X-Ray Imaging; Conventional X-Ray; Diagnostic Radiology; Medical Imaging, X-Ray; Plain film radiographs; Radiographic Imaging; Radiographic imaging procedure (procedure); Radiography; RG; Static X-Ray; X-Ray",pembrolizumab,National Cancer Institute (NCI),NRG Oncology,"Testing the Addition of the Immunotherapy Drug, Pembrolizumab, to the Usual Radiation Treatment for Newly Diagnosed Early Stage High Intermediate Risk Endometrial Cancer",Endometrial Endometrioid Adenocarcinoma; Stage I Uterine Corpus Carcinoma or Carcinosarcoma AJCC v8; Stage II Uterine Corpus Carcinoma or Carcinosarcoma AJCC v8,ACTIVE_NOT_RECRUITING,2025-12-30,3 year recurrence-free survival,
NCT05244642,,R/R cHL,AK105-303,,Penpulimab; AK105; Investigator's choice of Chemotherapy,penpulimab,Akeso,Peking University Cancer Hospital & Institute,A Phase III Study to Evaluate the Efficacy and Safety of Penpulimab in the Relapsed and Refractory Classical Hodgkin's Lymphoma,Hodgkin Disease Lymphoma,UNKNOWN,2025-12-30,Progression Free Survival (PFS) assessed by Independent Radiologic Review Committee (IRRC) per Lugano Classification 2014,
NCT05466318,,,ChiCGB 2.0,,Chidamide; Cladribine; Gemcitabine; Busulfan; Carmustine; Etoposide; Cytarabine; Melphalan; Autologous hematopoietic stem cell transplant,chidamide,Sichuan University,,ChiCGB vs BEAM in High-risk or R/R Lymphomas,"Lymphoma, Large B-Cell, Diffuse; Lymphoma, T-Cell",UNKNOWN,2025-12-30,Progression free survival (PFS),
NCT05674539,,,WHUH-RIC-HSCT-1115,,Fludarabine and Busulfan; Fludara and Busulfex; Fludarabine and Melphalan; Busulfex and Fludara,fludarabine and melphalan,"Union Hospital, Tongji Medical College, Huazhong University of Science and Technology",,Reduced Intensity Conditioning Regimens for Acute Myeloid Leukemia and Myelodysplastic Syndrome,"Acute Myeloid Leukemia, Adult; Myelodysplastic Syndrome(MDS); Allogeneic Hematopoietic Stem Cell Transplantation",ENROLLING_BY_INVITATION,2025-12-30,Progression-Free Survival (PFS),
NCT05840341,,,2212267-7,,QingyiHuaji optimized formula,qingyihuaji optimized formula,Fudan University,,Clinical Efficacy of QYHJ and Standard Chemotherapy in the Treatment of Advanced Pancreatic Cancer,Pancreatic Neoplasms,COMPLETED,2025-12-30,Overall survival (OS),
NCT06073730,,,SHEN-PJ-KE-2023-223,,Experimental: Venetoclax in combination with Decitabine (+-sorafenib); DEC3-VEN; Active Comparator: Standard dose of Venetoclax + Azacitidine,,The Second Affiliated Hospital of Kunming Medical University,"Department of Hematology, Handan Central Hospital, Handan, Hebei, China.; Department of Hematology, The Affiliated Tai'an City Central Hospital of Qingdao University, Taian, Shandong, China; The Department of Hematology, Guangxi Academy of Medical Sciences & The People's Hospital of Guangxi Zhuang Autonomous Region, Nanning, China; Department of Hematology, Shanxi Provincial People's Hospital, China.; Department of Hematology, Guizhou Provincial People's Hospital, Guiyang, Guizhou, China.; State Key Laboratory of Experimental Hematology, National Clinical Research Center for Blood Diseases, Institute of Hematology & Blood Diseases Hospital, Chine; Department of Hematology, The Second Xiangya Hospital, Central South University, Changsha, Hunan, People's Republic of China.; Department of Hematology, Zhengzhou University People's Hospital and Henan Provincial People's Hospital, Zhengzhou, Henan; Department of Hematology, Oncology Center, Tianjin Cancer Institute of Integrative Traditional Chinese and Western Medicine, Tianjin Union Medical Center","Comparison of the Efficacy and Safety of Venetoclax in Combination With 3 Days Decitabine (DEC3-VEN) vs. Venetoclax in Combination With Azacitidine (VIALE-A) in the Treatment of Elderly Patients or Unfit, New-diagnosis Acute Myeloid Leukemia Patients","Elderly AML Patients; Unfit, New-diagnosis AML; Acute Myeloid Leukemia; Venetoclax; Decitabine",COMPLETED,2025-12-30,Event-free survival,
NCT06441565,,,FAITH-CRC,,Fruquintinib; Fruzaqla; Fluorouracil; 5-FU; Oxaliplatin; L01XA03,fluorouracil,Sun Yat-sen University,,Fruquintinib With or Without HAI-FOLFOX for Refractory Colorectal Cancer,Colorectal Cancer,RECRUITING,2025-12-30,6-month progression-free survival,
NCT02488967,,,NRG-BR003,NCI-2015-00128; NRG-BR1428; NRG-BR003; U10CA180868,"Carboplatin; Blastocarb; Carboplat; Carboplatin Hexal; Carboplatino; Carbosin; Carbosol; Carbotec; CBDCA; Displata; Ercar; JM-8; Nealorin; Novoplatinum; Paraplat; Paraplatin; Paraplatin AQ; Paraplatine; Platinwas; Ribocarbo; Cyclophosphamide; (-)-Cyclophosphamide; 2H-1,3,2-Oxazaphosphorine, 2-[bis(2-chloroethyl)amino]tetrahydro-, 2-oxide, monohydrate; Carloxan; Ciclofosfamida; Ciclofosfamide; Cicloxal; Clafen; Claphene; CP monohydrate; CTX; CYCLO-cell; Cycloblastin; Cycloblastine; Cyclophospham; Cyclophosphamid monohydrate; Cyclophosphamidum; Cyclophosphan; Cyclophosphane; Cyclophosphanum; Cyclostin; Cyclostine; Cytophosphan; Cytophosphane; Cytoxan; Fosfaseron; Genoxal; Genuxal; Ledoxina; Mitoxan; Neosar; Revimmune; Syklofosfamid; WR- 138719; Doxorubicin Hydrochloride; 5,12-Naphthacenedione, 10-[(3-amino-2,3,6-trideoxy-alpha-L-lyxo-hexopyranosyl)oxy]-7,8, 9,10-tetrahydro-6,8,11-trihydroxy-8-(hydroxyacetyl)-1-methoxy-, hydrochloride, (8S-cis)- (9CI); ADM; Adriacin; Adriamycin; Adriamycin Hydrochloride; Adriamycin PFS; Adriamycin RDF; ADRIAMYCIN, HYDROCHLORIDE; Adriamycine; Adriblastina; Adriblastine; Adrimedac; Chloridrato de Doxorrubicina; DOX; DOXO-CELL; Doxolem; Doxorubicin.HCl; Doxorubin; Farmiblastina; FI 106; FI-106; hydroxydaunorubicin; Rubex; Laboratory Biomarker Analysis; Paclitaxel; Anzatax; Asotax; Bristaxol; Praxel; Taxol; Taxol Konzentrat",carboplatin,NRG Oncology,National Cancer Institute (NCI),Doxorubicin Hydrochloride and Cyclophosphamide Followed by Paclitaxel With or Without Carboplatin in Treating Patients With Triple-Negative Breast Cancer,Breast Adenocarcinoma; Estrogen Receptor Negative; HER2/Neu Negative; Progesterone Receptor Negative; Stage IB Breast Cancer; Stage IIA Breast Cancer; Stage IIB Breast Cancer; Stage IIIA Breast Cancer; Stage IIIC Breast Cancer; Triple-Negative Breast Carcinoma,ACTIVE_NOT_RECRUITING,2025-12-31,IDFS,
NCT03870750,,,RG1004746,NCI-2019-01097; R01CA227092,Supportive Palliative Care; Comfort Care; palliation; palliative care; palliative therapy; Palliative Treatment; Symptom Management; Symptoms Management; PA-Palliative Therapy; Clinical Management; Best Practice; standard of care; standard therapy; Allogeneic Hematopoietic Stem Cell Transplantation; Allogeneic Hematopoietic Cell Transplantation; Allogeneic Stem Cell Transplantation; HSC; HSCT; Stem Cell Transplantation; Questionnaire Administration; Quality-of-Life Assessment; Quality of Life Assessment; Survey Administration,,Fred Hutchinson Cancer Center,National Cancer Institute (NCI); National Institutes of Health (NIH),"Identifying Best Approach in Improving Quality of Life and Survival After a Donor Stem Cell Transplant in Older, Medically Infirm, or Frail Patients With Blood Diseases",Hematopoietic and Lymphoid Cell Neoplasm; Non-Neoplastic Hematologic and Lymphocytic Disorder,TERMINATED,2025-12-31,Improvement in health-related quality of life (HRQOL) (Phase II) | Survival after hematopoietic cell transplantation (HCT) (Phase III) | Change in HRQOL (Phase III),
NCT03919552,,,NFEC-2018-013,,"Docetaxel,Carboplatin; TC induction chemotherapy; Docetaxel,Cisplatin; TP induction chemotherapy; Carboplatin-based concurrent chemoradiotherapy; Radical radiotherapy and concurrent carboplatin; Cisplatin-based concurrent chemoradiotherapy; Radical radiotherapy and concurrent cisplatin","docetaxel,carboplatin","Nanfang Hospital, Southern Medical University",,Cisplatin-based and Carboplatin-based Chemoradiation in Locoregionally Advanced Nasopharyngeal Carcinoma,Cisplatin; Carboplatin; NPC,RECRUITING,2025-12-31,Failure-free survival,
NCT04257461,BALLAD,,BALLAD BELGIUM,,Fluoropyrimidine; Capecitabine; LV5FU2; Oxaliplatin; Xeloda,,Belgian Group of Digestive Oncology,Kom Op Tegen Kanker; Cancer Research UK,A Trial to Evaluate the Potential Benefit of Adjuvant Chemotherapy for Small Bowel Adenocarcinoma,Small Bowel Adenocarcinoma,UNKNOWN,2025-12-31,efficacy assessed by the 3-year Disease-free survival,
NCT04720716,,,CIBI310C301,,IBI310; Sintilimab; Sorafenib,ibi310,Innovent Biologics (Suzhou) Co. Ltd.,,A Study to Compare the Effectiveness and Safety of IBI310 Combined With Sintilimab Versus Sorafenib in the First-line Treatment of Advanced HCC,Hepatocellular Carcinoma,COMPLETED,2025-12-31,Overall survival (OS) | Objective response rate (ORR),
NCT05043090,SAMETA,,D5086C00001,2022-503105-38-00; 2021-000336-55,"savolitinib; AZD6094, HMPL-504, volitinib; durvalumab; MEDI4736; sunitinib; Sutent, SU11248",savolitinib,AstraZeneca,,"Savolitinib Plus Durvalumab Versus Sunitinib and Durvalumab Monotherapy in MET-Driven, Unresectable and Locally Advanced or Metastatic PRCC",Papillary Renal Cell Carcinoma,ACTIVE_NOT_RECRUITING,2025-12-31,Progression-Free Survival (PFS) /savolitinib plus durvalumab relative to sunitinib,
NCT05268692,,,GSGnP,,GS; GnP,,Kochi University,,Neoadjuvant Chemotherapy for Pancreatic Cancer Followed by GS and GnP,Pancreatic Adenocarcinoma,RECRUITING,2025-12-31,overall survival,
NCT05566041,REPLATINUM,,EpicentRx,,RRx-001 + eLOOP Device; Cisplatin/carboplatin plus etoposide,rrx-001 + eloop device,"EpicentRx, Inc.","Sciclone Pharmaceuticals (China) Co., Ltd.","A Phase 3, Controlled, Open-label, Global Randomized Study of RRx-001 With a Platinum Doublet or a Platinum Doublet in Small Cell Lung Cancer","Carcinoma, Small Cell Lung",ACTIVE_NOT_RECRUITING,2025-12-31,Progression Free Survival (PFS) and Overall Survival (OS),
NCT05623267,SURPASS,,B2022-501-01,,Sugemalimab,sugemalimab,Sun Yat-sen University,,Sugemalimab as Consolidation Therapy in Patients With LS-SCLC Following cCRT or sCRT,Limited Stage Small Cell Lung Cancer,RECRUITING,2025-12-31,Progress Free Survival(PFS),
NCT05627752,,,ZhongnanH PCa,,Enzalutamide 40 MG; Docetaxel injection,enzalutamide,Zhongnan Hospital,,Docetaxel Alone or in Combination With Enzalutamide for mCRPC Previously Treated With Abiraterone at mHSPC Stage,Prostate Cancer; Castrate Resistant Prostate Cancer,UNKNOWN,2025-12-31,progression-free survival (PFS),
NCT05737303,,,IRB-20230058-R,,nab-paclitaxel combined with carboplatin; paclitaxel combined with carboplatin,,Women's Hospital School Of Medicine Zhejiang University,"Jiaxing Maternity and Child Health Care Hospital; First Affiliated Hospital of Zhejiang University; Second Affiliated Hospital, Zhejiang University, School of Medicine; First Affiliated Hospital of Wenzhou Medical University; Second Affiliated Hospital of Wenzhou Medical University; Sun Yat-Sen University Cancer Center; Qilu Hospital of Shandong University; Ningbo No. 1 Hospital; Ningbo Women & Children's Hospital; Sir Run Run Shaw Hospital",Nab-paclitaxel Versus Sb-taxanes As First-Line Treatment in Advanced Ovarian Cancer,Epithelial Ovarian Carcinoma Stage III; Epithelial Ovarian Carcinoma Stage IV; Fallopian Tube Carcinoma Stage III; Fallopian Tube Carcinoma Stage IV; Primary Peritoneal Carcinoma Stage III; Primary Peritoneal Carcinoma Stage IV,RECRUITING,2025-12-31,Progression Free Survival,
NCT05861830,,DAWNA-FES,PekingUMCH-FES-BC-2,,The combination of Dalpiciclib with physician-selected endocrine therapy; Chemotherapy selected by the physician,the combination of dalpiciclib with physician-selected endocrine therapy,Peking Union Medical College Hospital,"Jiangsu HengRui Medicine Co., Ltd.",Dalpiciclib With Endocrine Therapy for Advanced Breast Cancer After CDK4/6 Inhibitor Failure (DAWNA-FES),Advanced Breast Cancer,UNKNOWN,2025-12-31,Investigator-assessed PFS,
NCT06177015,,,2023-SR-662,,Darolutamide continuous; Darolutamide; Darolutamide intermittent,darolutamide intermittent,The First Affiliated Hospital with Nanjing Medical University,,Intermittent Darolutamide Treatment in the Triple Therapy of mHSPC,Metastatic Prostate Cancer; Intermitent Anti-androgen Therapy,RECRUITING,2025-12-31,Radiographic Progression Free Survival | Overall Survival,
NCT06998108,,,GBMT-209-P04,,BEBT-209 capsules; BEBT-209; Fulvestrant Injection,,BeBetter Med Inc,Chinese Academy of Medical Sciences,Study of BEBT-209 in Combination With Fulvestrant Versus Placebo in Combination With Fulvestrant in Patients With HR+/HER2- Locally Advanced or Metastatic Breast Cancer Who Have Progressed After Prior Endocrine Therapy,"HR+/HER2- Locally Advanced, Metastatic Breast Cancer",RECRUITING,2025-12-31,PFS assessed by the Independent Imaging Review Committee,
NCT03203590,,,3939366,,Oral Navelbine + Carboplatin; Vinorelbine; Carboplat; Gefitinib; Iressa,gefitinib,Sun Yat-sen University,"Shenzhen People's Hospital; Dongguan People's Hospital; Sixth Affiliated Hospital, Sun Yat-sen University; Maoming Affiliated Hospital of Southern Medical University",Clinical Trial of Neoadjuvant Targeted Treatment to NSCLC Patients,2-year Disease-Free Survival,UNKNOWN,2026-01,2-year disease free survival,
NCT05768503,,,CAPability-02,,Experimental drug; CAP; Control Rx; FOLFIRI+BEV,experimental drug,Sun Yat-sen University,,Comparing Chidamide+Sintilimab+Bev With Standard Second-line FOLFIRI+Bev in Advanced MSS/pMMR mCRC,Metastatic Microsatellite-stable Colorectal Cancer,RECRUITING,2026-01,Progression-Free Survival (PFS),
NCT05901935,,,SYSA1501-007,,DP303c; Trastuzumab; Vinorelbine Tartrate; Capecitabine tablets,dp303c,"CSPC ZhongQi Pharmaceutical Technology Co., Ltd.",,DP303c in Patients With HER2-positive Advanced Breast Cancer,HER2-positive Advanced Breast Cancer,NOT_YET_RECRUITING,2026-01,Progression-free survival (PFS) by BIRC,
NCT05701436,,,2022-KY-277-01,,"Oxaliplatin; Doxorubicin; Lobaplatin; Cisplatin; Oxaliplatin, Leucovorin, fluorouracil; Lobaplatin, Raltitrexed",,Zhujiang Hospital,,Applicability of 3D-HDRA in Patients With Primary Liver Cancer: A Randomized Controlled Trial,"Liver, Cancer of, Primary Resectable",UNKNOWN,2026-01-01,The one-year DFS rate,
NCT05766605,,,2022-KY-298-01,,"Oxaliplatin; Doxorubicin; Lobaplatin; Cisplatin; Oxaliplatin, Leucovorin, fluorouracil; Lobaplatin, Raltitrexed",oxaliplatin,Zhujiang Hospital,,Applicability of PDOX in Patients With Primary Liver Cancer: A Randomized Controlled Trial,Hepatocellular Carcinoma Resectable,UNKNOWN,2026-01-01,The one-year DFS rate,
NCT06161207,3D-4K-ICG,,FUGES-31,,Indocyanine Green Tracer Using in 3D plus Ultra High Resolution Laparoscopic Gastrectomy with Lymph Node Dissection,,Fujian Medical University,,3D-4K-ICG Laparoscopic Gastrectomy for Gastric Cancer,Gastric Cancer; Surgery,RECRUITING,2026-01-01,3-year disease free survival rate,
NCT03817268,CAPOGA,,CAPOGA-01,,Capecitabine monotherapy,capecitabine monotherapy,The First Affiliated Hospital of Anhui Medical University,,Capecitabine or Observation for Patients With pT1N+M0 or pT2-3N0M0 Gastric Adenocarcinoma Undergoing R0 Resection,Gastric Cancer,UNKNOWN,2026-01-16,Disease-free/Relapse-free survival,
NCT04793958,,KRYSTAL-10,CA239-0006,KRYSTAL-10; CA239-0006; 849-010,MRTX849; Cetuximab; Erbitux; mFOLFOX6 Regimen; FOLFIRI Regimen,mrtx849,Mirati Therapeutics Inc.,,Phase 3 Study of MRTX849 With Cetuximab vs Chemotherapy in Patients With Advanced Colorectal Cancer With KRAS G12C Mutation (KRYSTAL-10),Advanced Colorectal Cancer; Metastatic Colorectal Cancer,ACTIVE_NOT_RECRUITING,2026-01-16,Overall Survival (OS) | Progression-free Survival (PFS),
NCT03186898,,,NRG-GI003,NCI-2016-02009; NRG-GI003; U10CA180868,"Biospecimen Collection; Biological Sample Collection; Biospecimen Collected; Sample Collection; Specimen Collection; Computed Tomography; CAT; CAT Scan; Computed Axial Tomography; Computerized Axial Tomography; Computerized axial tomography (procedure); Computerized Tomography; Computerized Tomography (CT) scan; CT; CT Scan; Diagnostic CAT Scan; Diagnostic CAT Scan Service Type; tomography; Laboratory Biomarker Analysis; Magnetic Resonance Imaging; Magnetic Resonance; Magnetic Resonance Imaging (MRI); Magnetic resonance imaging (procedure); Magnetic Resonance Imaging Scan; Medical Imaging, Magnetic Resonance / Nuclear Magnetic Resonance; MR; MR Imaging; MRI; MRI Scan; MRIs; NMR Imaging; NMRI; Nuclear Magnetic Resonance Imaging; sMRI; Structural MRI; Quality-of-Life Assessment; Quality of Life Assessment; Radiation Therapy; Cancer Radiotherapy; Energy Type; ENERGY_TYPE; Irradiate; Irradiated; Irradiation; Radiation; Radiation Therapy, NOS; Radiotherapeutics; Radiotherapy; RT; Therapy, Radiation",,NRG Oncology,National Cancer Institute (NCI),Radiation Therapy With Protons or Photons in Treating Patients With Liver Cancer,Recurrent Hepatocellular Carcinoma; Stage III Hepatocellular Carcinoma AJCC v7; Unresectable Hepatocellular Carcinoma,ACTIVE_NOT_RECRUITING,2026-01-20,Overall survival (OS) | Treatment effect,
NCT04210115,,MK-3475-975/KEYNOTE-975; KEYNOTE 975,3475-975,MK-3475-975; KEYNOTE-975; PHRR200210-002490; 205261; 2022-501531-16-00; U1111-1281-0822; 2019-002006-51,pembrolizumab; MK-3475; KEYTRUDA®; Normal saline solution; cisplatin; PLATINOL®; 5-FU; ADRUCIL®; radiotherapy; leucovorin; calcium folinate; folinic acid; levoleucovorin; FUSILEV®; calcium levofolinate; levofolinic acid; oxaliplatin; ELOXATIN®,pembrolizumab,Merck Sharp & Dohme LLC,,Study of Pembrolizumab (MK-3475) Versus Placebo in Participants With Esophageal Carcinoma Who Are Receiving Chemotherapy and Radiation Therapy (MK-3475-975/KEYNOTE-975),Esophageal Squamous Cell Carcinoma (ESCC); Gastroesophageal Junction Carcinoma (GEJC); Esophageal Adenocarcinoma (EAC),COMPLETED,2026-01-21,Event-free Survival (EFS) | Overall Survival (OS),
NCT05851014,,,GB491-008,,GB491 combined with Letrozole,gb491 combined with letrozole,"Genor Biopharma Co., Ltd.",,A Study of GB491 in Combination With Letrozole in Patients With HR Positive and HER2 Negative Advanced Breast Cancer,Breast Cancer,RECRUITING,2026-01-30,Investigator-assessed PFS based on RECIST v1.1,
NCT04723875,,,2020-S113,,Paclitaxel or docetaxel + Cisplatin or carboplatin,paclitaxel or docetaxel + cisplatin or carboplatin,Huazhong University of Science and Technology,Women's Hospital School Of Medicine Zhejiang University; Qilu Hospital of Shandong University; Obstetrics & Gynecology Hospital of Fudan University; First Affiliated Hospital of Chongqing Medical University; Hunan Cancer Hospital; The Third Xiangya Hospital of Central South University,Postoperative Adjuvant Chemotherapy in Early-stage Cervical Cancer That Not Meet Criteria of Adjuvant Therapeutic According to NCCN Guideline,Uterine Cervical Neoplasms; Cervical Cancer,ACTIVE_NOT_RECRUITING,2026-01-31,Disease-free survival (DFS),
NCT04980716,,,GASTO-1074,,"Multiple cardiovascular drugs related to ""Golden Triangle""","multiple cardiovascular drugs related to ""golden triangle""",Sun Yat-sen University,,Early Specialized Cardiovascular Intervention Based on Impedance Cardiography in Locally Advanced Non-small Cell Lung Cancer Patients,Non-small Cell Lung Cancer; Cardiovascular Complication,RECRUITING,2026-01-31,Overall survival | The incidence of grade 2+ cardiotoxicity events,
NCT01566240,INTERLACE,,UCL 11/0034,2011-001300-35; C37815/A12832,Paclitaxel; Carboplatin; Radiotherapy; Cisplatin,paclitaxel,"University College, London",Cancer Research UK,Induction Chemotherapy Plus Chemoradiation as First Line Treatment for Locally Advanced Cervical Cancer,Cervical Cancer,ACTIVE_NOT_RECRUITING,2026-02,Overall Survival,
NCT05116475,ALADDIN,,ALADDIN,,Darolutamide 300 mg,darolutamide,Association Pour La Recherche des Thérapeutiques Innovantes en Cancérologie,Bayer,Evaluation of dAroLutamide Addition to anDrogen Deprivation Therapy and radIatioN Therapy in Newly Diagnosed Prostate Cancer With Pelvic Lymph Nodes Metastases,Prostate Cancer,RECRUITING,2026-02,Failure-free survival FFS,
NCT05201404,LIVERATION,,CF102-301HCC,,Namodenoson; CF102; Inactive control,namodenoson,Can-Fite BioPharma,,Namodenoson in the Treatment of Advanced Hepatocellular Carcinoma in Patients With Child-Pugh Class B7 Cirrhosis,Hepatocellular Carcinoma; Cirrhosis,RECRUITING,2026-02,Overall Survival (OS),
NCT05931263,,,CSIIT-T29,,C-BEAM Regimen; BEAM Regimen,c-beam regimen,The First Affiliated Hospital with Nanjing Medical University,,A Randomized Clinical Trial Comparing Chi-BEAM With BEAM Regimen Combined With ASCT for the Treatment of ND PTCL,Newly Diagnosed Peripheral T-cell Lymphoma,RECRUITING,2026-02,2-y PFS,
NCT06182592,,,HC1702-004,,Liposomal cytarabine-daunorubicin for injection; 7+3 (cytarabine and daunorubicin),liposomal cytarabine-daunorubicin for injection,"CSPC Zhongnuo Pharmaceutical (Shijiazhuang) Co., Ltd.",,A Bridging Study of Liposomal Cytarabine-Daunorubicin in Treating Olderly Patients With Treatment-naive High-Risk (Secondary) Acute Myeloid Leukemia,High-risk (Secondary) Acute Myeloid Leukemia,UNKNOWN,2026-02,Overall Survival (OS),
NCT06430437,,,SHR-A1811-310,,SHR-A1811; PD-1/PD-L1 inhibitors、Pemetrexed/ Paclitaxel、Carboplatin/ Cisplatin,shr-a1811,"Jiangsu HengRui Medicine Co., Ltd.",,A Study of SHR-A1811 in First-line Treatment of Patients With Advanced or Metastatic Non-small Cell Lung Cancer With HER2 Mutations,Non-Small Cell Lung Cancer With HER2- Mutations,RECRUITING,2026-02,Progression-free survival (PFS) based on blinded independent central review (BICR),
NCT04242017,LOBSTER,,S61996,,Triptoreline,,Universitaire Ziekenhuizen KU Leuven,Ipsen,Long-term Better Than Short-term ADT With Salvage RT,Prostate Cancer,RECRUITING,2026-02-01,Metastasis-free survival,
NCT06241599,,NPC,2023-FXY-023,,GP/PFLL+AK104,gp/pfll+ak104,Sun Yat-sen University,,"A Multi-center, Randomized, Double-blind, Phase II/III Clinical Trial of AK104 or Placebo in Combination With Chemotherapy as Second-line or More Lines for Recurrent or Metastatic Nasopharyngeal Carcinoma (NPC)",Recurrent or Metastatic Nasopharyngeal Carcinoma,RECRUITING,2026-02-01,PFS,
NCT05171049,ASTER,,ANT-007,2023-509569-19-00; CMAA868D12302,Abelacimab; MAA868; Apixaban; Eliquis,abelacimab,"Anthos Therapeutics, Inc.",Novartis Pharmaceuticals,A Study Comparing Abelacimab to Apixaban in the Treatment of Cancer-associated VTE,Venous Thromboembolism; Deep Venous Thrombosis; Pulmonary Embolism,TERMINATED,2026-02-04,Time to first event of centrally adjudicated VTE recurrence,
NCT05899049,,ccRCC,6482-012 China Extension,MK-6482-012 China Extension; jRCT2031210435; PHRR210911-003887,Pembrolizumab; MK-3475; KEYTRUDA®; Belzutifan; MK-6482; PT2977; WELIREG™; Pembrolizumab/Quavonlimab; MK-1308A; Lenvatinib; MK-7902; E7080; LENVIMA®,belzutifan,Merck Sharp & Dohme LLC,Eisai Inc.,"A Study of Pembrolizumab (MK-3475) in Combination With Belzutifan (MK-6482) and Lenvatinib (MK-7902), or Pembrolizumab/Quavonlimab (MK-1308A) in Combination With Lenvatinib, vs Pembrolizumab and Lenvatinib, for Treatment of Advanced Clear Cell Renal Cell Carcinoma (MK-6482-012)-China Extension Study","Carcinoma, Renal Cell",ACTIVE_NOT_RECRUITING,2026-02-04,Progression Free Survival (PFS) According to Response Evaluation Criteria in Solid Tumors Version 1.1 (RECIST 1.1) as Assessed by Blinded Independent Central Review (BICR) | Overall Survival (OS),
NCT05263219,,,MIIR-09,,dTACE-HAIC; HAIC; dTACE-HAIC protocol; Drugs for DEB-TACE and HAIC; HAIC protocol; Drugs for HAIC,dtace-haic protocol,Second Affiliated Hospital of Guangzhou Medical University,"Hainan General Hospital; Maoming People's Hospital; Zhongshan People's Hospital, Guangdong, China; Affiliated Hospital of Guangdong Medical University; First People's Hospital of Foshan; Jiangmen Central Hospital; First Affiliated Hospital, Sun Yat-Sen University",DEB-TACE+HAIC vs. HAIC for Large HCC,Unresectable Hepatocellular Carcinoma,UNKNOWN,2026-02-09,Overall survival (OS),
NCT05095376,,,NRG-BN011,NCI-2021-10331; NRG-BN011; U10CA180868,"Lomustine; 1-(2-Chloroethyl)-3-cyclohexyl-1-nitrosourea; 1-Nitrosourea, 1-(2-chloroethyl)-3-cyclohexyl-; Belustin; Belustine; CCNU; Cecenu; CeeNU; Chloroethylcyclohexylnitrosourea; Citostal; Gleostine; Lomeblastin; Lomustinum; Lucostin; Lucostine; N-(2-Chloroethyl)-N'-cyclohexyl-N-nitrosourea; Prava; RB-1509; WR-139017; Magnetic Resonance Imaging; Magnetic Resonance; Magnetic Resonance Imaging (MRI); Magnetic resonance imaging (procedure); Magnetic Resonance Imaging Scan; Medical Imaging, Magnetic Resonance / Nuclear Magnetic Resonance; MR; MR Imaging; MRI; MRI Scan; MRIs; NMR Imaging; NMRI; Nuclear Magnetic Resonance Imaging; sMRI; Structural MRI; Photon Beam Radiation Therapy; External beam radiation therapy using photons (procedure); Photon; Photon EBRT; Photon External Beam Radiotherapy; PHOTON Therapy; Radiation, Photon Beam; Questionnaire Administration; Temozolomide; CCRG-81045; Gliotem; Imidazo[5,1-d]-1,2,3,5-tetrazine-8-carboxamide, 3, 4-dihydro-3-methyl-4-oxo-; M & B 39831; M and B 39831; Methazolastone; RP-46161; SCH 52365; Temcad; Temizole; Temodal; Temodar; Temomedac; TMZ",lomustine,NRG Oncology,National Cancer Institute (NCI),Testing the Addition of the Chemotherapy Drug Lomustine (Gleostine) to the Usual Treatment (Temozolomide and Radiation Therapy) for Newly Diagnosed MGMT Methylated Glioblastoma,Glioblastoma; Gliosarcoma,ACTIVE_NOT_RECRUITING,2026-02-12,Overall survival,
NCT05016245,,S6371,S6371,,TheraSphere™ Yttrium-90 Glass Microspheres; conventional Transarterial Chemoembolization(cTACE),therasphere™ yttrium-90 glass microspheres,Boston Scientific Corporation,,MANDARIN (S6371),Inoperable Hepatocellular Carcinoma,COMPLETED,2026-02-13,Time to progression (TTP) | Safety assessed within 60 days post treatment using NCI-CTCAE v5.0,
NCT06268652,,,B2023-686-01,,Organoid-guided personalized treatment; OGPT; Gemcitabine; Gemzar; Capecitabine; Xeloda; Vinorelbine; Navelbine; Eribulin; Halaven,,Sun Yat-sen University,,Patient Derived Organoid-guided Personalized Treatment Versus Treatment of Physician's Choice in Breast Cancer,Breast Cancer; Refractory Breast Carcinoma,RECRUITING,2026-02-15,Progression-free survival (PFS),
NCT03661320,,,CA017-078,2024-512158-12,Nivolumab; Opdivo; BMS-936558; Gemcitabine; Chemotherapy; Cisplatin,nivolumab,Bristol-Myers Squibb,"Ono Pharmaceutical Co., Ltd.","A Study to Compare Chemotherapy Alone Versus Chemotherapy Plus Nivolumab or Nivolumab and BMS-986205, Followed by Continued Therapy After Surgery With Nivolumab or Nivolumab and BMS-986205 in Participants With Muscle Invasive Bladder Cancer",Urinary Bladder Neoplasms; Muscle-Invasive Bladder Cancer,COMPLETED,2026-02-16,"Pathological Complete Response (pCR) rate, in all randomized participants | Event-Free Survival (EFS), in all randomized participants",
NCT05737563,Escape,,mXELIRI in ESCC,,PD-1 Inhibitors; Irinotecan; Capecitabine tablets,pd-1 inhibitors,Sun Yat-sen University,"Shanghai Junshi Bioscience Co., Ltd.; Jiangsu HengRui Medicine Co., Ltd.",PD-1 Antibody Combined With mXELIRI Versus mXELIRI in the Second-line Setting for ESCC,Esophageal Squamous Cell Carcinoma Abdominal Stage 0,UNKNOWN,2026-02-17,Overall survival (OS),
NCT04974398,,,AK105-304,,Penpulimab; cisplatin/carboplatin; gemcitabine,penpulimab,Akeso,,A Study of Penpulimab (AK105) in the First-line Treatment of Recurrent or Metastatic Nasopharyngeal Carcinoma,Nasopharyngeal Carcinoma,ACTIVE_NOT_RECRUITING,2026-02-23,Progression-free survival (PFS),
NCT04777851,REPLACE,,TRIO041,EU CT # 2022-501969-42-00,Regorafenib in combination with pembrolizumab; Stivarga® (regorafenib); Keytruda® (pembrolizumab); Loco-regional therapy; Convention transarterial chemoembolization (cTACE); Drug-eluting bead transarterial chemoembolization (DEB-TACE); Transarterial Chemoembolization (TACE); Transarterial radioembolization (TARE),regorafenib in combination with pembrolizumab,Translational Research in Oncology,Bayer,Regorafenib-pembrolizumab vs. TACE/TARE in Intermediate Stage HCC Beyond Up-to-7,"Carcinoma, Hepatocellular",TERMINATED,2026-02-26,Progression-free Survival (PFS) Assessed by the Investigator as per Modified Response Evaluation Criteria in Solid Tumors (mRECIST) for HCC,
NCT05468489,,ASTRIDE,ASTRIDE (HLX10-005-SCLC301-E),,Serplulimab + chemotherapy (carboplatin-etoposide); Atezolizumab + chemotherapy (carboplatin-etoposide),serplulimab + chemotherapy,Shanghai Henlius Biotech,,To Evaluate Efficacy and Safety of Serplulimab + Chemotherapy (Carboplatin- Etoposide) in US Patients With ES-SCLC,Extensive Stage Small Cell Lung Cancer,ACTIVE_NOT_RECRUITING,2026-02-28,OS,
NCT00268476,STAMPEDE,,CDR0000455008,MRC-STAMPEDE; EU-205102; ISRCTN78818544; 2004-000193-31,Celecoxib; Celebrex; Docetaxel; Taxotere; Prednisolone; Prednisone; ADT; Androgen Deprivation Therapy; Zoledronic Acid; Zometa; Abiraterone; Zytiga; Radiotherapy to the prostate; RT; Enzalutamide; Xtandi; Metformin; Metformin Hydrochloride; Transdermal Oestradiol; Progynova TS,celecoxib,Medical Research Council,,Systemic Therapy in Advancing or Metastatic Prostate Cancer: Evaluation of Drug Efficacy,Prostate Cancer,ACTIVE_NOT_RECRUITING,2026-03,Overall survival,
NCT03562169,,ACCoRd,HM16/047,2016-000905-35,"Ixazomib, thalidomide, & dexamethasone (ITD) re-induction; Conventional autologous stem cell transplant (ASCT-con); Augmented autologous stem cell transplant (ASCT-aug); ITD consolidation and ixazomib maintenance vs. No further therapy",augmented autologous stem cell transplant,University of Leeds,Cancer Research UK; Takeda,The Role of Ixazomib in Autologous Stem Cell Transplant in Relapsed Myeloma - Myeloma XII (ACCoRd),Multiple Myeloma,RECRUITING,2026-03,Overall response rate | Progression-free survival,
NCT05028348,,RRMM,EMN29,,Selinexor; KPT-330; Elotuzumab; Pomalidomide; Dexamethasone Oral,selinexor,European Myeloma Network B.V.,Karyopharm Therapeutics Inc,"A Study of Combination of Selinexor, Pomalidomide, and Dexamethasone (SPd) Versus Elotuzumab, Pomalidomide, and Dexamethasone (EloPd) in Subject With Previously Treated Multiple Myeloma",Multiple Myeloma,ACTIVE_NOT_RECRUITING,2026-03,Progression-free survival (PFS),
NCT05868707,,,BH-OH2-020,,OH2; Salvage chemotherapy or best supportive care,oh2,"Binhui Biopharmaceutical Co., Ltd.",,OH2 Injection in Melanoma,Melanoma,RECRUITING,2026-03,Overall survival (OS),
NCT06355401,,,Soh-Med-24-03--06PD,,Tamoxifen 20mg,tamoxifen,Sohag University,,Maintenance Hormonal Therapy and DLBCL,Diffuse Large B Cell Lymphoma,NOT_YET_RECRUITING,2026-03,disease free survival | overall survival,
NCT04557020,,,NPC2020-001,,PD-1 antibody; Gemcitabine; Cisplatin; IMRT,pd-1 antibody,Jiangxi Provincial Cancer Hospital,,Adding PD-1 Inhibitor to Neoadjuvant and Adjuvant for NPC,Nasopharyngeal Carcinoma,UNKNOWN,2026-03-01,Progress-free survival (PFS),
NCT04768075,,,CTONG2003,,Camrelizumab; SHR-1210; Simulator of Camrelizumab; Cisplatin; cisplatinum; Carboplatin; Carboplat; Pemetrexed; Pemetrexed disodium; Paclitaxel; Paclitaxel injection; Albumin paclitaxel; Nab-paclitaxel,camrelizumab,Guangdong Association of Clinical Trials,,Camrelizumab Combined With SRT/WBRT and Chemotherapy in Patients With Brain Metastases of Driven Gene-negative NSCLC,Non-Small-Cell Lung Cancer,COMPLETED,2026-03-01,Intracranial Progression-Free Survival(iPFS) | Progression-Free Survival (PFS),
NCT05978050,NOTABLE-307,,BPL-Nim-GC-3001,,nimotuzumab plus paclitaxel; Combined with chemotherapy; chemotherapy alone,nimotuzumab plus paclitaxel,"Biotech Pharmaceutical Co., Ltd.",,Nimotuzumab Combined With Paclitaxel for Recurrent Metastatic Gastric or Esophagogastric Junction Adenocarcinoma,Gastric or Esophagogastric Junction Adenocarcinoma,UNKNOWN,2026-03-01,Overall survival,
NCT06297772,,,RJBMT-003,,Decitabine; Fludarabine Injection; Busulfan Injection,decitabine,Ruijin Hospital,,Compare the Efficacy and Safety of Dec-FB4 and FB4 as Conditioning Regimen for AML-MR,"AML, Adult",NOT_YET_RECRUITING,2026-03-01,disease-free survival,non-inferiority mentioned
NCT06490536,,,IFOM-CPT009/2022/PO008,2023-509851-15-00,Oxaliplatin; Capecitabine; Folinic acid; Fluorouracil; Temozolomide; Irinotecan; Nivolumab; Ipilimumab; Trastuzumab; Pertuzumab; Panitumumab,temozolomide,IFOM ETS - The AIRC Institute of Molecular Oncology,,The Sagittarius Trial,Colon Cancer Stage II; Colon Cancer Stage III,RECRUITING,2026-03-01,2-Year Recurrence-Free Survival (RFS),
NCT04155034,,MAVERICK,S1827,NCI-2019-05338; S1827; U10CA180888,"Magnetic Resonance Imaging; Magnetic Resonance Imaging Scan; Medical Imaging, Magnetic Resonance / Nuclear Magnetic Resonance; MR Imaging; MRI; MRI Scan; NMR Imaging; NMRI; Nuclear Magnetic Resonance Imaging; Prophylactic Cranial Irradiation; PCI",,SWOG Cancer Research Network,National Cancer Institute (NCI),S1827 (MAVERICK) Testing Whether the Use of Brain Scans Alone Instead of Brain Scans Plus Preventive Brain Radiation Affects Lifespan in Patients With Small Cell Lung Cancer,Extensive Stage Lung Small Cell Carcinoma; Limited Stage Lung Small Cell Carcinoma; Lung Small Cell Carcinoma,ACTIVE_NOT_RECRUITING,2026-03-17,Overall survival (OS),
NCT05814354,,,SHR-A1811-III-306,,SHR-A1811; Capecitabine/Eribulin/Gemcitabine/Paclitaxel/Nab-paclitaxel,shr-a1811,"Jiangsu HengRui Medicine Co., Ltd.",,SHR-A1811 Versus Investigator's Chemotherapy in Recurrent/Metastatic Breast Cancer Clinical Trial,Breast Cancer,ACTIVE_NOT_RECRUITING,2026-03-20,Progression-free Survival (PFS) Based on Blind Independent Video Review Committee (BIRC),
NCT02106572,TIM,,AB03,2013-003446-16; 2023-503718-66-00,abnobaVISCUM 900; viscum album extract; mistletoe extract; abnobaVISCUM; Mitomycin C; MMC; Mitomycin,abnobaviscum 900,Abnoba Gmbh,,Therapeutic Instillation of Mistletoe,Superficial Bladder Cancer,TERMINATED,2026-03-24,Time to tumor recurrence,
NCT05207709,HARMONIA,,SOLTI-2101,2021-002027-38; LEE011A2303R; AFT-58,Ribociclib + Letrozole OR Fulvestrant; Palbociclib + Letrozole OR Fulvestrant; Paclitaxel +/- Tislelizumab,ribociclib + letrozole or fulvestrant,SOLTI Breast Cancer Research Group,"Novartis; Alliance Foundation Trials, LLC.",Ribociclib vs. Palbociclib in Patients With Advanced Breast Cancer Within the HER2-Enriched Intrinsic Subtype,Metastatic Breast Cancer,TERMINATED,2026-03-26,Progression-free survival,
NCT05153226,GRAPPA,,DKMS-21-01,2021-000853-17,Cyclophosphamide; all brands; ATG; ATG Grafalon,cyclophosphamide,DKMS gemeinnützige GmbH,,GvHD Prophylaxis in Unrelated Donor HCT: Randomized Trial Comparing PTCY Versus ATG,Graft Vs Host Disease; Peripheral Blood Stem Cell Transplantation; AML; MDS; MDS/MPN; CMML,ACTIVE_NOT_RECRUITING,2026-03-31,Overall survival | GVHD- and relapse-free survival (GRFS),
NCT06323148,,ECTOP-1022,ECTOP-1022,,Osimertinib; No adjuvant therapy,osimertinib,Fudan University,,Adjuvant Target Therapy Guided by ctDNA-MRD in Patients With EGFR-mutant II-IIIA Non-small Cell Lung Cancer (ECTOP-1022),Lung Cancer; EGFR Gene Mutation; Minimal Residual Disease,NOT_YET_RECRUITING,2026-03-31,The 3-year Disease-Free Survival (DFS) rate between the observation group and the osimertinib treatment group.,non-inferiority mentioned
NCT06361329,,ETP-ALL,20240030C,,Homoharringtonine; venetoclax; Cytarabine; G-CSF; Vindesine; Daunorubicin; cyclophosphamide; Dexamethasone; L-ASP,homoharringtonine,First Affiliated Hospital of Zhejiang University,,Comparing the Efficacy of VHAG and Traditional Chemotherapy Regimens in Newly Diagnosed ETP-ALL,ETP-ALL,RECRUITING,2026-03-31,1-year EFS,
NCT02544308,IDRIS,,UCL/13/0291,,Lenalidomide; Revlimid; Dexamethasone; No further treatment,lenalidomide,"University College, London",Cancer Research UK; Celgene,Trial of Immunomodulatory Therapy in High Risk Solitary Bone Plasmacytoma,Plasmacytoma,ACTIVE_NOT_RECRUITING,2026-04,Progression-free survival (progression defined as development of myeloma or a new plasmacytoma outside the radiotherapy field),
NCT05201547,DOMENICA,,GINECO-EN105b,,Carboplatin-Paclitaxel; Dostarlimab,carboplatin-paclitaxel,ARCAGY/ GINECO GROUP,GlaxoSmithKline,Endometrial Cancer Patientes MMR Deficient Comparing Chemotherapy vs Dostarlimab in First Line,Endometrial Cancer,ACTIVE_NOT_RECRUITING,2026-04,Progression Free Survival (PFS),
NCT04342910,,,SHR-1210-III-316,,camrelizumab; SHR-1210; Apatinib Mesylate; Paclitaxel; Irinotecan,camrelizumab,"Jiangsu HengRui Medicine Co., Ltd.",,Study to Evaluate the Efficacy and Safety of Camrelizumab and Apatinib in Patients With GC/GEJC,Gastric Cancer,RECRUITING,2026-04-01,Overall Survival (OS) in PD-L1 Positive Participants.,
NCT04547049,,,NFD-001,,Cytarabine; Busulfan; Cyclophosphamide; Me-CCNU; Rabbit antithymocyte globulin; Allogeneic HSCT; Cyclosporin A; Mycophenolate Mofetil; MTX,,First Affiliated Hospital of Zhejiang University,,A Study Comparing Haploidentical Hematopoietic Stem Cell Transplantations (HSCTs) From Young Non-first-degree and Older First-degree Donors in Hematological Malignancies,Leukemia; MDS,ACTIVE_NOT_RECRUITING,2026-04-01,Overall survival (OS),
NCT06079983,,,JSKN003-302,,JSKN003; Capecitabine tablets; Gemcitabine hydrochloride for injection; Vinorelbine tartrate injection; Paclitaxel for injection (albumin-bound type); Docetaxel injection; Eribulin mesylate injection,jskn003,"Jiangsu Alphamab Biopharmaceuticals Co., Ltd",,"JSKN003 Versus Treatment Of Physician'S Choice For HER2-low, Unresectable and/or Metastatic Breast Cancer Subjects",Breast Cancer,RECRUITING,2026-04-01,Progression Free Survival (PFS),
NCT03250338,,,ARO-013,2017-001600-29,Crenolanib; Crenolanib besylate; Cytarabine; Mitoxantrone; Fludarabine; Idarubicin; G-CSF,crenolanib,"Arog Pharmaceuticals, Inc.",,Study Investigating the Efficacy of Crenolanib With Chemotherapy vs Chemotherapy Alone in R/R FLT3 Mutated AML,Relapsed/Refractory Acute Myeloid Leukemia With FLT3 Activating Mutations,COMPLETED,2026-04-03,Event-free survival (EFS),
NCT03258931,,,ARO-021,,Crenolanib; Crenolanib besylate; Midostaurin; Cytarabine; Duanorubicin,crenolanib,"Arog Pharmaceuticals, Inc.",,Study of Crenolanib vs Midostaurin Following Induction Chemotherapy and Consolidation Therapy in Newly Diagnosed FLT3 Mutated AML,Newly Diagnosed FLT3 Mutated AML,COMPLETED,2026-04-06,Event-free survival (EFS),
NCT05171075,MAGNOLIA,,ANT-008,2021-003085-12; CMAA868D12301,Abelacimab; MAA868; Dalteparin; Fragmin,abelacimab,"Anthos Therapeutics, Inc.",Novartis Pharmaceuticals,A Study Comparing Abelacimab to Dalteparin in the Treatment of Gastrointestinal/Genitourinary Cancer and Associated VTE,Venous Thromboembolism; Deep Venous Thrombosis; Pulmonary Embolism,TERMINATED,2026-04-10,Time to first event of centrally adjudicated VTE recurrence,
NCT06492941,,,HB1801-011,,Docetaxel for Injection (Albumin bound); Best supportive care,docetaxel for injection,"CSPC ZhongQi Pharmaceutical Technology Co., Ltd.",,A Study of Docetaxel for Injection (Albumin Bound) in Patients With Advanced Pancreatic Cancer,Advanced Pancreatic Cancer,NOT_YET_RECRUITING,2026-04-14,OS,
NCT04829708,,,LS-SCLC-III-PCI 2021,,MRI Surveillance; Magnetic Resonance Imaging; Prophylactic Cranial Irradiation; PCI,,Shandong Cancer Hospital and Institute,,Efficacy and Safety of Prophylactic Cranial Irradiation Versus MRI Surveillance in Patients With Limited-stage Small Cell Lung Cancer Who Achieved Remission After First-line Chemoradiotherapy,Limited Stage Small Cell Lung Cancer,RECRUITING,2026-04-15,Overall survival (OS),
NCT05278052,TARGET-02,,3445,CTRI/2020/04/024761,Local consolidative radiation therapy; LCRT; Standard maintenance therapy as decided by the treating medical oncologist,,Tata Memorial Hospital,,Standard Maintenance Therapy (SMT) vs Local Consolidative Radiation Therapy and SMT in OM-NSCLC,Oligometastatic Disease; Metastatic Non Small Cell Lung Cancer,RECRUITING,2026-04-20,Overall survival (OS),
NCT04895358,,MK-3475-B49/KEYNOTE-B49; KEYNOTE-B49,3475-B49,MK-3475-B49; KEYNOTE-B49; 2023-506752-24-00; U1111-1294-3354; jRCT2051210049; PHRR210721-003751; 2020-005407-38,pembrolizumab; KEYTRUDA®; MK-3475; paclitaxel; TAXOL®; nab-paclitaxel; ABRAXANE®; liposomal doxorubicin; DOXIL®; capecitabine; XELODA®; normal saline; dextrose,pembrolizumab,Merck Sharp & Dohme LLC,,Study of Pembrolizumab (MK-3475) Plus Chemotherapy Versus Placebo Plus Chemotherapy for HR+/HER2- Locally Recurrent Inoperable or Metastatic Breast Cancer (MK-3475-B49/KEYNOTE-B49),Breast Neoplasms,ACTIVE_NOT_RECRUITING,2026-04-24,Progression-free Survival (PFS) per Response Evaluation Criteria in Solid Tumors 1.1 (RECIST 1.1) by Blinded Independent Central Review (BICR) in Participants With Combined Positive Score (CPS) ≥1,
NCT06647862,,CMML1-2,IMM01-010,,IMM01; Timdarpacept; Azacitidine,imm01,ImmuneOnco Biopharmaceuticals (Shanghai) Inc.,,IMM01+Azacitidine VS Placebo +Azacitidine in Patients With Newly Diagnosed Chronic Myelomonocytic Leukemia (CMML1-2),Chronic Myelomonocytic Leukemia,RECRUITING,2026-04-24,Complete remission( CR) rate | Overall survival (OS),
NCT04173533,AMADEUS,,RG_18-048,,Oral azacitidine; CC-486,oral azacitidine,University of Birmingham,,Randomised Study of Oral Azacitidine vs Placebo Maintenance in AML or MDS Patients After Allo-SCT,Acute Myeloid Leukemia; Myelodysplasia,COMPLETED,2026-04-29,Relapse free survival (RFS),
NCT05747794,AIPAC-003,,AIPAC-003,2022-003323-17; 2024-511023-34-00,eftilagimod alpha; IMP321; efti; LAG-3Ig; eftilagimod alfa; Paclitaxel,eftilagimod alpha,Immutep S.A.S.,,Study in Metastatic Breast Cancer Patients Receiving Eftilagimod Alpha or Placebo in Combination With Paclitaxel Chemotherapy,Breast Carcinoma,TERMINATED,2026-04-30,Determination of Overall survival (OS) | Determination of the Optimal Biological Dose (OBD) | Frequency of adverse events (AEs) | Severity of adverse events (AEs) | Duration of adverse events (AEs) | Occurrence of dose-limiting toxicities (DLTs),
NCT06082635,,NSCLC,TGRX-326-3001-NSCLC-CN,,TGRX-326; TGRX-326 QD (once a day); Crizotinib; Crizotinib 250 mg BID (twice a day),tgrx-326,"Shenzhen TargetRx Co., Ltd.",Sun Yat-Sen University Cancer Center,TGRX-326 Chinese Phase III for Advanced Non-small Cell Lung Cancer (NSCLC),Non Small Cell Lung Cancer,ACTIVE_NOT_RECRUITING,2026-04-30,Progression Free Survival (PFS) by independent review committee (IRC),
NCT01218490,CARACO,,SC 07/12-H,,ovarian cancer surgery,,Institut Cancerologie de l'Ouest,,Pelvic and Aortic-cava Lymphadenectomy Randomized for Ovarian Cancer,Ovarian Cancer,SUSPENDED,2026-05,survival with out recurrence,
NCT03697343,,,FSRT-Trial,,Radiosurgery; Fractionated stereotactic radiotherapy,,University of Erlangen-Nürnberg Medical School,,Fractionated Stereotactic Radiotherapy vs. Single Session Radiosurgery in Patients With Larger Brain Metastases,Cerebral Metastases of Solid Cancers,UNKNOWN,2026-05,Time to local progression - TTLP,
NCT04217278,COSI,,RG_17-234,,Vyxeos; CPX-351; Fludarabine; Fludara; Busulphan; Busulfan; Bulsivex; Thiotepa; Tepadina; Cytarabine; Ara-C; Cytosine arabinoside,vyxeos,University of Birmingham,Jazz Pharmaceuticals; Adienne SA,A Trial of Treatments to Assess the Effects on Outcome of Adults With AML and MDS Undergoing Allogeneic SCT,Acute Myeloid Leukaemia; High-risk Myelodysplastic Syndrome,ACTIVE_NOT_RECRUITING,2026-05,Overall survival (all randomisations),
NCT04762459,APEX,,YX-L-202105,,Almonertinib; Pemetrexed; Cisplatin,,Chinese Academy of Medical Sciences,"Jiangsu Hansoh Pharmaceutical Co., Ltd.; GeneCast Biotechnology Co., Ltd.",Efficacy and Safety of Almonertinib Combined With or Without Chemotherapy as an Adjuvant Treatment for Stage II-IIIA Non-small Cell Lung Carcinoma Following Complete Tumour Resection,Non-small Cell Lung Carcinoma,ENROLLING_BY_INVITATION,2026-05,Disease free survival (DFS),
NCT05235516,AK104-305,,AK104- 305,,AK104; EBRT; BT; cisplatin,ak104,Akeso,,A Study of AK104/Placebo Combined With Chemoradiotherapy For The Treatment of Locally Advanced Cervical Cancer,Locally Advanced Cervical Carcinoma,ACTIVE_NOT_RECRUITING,2026-05,Progression-Free Survival(PFS) by investigator(INV),
NCT06122389,,,SHR2554-301,,SHR2554; Chidamide analog tablets; SHR2554 analog tablets; Chidamide,shr2554; chidamide analog tablets,"Jiangsu HengRui Medicine Co., Ltd.",,SHR2554 Clinical Study of Chidamide in the Treatment of T-cell Lymphoma,Relapsed/Refractory PTCLT With at Least One Line of Prior Systemic Therapy,RECRUITING,2026-05,Progression Free Survival (PFS) assessed by IRC,
NCT05806060,BCTOP-T-M01,,FUSCC-TNBC-BLIS,,VEGFR and TPC; Bevacizumab (BP102); TPC,vegfr and tpc,Fudan University,,Precise Treatment for BLIS Subtype of TNBC in the First-line Treatment of Locally Advanced or Metastatic Breast Cancer,Triple-Negative Breast Cancer,RECRUITING,2026-05-01,PFS,
NCT06441344,SCLC,,SCLC-maintaine,,Toripalimab plus Anlotinib; Toripalimab,toripalimab plus anlotinib,Taizhou Hospital,,Toripalimab Plus Anlotinib for the Maintenance of Extensive Stage Small Cell,SCLC; Maintenance Treatment,NOT_YET_RECRUITING,2026-05-01,progression free survival(PFS) | overal survival time(OS),
NCT03081143,RAMIRIS,,RAMIRIS,AIO-STO-0415,FOLFIRI; Ramucirumab; Paclitaxel,folfiri,Institut für Klinische Krebsforschung IKF GmbH at Krankenhaus Nordwest,,"Ramucirumab Plus FOLFIRI Versus Ramucirumab Plus Paclitaxel in Patients With Advanced or Metastatic Gastric Cancer, Who Failed One Prior Line of Palliative Chemotherapy",Advanced Gastric or EGJ Cancer,COMPLETED,2026-05-04,OS Rate at 6 months primary endpoint for phase II | overall survival (OS) co-primary endpoint for phase III | Objective Overall Response Rate (ORR) co-primary endpoint for phase III,
NCT06780930,,,CL3-95032-016,,Vorasidenib,vorasidenib,Servier,,Phase 3 Study of Vorasidenib (S095032/AG-881) in Asian Participants With Residual or Recurrent Grade 2 Glioma With an IDH1 orIDH2 Mutation,Residual or Recurrent Grade 2 IDH Mutant Glioma,ACTIVE_NOT_RECRUITING,2026-05-07,Progression-Free Survival (PFS),
NCT03021330,,,IIT2016007（Cytarabine）,,Daunomycin and Cytarabine (DA Regimen); Daunomycin and Cytarabine; Daunomycin and Cytarabine (Intermediate Dose of DA Regimen),daunomycin and cytarabine,"Institute of Hematology & Blood Diseases Hospital, China",,Efficacy of Intermediate-Dose Cytarabine Induction Regimen in Adult AML,AML,ACTIVE_NOT_RECRUITING,2026-05-15,Overall Survival Rate (OS),
NCT05356169,,,IIT2021055,,with or without venetoclax,,"Institute of Hematology & Blood Diseases Hospital, China",,Intensive Therapy Combined With Venetoclax for Adult Acute Myeloid Leukemia,Acute Myeloid Leukemia,ACTIVE_NOT_RECRUITING,2026-05-15,Event-free survival,
NCT05712694,,ARGSARC,POLARIS2022-001,,ADI PEG20; Pegargiminase,adi peg20,Polaris Group,,Study of ADI-PEG 20 or Placebo Plus Gem and Doc in Previously Treated Subjects With Leiomyosarcoma (ARGSARC),Soft Tissue Sarcoma,TERMINATED,2026-05-25,Primary End Point of PFS,
NCT03383458,CheckMate 9DX,,CA209-9DX,,Nivolumab; Opdivo; BMS-936558,nivolumab,Bristol-Myers Squibb,"Ono Pharmaceutical Co., Ltd.",A Study of Nivolumab in Participants With Hepatocellular Carcinoma Who Are at High Risk of Recurrence After Curative Hepatic Resection or Ablation,Hepatocellular Carcinoma; Liver Cancer,ACTIVE_NOT_RECRUITING,2026-05-27,Recurrence-free Survival (RFS),
NCT03525288,PSMA-PETgRT,,17.229,PERA GU17.1,PSMA -PET/CT simulation; Standard-care simulation,,Centre hospitalier de l'Université de Montréal (CHUM),"Progenics Pharmaceuticals, Inc.",PSMA-PET Guided Radiotherapy,Prostate Cancer,ACTIVE_NOT_RECRUITING,2026-05-30,Failure-free survival,
NCT05744687,,,SPH4336-301,,SPH4336 Tablets 400mg,sph4336 tablets,"Shanghai Pharmaceuticals Holding Co., Ltd",,Phase II/III Study of SPH4336 Combined With Letrozole vs Placebo Combined With Letrozole in First-line Treatment of Breast Cancer,Locally Advanced or Metastatic Breast Cancer,RECRUITING,2026-05-31,response rate (ORR) | Progression-free survival (PFS),
NCT06394492,,,SHR-A1921-303,,SHR-A1921; Doxorubicin; Paclitaxel; Topotecan,shr-a1921,"Suzhou Suncadia Biopharmaceuticals Co., Ltd.",,SHR-A1921 for Injection in Patients With Platinum-Resistant Recurrent Epithelial Ovarian Cancer,Ovarian Cancer,RECRUITING,2026-05-31,Progression-free Survival (PFS) assessed by Blinded Independ Review Committee (BIRC) as per RECIST 1.1,
NCT02413736,,,SSGXXII,,Imatinib; Gleevec,imatinib,Heikki Joensuu,Scandinavian Sarcoma Group,Three Versus Five Years of Adjuvant Imatinib as Treatment of Patients With Operable GIST,Sarcoma,ACTIVE_NOT_RECRUITING,2026-06,Recurrence-free survival,
NCT02446444,ENZARAD,,ANZUP1303,ACTRN12614000126617,Enzalutamide; Conventional NSAA; LHRHA; External Beam Radiotherapy (78 Gy in 39 fractions or 46 Gy in 23 fractions plus brachytherapy boost),enzalutamide,University of Sydney,"Australian and New Zealand Urogenital and Prostate Cancer Trials Group; National Health and Medical Research Council, Australia; Cancer Trials Ireland; Trans Tasman Radiation Oncology Group; European Organisation for Research and Treatment of Cancer - EORTC","Enzalutamide in Androgen Deprivation Therapy With Radiation Therapy for High Risk, Clinically Localised, Prostate Cancer",Prostatic Neoplasms,ACTIVE_NOT_RECRUITING,2026-06,Metastasis-free survival,
NCT02887040,DIPG,,BRI-BT-52,,Radiation; Atengenal; A10; Astugenal; AS2-1,atengenal,Burzynski Research Institute,,"Study of Antineoplaston Therapy + Radiation vs. Radiation Only in Diffuse, Intrinsic, Brainstem Glioma",Brain Stem Glioma,NOT_YET_RECRUITING,2026-06,Change in Percentage of Participants Who Survived (Overall Survival),
NCT04722978,,,SYSUCC-003,,Gemcitabine and carboplatin plus antibiotic (moxifloxacin); Gemcitabine 1000mg/m^2 IV on days 1 and 8; cycled every 21 days Carboplatin AUC 2 IV on days 1 and 8; cycled every 21 days Moxifloxacin 0.4 PO once daily days 1-5; cycled every 21 days,,Sun Yat-Sen University Cancer Center,,Standard Chemotherapy Plus Moxifloxacin as First-line Treatment for Metastatic Triple-negative Breast Cancer,Triple Negative Breast Cancer,RECRUITING,2026-06,progression-free survival (PFS),
NCT05063786,ALPHABET,,GEICAM/2017-01_IBCSG 62-20_BIG,2020-005639-65,Trastuzumab; Herceptin; Alpelisib; Piqray; Fulvestrant; Faslodex; Vinorelbine; Navelbine; Capecitabine; Xeloda; Eribulin; Halaven,alpelisib,Spanish Breast Cancer Research Group,ETOP IBCSG Partners Foundation; Breast International Group; Novartis Pharmaceuticals,Trastuzumab + Alpelisib +/- Fulvestrant vs Trastuzumab + CT in Patients With PIK3CA Mutated Previously Treated HER2+ Advanced BrEasT Cancer (ALPHABET),Advanced Breast Cancer,ACTIVE_NOT_RECRUITING,2026-06,Progression Free Survival (PFS),
NCT06465446,,,IMM01-008,,Tislelizumab; IMM01; Timdarpacept; Bendamustine; Gemcitabine,tislelizumab,ImmuneOnco Biopharmaceuticals (Shanghai) Inc.,,A Study of IMM01 Plus Tiselizumab Versus Physician's Choice Chemotherapy in PD(L)1-refractory Classical Hodgkin Lymphoma,Classic Hodgkin Lymphoma,NOT_YET_RECRUITING,2026-06,Progression Free Survival (PFS) per Lugano 2014 as Assessed by Independent Review Committee (IRC),
NCT03682068,NILE,,D933SC00001,2018-001883-48,Durvalumab; MEDI4736; Tremelimumab; Cisplatin + Gemcitabine; Carboplatin + Gemcitabine,durvalumab,AstraZeneca,,"Study of Durvalumab Given With Chemotherapy, Durvalumab in Combination With Tremelimumab Given With Chemotherapy, or Chemotherapy in Patients With Unresectable Urothelial Cancer",Unresectable Locally Advanced Urothelial Cancer; Metastatic Urothelial Cancer,ACTIVE_NOT_RECRUITING,2026-06-01,Overall Survival (OS),
NCT05236972,,,B2021-361-01,,Sintilimab; Oxaliplatin; capecitabine,sintilimab,Sun Yat-sen University,"Second Affiliated Hospital, Zhejiang University, School of Medicine; West China Hospital",PACE: PD-1 Antibody For dMMR/MSI-H Stage III Colorectal Cancer,Colorectal Carcinoma,RECRUITING,2026-06-01,Disease Free survival [ Time Frame: 3 years ],
NCT05351346,,,GUIDANCE-02,,Rituximab; Cyclophosphamide; Doxorubicin; Vincristine; Prednisone; Orelabrutinib; Lenalidomide; Decitabine,orelabrutinib,Ruijin Hospital,"West China Hospital; Qilu Hospital of Shandong University; Shanghai Jiao Tong University Affiliated Sixth People's Hospital; Union Hospital, Tongji Medical College, Huazhong University of Science and Technology; The Second Hospital of Anhui Medical University; Zhongda Hospital; The First Affiliated Hospital of Soochow University; China-Japan Friendship Hospital; Tongji Hospital; Beijing Hospital; The Second Affiliated Hospital of Dalian Medical University; Zhujiang Hospital; The First Affiliated Hospital of Anhui Medical University North District; Hunan Cancer Hospital; Liaoning Cancer Hospital & Institute; The Affiliated Nanjing Drum Tower Hospital of Nanjing University Medical School; Cancer Hospital Affiliated to Xinjiang Medical University; The First Affiliated Hospital of Xiamen University; The First Affiliated Hospital of Nanchang University; LanZhou University; Central South University; The Affiliated Hospital of Xuzhou Medical University; Yunnan Cancer Hospital; Henan Cancer Hospital; Fujian Medical University Union Hospital; The First Hospital of Jilin University; The First Affiliated Hospital of Anhui Medical University; Gansu Cancer Hospital; The First Affiliated Hospital of University of Science and Technology of China; Xinhua Hospital, Shanghai Jiao Tong University School of Medicine; Second Affiliated Hospital of Xi'an Jiaotong University; First Affiliated Hospital Xi'an Jiaotong University; RenJi Hospital; Shandong Cancer Hospital and Institute; Affiliated Cancer Hospital of Harbin Medical University; First Affiliated Hospital of Chongqing Medical University; Fudan University; Chinese Academy of Medical Sciences; Affiliated Hospital of Nantong University; The First People's Hospital of Yunnan; Shanxi Province Cancer Hospital; Fifth Affiliated Hospital of Guangzhou Medical University; Beijing Tongren Hospital; First Affiliated Hospital of Harbin Medical University; The Third Affiliated Hospital of Wenzhou Medical University; Harbin Institute of Hematology; The First Affiliated Hospital of Guangzhou Medical University; Affiliated Hospital of Guilin Medical College; Air Force Military Medical University, China; Affiliated Zhongshan Hospital of Dalian University; Yantai Yuhuangding Hospital; The First Affiliated Hospital of Zhengzhou University; Peking University Third Hospital",Genotype-guided Treatment in DLBCL,Diffuse Large B Cell Lymphoma,UNKNOWN,2026-06-01,Progression-free survival,
NCT05889871,,,SCHBCC-N050,,Standard endocrine therapy plus Apatinib,,Fudan University,,"A Randomized, Controlled, Open-label Clinical Trial of Adjuvant Intensive Therapy for HR+/ HER2-SNF4 Early Breast Cancer",HR+/HER2-breast Cancer,UNKNOWN,2026-06-01,3-year survival without invasive disease (iDFS),
NCT06079346,STOP-PC,,OT-01-P201,,OT-101; mFOLFIRINOX,,Oncotelic Inc.,,A Study of OT-101 With mFOLFIRINOX in Patients With Advanced and Unresectable or Metastatic Pancreatic Cancer,Pancreatic Ductal Adenocarcinoma,RECRUITING,2026-06-01,Overall Survival (OS),
NCT06296706,,,HB1801-010,,Docetaxel for injection (Albumin-bound); HB1801; Taxotere (docetaxel); Taxotere,docetaxel for injection,"CSPC ZhongQi Pharmaceutical Technology Co., Ltd.",,A Clinical Study of Docetaxel for Injection (Albumin-bound) in Patients With Gastric Cancer,Gastric Cancer,RECRUITING,2026-06-01,OS,
NCT06417008,,,HS-20117-301,,HS-20117; PM1080; Aumolertinib; Almonertinib Mesilate Tablets; HS-10296; Almonertinib,hs-20117,Hansoh BioMedical R&D Company,,A Study of HS-20117 Combined With Aumolertinib in Participants With Advanced Non-Squamous Non-Small Cell Lung Cancer,Non-Squamous Non-Small Cell Lung Cancer,RECRUITING,2026-06-01,[Phase Ib] Objective response rate (ORR) According to response evaluation criteria in solid tumors (RECIST) v1.1 by Investigators (INVs) | [Phase III] Progression-Free Survival (PFS) According to RECIST v1.1 by Independent Review Committee(IRC),
NCT05211232,,,2021-FXY-452,,Tislelizumab; BGB-A317,tislelizumab,Sun Yat-sen University,Cancer Hospital of Guizhou Province; Hunan Cancer Hospital; Wuzhou Red Cross Hospital; Affiliated Hospital of Guangdong Medical University,Neoadjuvant and Adjuvant Tislelizumab for Nasopharyngeal Carcinoma,Nasopharyngeal Carcinoma,ACTIVE_NOT_RECRUITING,2026-06-02,Complete Response | Progression-free Survival (PFS),
NCT04484818,,ERADICATE,EA8183,NCI-2020-02383; EA8183; U10CA180820,"Darolutamide; Antiandrogen ODM-201; BAY 1841788; BAY-1841788; BAY1841788; ODM 201; ODM-201; Goserelin Acetate; ZDX; Zoladex; Leuprolide Acetate; A-43818; Abbott 43818; Abbott-43818; Carcinil; Depo-Eligard; Eligard; Enanton; Enantone; Enantone-Gyn; Ginecrin; LEUP; Leuplin; Leuprorelin Acetate; Lucrin; Lucrin Depot; Lupron; Lupron Depot; Lupron Depot-3 Month; Lupron Depot-4 Month; Lupron Depot-Ped; Lutrate; Procren; Procrin; Prostap; TAP-144; Trenantone; Uno-Enantone; Viadur; Quality-of-Life Assessment; Quality of Life Assessment; Triptorelin; 6-D-Tryptophan-LH-RH; 6-D-Tryptophanluteinizing Hormone-releasing Factor; AY-25650; CL-118,532; Detryptoreline",darolutamide,ECOG-ACRIN Cancer Research Group,National Cancer Institute (NCI),"Testing the Addition of Darolutamide to Hormonal Therapy (Androgen Deprivation Therapy [ADT]) After Surgery for Men With High-Risk Prostate Cancer, The ERADICATE Study",Prostate Carcinoma,ACTIVE_NOT_RECRUITING,2026-06-09,Metastasis-free survival (MFS),
NCT03529279,,,B2018-030-01,,CNG Chemotherapy; Chemotherapy strategy for experimental group; NCCN Chemotherapy; Chemotherapy strategy for controlled group; CNG Radiation; Radiation for experimental group; NCCN Radiation; Radiation for controlled group,cng chemotherapy,Sun Yat-sen University,,CNG Staging Compared With 8th UICC of NPC for Treatment Decision-marking and Selection of Chemotherapy and Radiotherapy,Nasopharyngeal Carcinoma,UNKNOWN,2026-06-12,Overall Survival (OS),non-inferiority mentioned
NCT04115007,Oligo-PRESTO,,UC-0160/1716,2017-A03104-49,Stereotactic Body Radiotherapy (SBRT) + Standard of care; Standard of care,,UNICANCER,,Prostate-cancer Treatment Using Stereotactic Radiotherapy for Oligometastases Ablation in Hormone-sensitive Patients,Oligometastatic Hormone Sensitive Prostate Cancer,ACTIVE_NOT_RECRUITING,2026-06-23,Castration-resistant prostate cancer free survival,
NCT06086457,,,BEIR 0,,Radiation; Modern intensity modulated radiotherapy; TP or PF regimen depended on investigator's choice.; Chemotherapy; PD-1 inhibitor; Camrelizumab,,"Cancer Institute and Hospital, Chinese Academy of Medical Sciences",Peking University Cancer Hospital & Institute; Beijing Cancer Prevention & Treatment Society; Hebei Medical University Fourth Hospital; Tianjin Medical University Cancer Institute and Hospital; Fujian Cancer Hospital; Anyang Tumor Hospital; The First Affiliated Hospital with Nanjing Medical University; Sichuan Cancer Hospital and Research Institute; Tengzhou Central People's Hospital; The First Affiliated Hospital of Xiamen University; The First Affiliated Hospital of Zhengzhou University; First Affiliated Hospital Xi'an Jiaotong University; Second Affiliated Hospital of Xi'an Jiaotong University; Afﬁliated Hospital of North Sichuan Medical College; Changzhou Cancer Hospital of Soochow University; Henan Cancer Hospital,PD-1 Inhibitor Plus Chemotherapy With or Without Radiotherapy in Patients With Metastatic Esophageal Cancer,Esophageal Neoplasms,RECRUITING,2026-06-28,Overall survival (OS),
NCT01882933,GASTRICHIP,,2012.761,,HIPEC (Hyperthermic Intraperitoneal Chemoperfusion) with oxaliplatin; Curative gastrectomy,hipec with oxaliplatin,Hospices Civils de Lyon,,D2 Resection and HIPEC (Hyperthermic Intraperitoneal Chemoperfusion) in Locally Advanced Gastric Carcinoma,Gastric Adenocarcinoma,COMPLETED,2026-06-30,Overall survival,
NCT03007147,,,AALL1631,NCI-2016-01588; 2024-515499-12-00; AALL1631; 2017-000705-20; U10CA180886,"Allogeneic Hematopoietic Stem Cell Transplantation; Allogeneic; Allogeneic Hematopoietic Cell Transplantation; Allogeneic Stem Cell Transplantation; HSC; HSCT; Stem Cell Transplantation, Allogeneic; Calaspargase Pegol; Asparaginase (Escherichia coli Isoenzyme II), Conjugate with alpha-(((2,5-Dioxo-1-pyrrolidinyl)oxy)carbonyl)-omega-methoxypoly(oxy-1,2-ethanediyl); Asparlas; Calaspargase Pegol-mknl; EZN-2285; SC-PEG E. Coli L-Asparaginase; Succinimidyl Carbonate Monomethoxypolyethylene Glycol E. coli L-Asparaginase; Cyclophosphamide; (-)-Cyclophosphamide; 2H-1,3,2-Oxazaphosphorine, 2-[bis(2-chloroethyl)amino]tetrahydro-, 2-oxide, monohydrate; Asta B 518; B 518; B-518; B518; Carloxan; Ciclofosfamida; Ciclofosfamide; Cicloxal; Clafen; Claphene; CP monohydrate; CTX; CYCLO-cell; Cycloblastin; Cycloblastine; Cyclophospham; Cyclophosphamid monohydrate; Cyclophosphamide Monohydrate; Cyclophosphamidum; Cyclophosphan; Cyclophosphane; Cyclophosphanum; Cyclostin; Cyclostine; Cytophosphan; Cytophosphane; Cytoxan; Fosfaseron; Frindovyx; Genoxal; Genuxal; Ledoxina; Mitoxan; Neosar; Revimmune; Syklofosfamid; WR 138719; WR- 138719; WR-138719; WR138719; Cytarabine; .beta.-Cytosine arabinoside; 1-.beta.-D-Arabinofuranosyl-4-amino-2(1H)pyrimidinone; 1-.beta.-D-Arabinofuranosylcytosine; 1-Beta-D-arabinofuranosyl-4-amino-2(1H)pyrimidinone; 1-Beta-D-arabinofuranosylcytosine; 1.beta.-D-Arabinofuranosylcytosine; 2(1H)-Pyrimidinone, 4-Amino-1-beta-D-arabinofuranosyl-; 2(1H)-Pyrimidinone, 4-amino-1.beta.-D-arabinofuranosyl-; Alexan; Ara-C; ARA-cell; Arabine; Arabinofuranosylcytosine; Arabinosylcytosine; Aracytidine; Aracytin; Aracytine; Beta-Cytosine Arabinoside; CHX-3311; Cytarabinum; Cytarbel; Cytosar; Cytosine Arabinoside; Cytosine-.beta.-arabinoside; Cytosine-beta-arabinoside; Erpalfa; Starasid; Tarabine PFS; U 19920; U-19920; Udicil; WR-28453; Daunorubicin Hydrochloride; Cerubidin; Cerubidine; Cloridrato de Daunorubicina; Daunoblastin; Daunoblastina; Daunoblastine; Daunomycin Hydrochloride; Daunomycin, hydrochloride; Daunorubicin.HCl; Daunorubicini Hydrochloridum; FI-6339; Ondena; RP-13057; Rubidomycin Hydrochloride; Rubilem; Dexamethasone; Aacidexam; Adexone; Aknichthol Dexa; Alba-Dex; Alin; Alin Depot; Alin Oftalmico; Amplidermis; Anemul mono; Auricularum; Auxiloson; Baycadron; Baycuten; Baycuten N; Cortidexason; Cortisumman; Decacort; Decadrol; Decadron; Decadron DP; Decalix; Decameth; Decasone R.p.; Dectancyl; Dekacort; Deltafluorene; Deronil; Desamethasone; Desameton; Dexa-Mamallet; Dexa-Rhinosan; Dexa-Scheroson; Dexa-sine; Dexacortal; Dexacortin; Dexafarma; Dexafluorene; Dexalocal; Dexamecortin; Dexameth; Dexamethasone Intensol; Dexamethasonum; Dexamonozon; Dexapos; Dexinoral; Dexone; Dinormon; Dxevo; Fluorodelta; Fortecortin; Gammacorten; Hemady; Hexadecadrol; Hexadrol; LenaDex; Lokalison-F; Loverine; Methylfluorprednisolone; Millicorten; Mymethasone; Orgadrone; Spersadex; TaperDex; Visumetazone; ZoDex; Dexrazoxane Hydrochloride; Cardioxane; Totect; Zinecard; Doxorubicin; Adriablastin; Hydroxydaunomycin; Hydroxyl Daunorubicin; Hydroxyldaunorubicin; Etoposide; Demethyl Epipodophyllotoxin Ethylidine Glucoside; EPEG; Lastet; Toposar; Vepesid; VP 16; VP 16-213; VP 16213; VP-16; VP-16-213; VP-16213; VP16; VP16213; Filgrastim; Filgrastim Biosimilar Filgrastim-sndz; Filgrastim Biosimilar Tbo-filgrastim; Filgrastim XM02; Filgrastim-aafi; Filgrastim-ayow; Filgrastim-sndz; G-CSF; Granix; Neupogen; Neutroval; Nivestim; Nivestym; r-metHuG-CSF; Recombinant Methionyl Human Granulocyte Colony Stimulating Factor; Releuko; rG-CSF; Tbo-filgrastim; Tevagrastim; XM02; Zarxio; Ifosfamide; Asta Z 4942; Asta Z-4942; Cyfos; Holoxan; Holoxane; Ifex; IFO; IFO-Cell; Ifolem; Ifomida; Ifomide; Ifosfamidum; Ifoxan; IFX; Iphosphamid; Iphosphamide; Iso-Endoxan; Isoendoxan; Isophosphamide; Mitoxana; MJF 9325; MJF-9325; Naxamide; Seromida; Tronoxal; Z 4942; Z-4942; Imatinib Mesylate; CGP 57148; CGP 57148B; CGP-57148; CGP-57148B; CGP57148; CGP57148B; Gleevec; Glivec; Imarech; Imat; Imkeldi; STI 571; STI-571; STI571; Laboratory Biomarker Analysis; Leucovorin Calcium; Adinepar; Calcifolin; Calcium (6S)-Folinate; Calcium Folinate; Calcium Leucovorin; Calfolex; Calinat; Cehafolin; Citofolin; Citrec; Citrovorum Factor; Cromatonbic Folinico; Dalisol; Disintox; Divical; Ecofol; Emovis; Factor, Citrovorum; Flynoken A; Folaren; Folaxin; FOLI-cell; Foliben; Folidan; Folidar; Folinac; Folinate Calcium; folinic acid; Folinic Acid Calcium Salt Pentahydrate; Folinoral; Folinvit; Foliplus; Folix; Imo; Lederfolat; Lederfolin; Leucosar; leucovorin; Rescufolin; Rescuvolin; Tonofolin; Wellcovorin; Levoleucovorin; CL-307,782; Elvorine, Isovorin, Levofolene, Levorin; Isovorin; Khapzory; L-Leucovorin; Levofolinate; Levofolinic acid; Mercaptopurine; 3H-Purine-6-thiol; 6 MP; 6 Thiohypoxanthine; 6 Thiopurine; 6-Mercaptopurine; 6-Mercaptopurine Monohydrate; 6-MP; 6-Purinethiol; 6-Thiopurine; 6-Thioxopurine; 6H-Purine-6-thione, 1,7-dihydro- (9CI); 7-Mercapto-1,3,4,6-tetrazaindene; Alti-Mercaptopurine; Azathiopurine; Bw 57-323H; Flocofil; Ismipur; Leukerin; Leupurin; Mercaleukim; Mercaleukin; Mercaptina; Mercaptopurinum; Mercapurin; Mern; NCI-C04886; Puri-Nethol; Purimethol; Purine, 6-mercapto-; Purine-6-thiol (8CI); Purine-6-thiol, monohydrate; Purinethiol; Purinethol; U-4748; WR-2785; Methotrexate; Abitrexate; Alpha-Methopterin; Amethopterin; Brimexate; CL 14377; CL-14377; Emtexate; Emthexat; Emthexate; Farmitrexat; Fauldexato; Folex; Folex PFS; Jylamvo; Lantarel; Ledertrexate; Lumexon; Maxtrex; Medsatrexate; Metex; Methoblastin; Methotrexate LPF; Methotrexate Methylaminopterin; Methotrexatum; Metotrexato; Metrotex; Mexate; Mexate-AQ; MTX; Novatrex; Rheumatrex; Texate; Tremetex; Trexeron; Trixilem; WR-19039; Methylprednisolone; Adlone; Caberdelta M; DepMedalone; Depo Moderin; Depo-Nisolone; Duralone; Emmetipi; Esametone; Firmacort; Medlone 21; Medrate; Medrol; Medrol Veriderm; Medrone; Mega-Star; Meprolone; Methylprednisolonum; Metilbetasone Solubile; Metrocort; Metypresol; Metysolon; Predni-M-Tablinen; Prednilen; Radilem; Sieropresol; Solpredone; Summicort; Urbason; Veriderm Medrol; Wyacort; Pegaspargase; L-Asparaginase with Polyethylene Glycol; Oncaspar; Oncaspar-IV; PEG-Asparaginase; PEG-L-Asparaginase; PEG-L-Asparaginase (Enzon - Kyowa Hakko); PEGLA; Polyethylene Glycol L-Asparaginase; Polyethylene Glycol-L-Asparaginase; Prednisolone; (11beta)-11,17,21-Trihydroxypregna-1,4-diene-3,20-dione; .delta.1-Hydrocortisone; Adnisolone; Aprednislon; Capsoid; Cortalone; Cortisolone; Dacortin H; Decaprednil; Decortin H; Delta(1)Hydrocortisone; Delta- Cortef; Delta-Cortef; Delta-Diona; Delta-F; Delta-Phoricol; Delta1-dehydro-hydrocortisone; Deltacortril; Deltahydrocortisone; Deltasolone; Deltidrosol; Dhasolone; Di-Adreson-F; Dontisolon D; Estilsona; Fisopred; Frisolona; Gupisone; Hostacortin H; Hydeltra; Hydeltrasol; Klismacort; Kuhlprednon; Lenisolone; Lepi-Cortinolo; Linola-H N; Linola-H-Fett N; Longiprednil; Metacortandralone; Meti Derm; Meticortelone; Opredsone; Panafcortelone; Precortisyl; Pred-Clysma; Predeltilone; Predni-Coelin; Predni-Helvacort; Prednicortelone; Prednisolonum; Prelone; Prenilone; Sterane; Questionnaire Administration; Therapeutic Hydrocortisone; Aeroseb-HC; Barseb HC; Barseb-HC; Cetacort; Cort-Dome; Cortef; Cortenema; Cortifan; Cortisol; Cortispray; Cortril; Dermacort; Domolene; Eldecort; Hautosone; Heb-Cort; Hydrocortisone; Hydrocortone; Hytone; Komed-HC; Nutracort; Proctocort; Rectoid; Thioguanine; 2-Amino 6MP; 2-Amino-1,7-dihydro-6H-purine-6-thione; 2-Amino-6-mercaptopurine; 2-Amino-6-purinethiol; 2-Aminopurin-6-thiol; 2-Aminopurine-6(1H)-thione; 2-Aminopurine-6-thiol; 2-Aminopurine-6-thiol Hemihydrate; 2-Mercapto-6-aminopurine; 6-Amino-2-mercaptopurine; 6-Mercapto-2-aminopurine; 6-Mercaptoguanine; 6-TG; 6H-Purine-6-thione, 2-amino-1,7-dihydro- (9CI); BW 5071; Lanvis; Tabloid; Thioguanine Hemihydrate; Thioguanine Hydrate; Tioguanin; Tioguanine; Wellcome U3B; WR-1141; X 27; Vincristine Sulfate; Kyocristine; Leurocristine Sulfate; Leurocristine, sulfate; Oncovin; Vincasar; Vincosid; Vincrex; Vincristine, sulfate",calaspargase pegol,Children's Oncology Group,National Cancer Institute (NCI); Universita degli Studi di Milano-Bicocca,Imatinib Mesylate and Combination Chemotherapy in Treating Patients With Newly Diagnosed Philadelphia Chromosome Positive Acute Lymphoblastic Leukemia,Acute Lymphoblastic Leukemia; B Acute Lymphoblastic Leukemia; Mixed Phenotype Acute Leukemia; T Acute Lymphoblastic Leukemia,ACTIVE_NOT_RECRUITING,2026-06-30,Disease free survival (DFS) of Randomized Arms (standard risk [SR] Philadelphia chromosome [Ph+] acute lymphoblastic leukemia [ALL] patients),
NCT04375605,,,RACE,2018-001728-20; AIO-STO-0118; 2024-516271-32-00,5-Fluorouracil; Calcium folinate; Folinic Acid; Oxaliplatin; Docetaxel; Radiation; Oxaliplatin during radiotherapy; 5-Fluorouracil during radiotherapy,oxaliplatin during radiotherapy,Universitätsmedizin Mannheim,"Institut für Klinische Krebsforschung IKF GmbH at Krankenhaus Nordwest; Deutsche Krebshilfe e.V., Bonn (Germany)","Neoadjuvant RCT Versus CT for Patients With Locally Advanced, Potentially Resectable Adenocarcinoma of the GEJ",Gastroesophageal Junction Adenocarcinoma,COMPLETED,2026-06-30,Comparison of PFS between arms,
NCT04994132,,HR-RMS,ARST2031,NCI-2021-06711; ARST2031; U10CA180886,"Biospecimen Collection; Biological Sample Collection; Biospecimen Collected; Sample Collection; Specimen Collection; Bone Marrow Aspiration; Bone Marrow Biopsy; Biopsy of Bone Marrow; Biopsy, Bone Marrow; Bone Scan; Bone Scintigraphy; Computed Tomography; CAT; CAT Scan; Computed Axial Tomography; Computerized Axial Tomography; Computerized axial tomography (procedure); Computerized Tomography; Computerized Tomography (CT) scan; CT; CT Scan; Diagnostic CAT Scan; Diagnostic CAT Scan Service Type; tomography; Cyclophosphamide; (-)-Cyclophosphamide; 2H-1,3,2-Oxazaphosphorine, 2-[bis(2-chloroethyl)amino]tetrahydro-, 2-oxide, monohydrate; Asta B 518; B 518; B-518; B518; Carloxan; Ciclofosfamida; Ciclofosfamide; Cicloxal; Clafen; Claphene; CP monohydrate; CTX; CYCLO-cell; Cycloblastin; Cycloblastine; Cyclophospham; Cyclophosphamid monohydrate; Cyclophosphamide Monohydrate; Cyclophosphamidum; Cyclophosphan; Cyclophosphane; Cyclophosphanum; Cyclostin; Cyclostine; Cytophosphan; Cytophosphane; Cytoxan; Fosfaseron; Frindovyx; Genoxal; Genuxal; Ledoxina; Mitoxan; Neosar; Revimmune; Syklofosfamid; WR 138719; WR- 138719; WR-138719; WR138719; Dactinomycin; Actinomycin A IV; Actinomycin C1; Actinomycin D; Actinomycin I1; Actinomycin IV; Actinomycin X 1; Actinomycin-[thr-val-pro-sar-meval]; Cosmegen; DACT; Dactinomycine; Lyovac Cosmegen; Meractinomycin; Magnetic Resonance Imaging; Magnetic Resonance; Magnetic Resonance Imaging (MRI); Magnetic resonance imaging (procedure); Magnetic Resonance Imaging Scan; Medical Imaging, Magnetic Resonance / Nuclear Magnetic Resonance; MR; MR Imaging; MRI; MRI Scan; MRIs; NMR Imaging; NMRI; Nuclear Magnetic Resonance Imaging; sMRI; Structural MRI; Positron Emission Tomography; Medical Imaging, Positron Emission Tomography; PET; PET Scan; Positron emission tomography (procedure); Positron Emission Tomography Scan; Positron-Emission Tomography; PT; Radiation Therapy; Cancer Radiotherapy; Energy Type; ENERGY_TYPE; Irradiate; Irradiated; Irradiation; Radiation; Radiation Therapy, NOS; Radiotherapeutics; Radiotherapy; RT; Therapy, Radiation; Vincristine Sulfate; Kyocristine; Leurocristine Sulfate; Leurocristine, sulfate; Oncovin; Vincasar; Vincosid; Vincrex; Vincristine, sulfate; Vinorelbine Tartrate; Biovelbin; Eunades; KW 2307; KW-2307; KW2307; Navelbine; Navelbine Ditartrate; NVB; Vinorelbine Ditartrate; X-Ray Imaging; Conventional X-Ray; Diagnostic Radiology; Medical Imaging, X-Ray; Plain film radiographs; Radiographic Imaging; Radiographic imaging procedure (procedure); Radiography; RG; Static X-Ray; X-Ray",cyclophosphamide,Children's Oncology Group,National Cancer Institute (NCI),A Study to Compare Early Use of Vinorelbine and Maintenance Therapy for Patients With High Risk Rhabdomyosarcoma,Alveolar Rhabdomyosarcoma; Botryoid-Type Embryonal Rhabdomyosarcoma; Embryonal Rhabdomyosarcoma; Metastatic Embryonal Rhabdomyosarcoma; Metastatic Rhabdomyosarcoma; Solid Alveolar Rhabdomyosarcoma; Spindle Cell Rhabdomyosarcoma; Spindle Cell/Sclerosing Rhabdomyosarcoma,ACTIVE_NOT_RECRUITING,2026-06-30,Event-free survival (EFS),
NCT05316181,KOV-HIPEC-02R,RECOVER,NCC2021-0334,,HIPEC,,"National Cancer Center, Korea",,"CRS & HIPEC for Platinum-Resistant Recurrent Ovarian Cancer (KOV-02R, RECOVER)",Epithelial Ovarian Cancer; Platinum Resistant; Recurrent Ovarian; HIPEC; Mitomycin; Cytoreductive Surgery,ACTIVE_NOT_RECRUITING,2026-06-30,Progression-free survival (PFS),
NCT05353257,,,HLX10-020-SCLC302,,HLX10; Serplulimab; carboplatin/cisplatin-etoposide; Thoracic radiotherapy; Prophylactic Cranial Irradiation (PCI),hlx10,Shanghai Henlius Biotech,,A Study to Evaluate the Efficacy and Safety of Serplulimab in Combination With Chemotherapy and Concurrent Radiotherapy in Patients With Limited-Stage Small Cell Lung Cancer,Limited-Stage Small Cell Lung Cancer,ACTIVE_NOT_RECRUITING,2026-06-30,Progression-free survival (PFS) | Overall survival (OS),
NCT05457556,,MDS,ASCT2031,NCI-2022-07080; ASCT2031; U10CA180886,"Biospecimen Collection; Biological Sample Collection; Biospecimen Collected; Sample Collection; Specimen Collection; Bone Marrow Aspiration; Busulfan; 1, 4-Bis[methanesulfonoxy]butane; BUS; Busilvex; Bussulfam; Busulfanum; Busulfex; Busulphan; CB 2041; CB-2041; Glyzophrol; GT 41; GT-41; Joacamine; Methanesulfonic Acid Tetramethylene Ester; Methanesulfonic acid, tetramethylene ester; Mielucin; Misulban; Misulfan; Mitosan; Myeleukon; Myeloleukon; Myelosan; Mylecytan; Myleran; Sulfabutin; Tetramethylene Bis(methanesulfonate); Tetramethylene bis[methanesulfonate]; WR-19508; Cyclophosphamide; (-)-Cyclophosphamide; 2H-1,3,2-Oxazaphosphorine, 2-[bis(2-chloroethyl)amino]tetrahydro-, 2-oxide, monohydrate; Asta B 518; B 518; B-518; B518; Carloxan; Ciclofosfamida; Ciclofosfamide; Cicloxal; Clafen; Claphene; CP monohydrate; CTX; CYCLO-cell; Cycloblastin; Cycloblastine; Cyclophospham; Cyclophosphamid monohydrate; Cyclophosphamide Monohydrate; Cyclophosphamidum; Cyclophosphan; Cyclophosphane; Cyclophosphanum; Cyclostin; Cyclostine; Cytophosphan; Cytophosphane; Cytoxan; Fosfaseron; Frindovyx; Genoxal; Genuxal; Ledoxina; Mitoxan; Neosar; Revimmune; Syklofosfamid; WR 138719; WR- 138719; WR-138719; WR138719; Echocardiography Test; EC; Echocardiography; Fludarabine; Fluradosa; Haploidentical Hematopoietic Cell Transplantation; Haploidentical Stem Cell Transplantation; HLA-Haploidentical Hematopoietic Cell Transplantation; Stem Cell Transplantation, Haploidentical; Lapine T-Lymphocyte Immune Globulin; Anti-Thymocyte Globulin Rabbit; Antithymocyte Globulin Rabbit; Antithymocyte globulin rabbit ATG; Grafalon; Imtix; Rabbit Anti-Human Thymocyte Globulin (RATG); Rabbit Anti-Thymocyte Globulin; Rabbit Antithymocyte Globulin; Rabbit ATG; Thymoglobulin; Lumbar Puncture; LP; Spinal Tap; Matched Unrelated Donor Hematopoietic Cell Transplantation; MUD-HCT; Melphalan; Alanine Nitrogen Mustard; CB-3025; L-PAM; L-Phenylalanine Mustard; L-Sarcolysin; L-Sarcolysin Phenylalanine mustard; L-Sarcolysine; Melphalan for Injection-Hepatic Delivery System; Melphalanum; Phenylalanine Mustard; Phenylalanine Nitrogen Mustard; Sarcoclorin; Sarkolysin; WR-19813; Methotrexate; Abitrexate; Alpha-Methopterin; Amethopterin; Brimexate; CL 14377; CL-14377; Emtexate; Emthexat; Emthexate; Farmitrexat; Fauldexato; Folex; Folex PFS; Jylamvo; Lantarel; Ledertrexate; Lumexon; Maxtrex; Medsatrexate; Metex; Methoblastin; Methotrexate LPF; Methotrexate Methylaminopterin; Methotrexatum; Metotrexato; Metrotex; Mexate; Mexate-AQ; MTX; Novatrex; Rheumatrex; Texate; Tremetex; Trexeron; Trixilem; WR-19039; Multigated Acquisition Scan; Blood Pool Scan; Equilibrium Radionuclide Angiography; Gated Blood Pool Imaging; Gated Heart Pool Scan; MUGA; MUGA Scan; Multi-Gated Acquisition Scan; Radionuclide Ventriculogram Scan; Radionuclide Ventriculography; RNV Scan; RNVG; SYMA Scanning; Synchronized Multigated Acquisition Scanning; Mycophenolate Mofetil; CellCept; MMF; Myhibbin; Myeloablative Conditioning; Myeloablation; Myeloablative; Myeloablative Cytoreduction; Quality-of-Life Assessment; Quality of Life Assessment; Questionnaire Administration; Rituximab; ABP 798; ABP-798; ABP798; BI 695500; BI-695500; BI695500; Blitzima; C2B8 Monoclonal Antibody; Chimeric Anti-CD20 Antibody; CT P10; CT-P10; CTP10; GP 2013; GP-2013; GP2013; IDEC 102; IDEC-102; IDEC-C2B8; IDEC-C2B8 Monoclonal Antibody; IDEC102; Ikgdar; Mabtas; MabThera; Monoclonal Antibody IDEC-C2B8; PF 05280586; PF-05280586; PF05280586; Riabni; Ritemvia; Rituxan; Rituximab ABBS; Rituximab ARRX; Rituximab Biosimilar ABP 798; Rituximab Biosimilar BI 695500; Rituximab Biosimilar CT-P10; Rituximab Biosimilar GB241; Rituximab Biosimilar GP2013; Rituximab Biosimilar IBI301; Rituximab Biosimilar JHL1101; Rituximab Biosimilar PF-05280586; Rituximab Biosimilar RTXM83; Rituximab Biosimilar SAIT101; Rituximab Biosimilar SIBP-02; rituximab biosimilar TQB2303; Rituximab PVVR; Rituximab-abbs; Rituximab-arrx; Rituximab-blit; Rituximab-pvvr; Rituximab-rite; Rituximab-rixa; Rituximab-rixi; Rixathon; Riximyo; RTXM 83; RTXM-83; RTXM83; Ruxience; Truxima; T-Cell Depletion Therapy; T-Cell Depletion; T-Lymphocyte Depletion Therapy; Tacrolimus; FK 506; FK-506; FK506; Fujimycin; Hecoria; Prograf; Protopic; Tacforius; Thiotepa; 1,1',1''-Phosphinothioylidynetrisaziridine; Girostan; N,N', N''-Triethylenethiophosphoramide; Oncotiotepa; SH 105; SH-105; SH105; STEPA; Tepadina; Tepylute; TESPA; Tespamin; Tespamine; Thio-Tepa; Thiofosfamide; Thiofozil; Thiophosphamide; Thiophosphoamide; Thiophosphoramide; Thiotef; Tifosyl; TIO TEF; Tio-tef; Triethylene Thiophosphoramide; Triethylenethiophosphoramide; Tris(1-aziridinyl)phosphine sulfide; TSPA; WR 45312; Total-Body Irradiation; SCT_TBI; TBI; Total Body Irradiation; Whole Body; Whole Body Irradiation; Whole-Body Irradiation",busulfan,Children's Oncology Group,,"Mismatched Related Donor Versus Matched Unrelated Donor Stem Cell Transplantation for Children, Adolescents, and Young Adults With Acute Leukemia or Myelodysplastic Syndrome",Acute Lymphoblastic Leukemia; Acute Myeloid Leukemia; Mixed Phenotype Acute Leukemia; Myelodysplastic Syndrome,ACTIVE_NOT_RECRUITING,2026-06-30,Severe GVHD (Grade III-IV acute GVHD or chronic GVHD requiring systemic immunosuppressive therapy) | Disease free survival (DFS) (where an event is the occurrence of death from any cause or relapse),
NCT05652894,,,HX008-III-CRC-01,,HX008(Pucotenlimab); Investigator's Choice Chemotherapy,hx008,Taizhou Hanzhong biomedical co. LTD,,A Study of HX008 Compared to Chemotherapy in the First-Line Treatment of Subjects With MSI-H/dMMR Metastatic Colorectal Cancer,Metastatic Colorectal Cancer,ACTIVE_NOT_RECRUITING,2026-06-30,Progression-free Survival (PFS) per Response Evaluation Criteria in Solid Tumors Version 1.1 (RECIST 1.1) by Independent Review Committee(IRC),
NCT06485466,,,IIT2024041,,TACE plus camrelizumab and apatinib; Camrelizumab and apatinib,tace plus camrelizumab and apatinib,Guohui Xu,,TACE Plus Camrelizumab and Apatinib for Unresectable Hepatocellular Carcinoma,Unresectable Hepatocellular Carcinoma; Transarterial Chemoembolization; Camrelizumab; Apatinib,RECRUITING,2026-06-30,progression free survival (PFS),
NCT06820957,,,AEWS2431,NCI-2025-00801; AEWS2431; U10CA180886,"Biopsy Procedure; Biopsy; BIOPSY_TYPE; Bx; Biospecimen Collection; Biological Sample Collection; Biospecimen Collected; Sample Collection; Specimen Collection; Bone Marrow Aspiration; Bone Marrow Biopsy; Biopsy of Bone Marrow; Biopsy, Bone Marrow; Computed Tomography; CAT; CAT Scan; Computed Axial Tomography; Computerized Axial Tomography; Computerized axial tomography (procedure); Computerized Tomography; Computerized Tomography (CT) scan; CT; CT Scan; Diagnostic CAT Scan; Diagnostic CAT Scan Service Type; tomography; Cyclophosphamide; (-)-Cyclophosphamide; 2H-1,3,2-Oxazaphosphorine, 2-[bis(2-chloroethyl)amino]tetrahydro-, 2-oxide, monohydrate; Asta B 518; B 518; B-518; B518; Carloxan; Ciclofosfamida; Ciclofosfamide; Cicloxal; Clafen; Claphene; CP monohydrate; CTX; CYCLO-cell; Cycloblastin; Cycloblastine; Cyclophospham; Cyclophosphamid monohydrate; Cyclophosphamide Monohydrate; Cyclophosphamidum; Cyclophosphan; Cyclophosphane; Cyclophosphanum; Cyclostin; Cyclostine; Cytophosphan; Cytophosphane; Cytoxan; Fosfaseron; Frindovyx; Genoxal; Genuxal; Ledoxina; Mitoxan; Neosar; Revimmune; Syklofosfamid; WR 138719; WR- 138719; WR-138719; WR138719; Doxorubicin Hydrochloride; 5,12-Naphthacenedione, 10-[(3-amino-2,3,6-trideoxy-alpha-L-lyxo-hexopyranosyl)oxy]-7,8, 9,10-tetrahydro-6,8,11-trihydroxy-8-(hydroxyacetyl)-1-methoxy-, hydrochloride, (8S-cis)- (9CI); ADM; Adriacin; Adriamycin; Adriamycin Hydrochloride; Adriamycin PFS; Adriamycin RDF; ADRIAMYCIN, HYDROCHLORIDE; Adriamycine; Adriblastina; Adriblastine; Adrimedac; Chloridrato de Doxorrubicina; DOX; DOXO-CELL; Doxolem; Doxorubicin HCl; Doxorubicin.HCl; Doxorubin; Farmiblastina; FI 106; FI-106; FI106; hydroxydaunorubicin; Rubex; Echocardiography Test; EC; Echocardiography; Etoposide; Demethyl Epipodophyllotoxin Ethylidine Glucoside; EPEG; Lastet; Toposar; Vepesid; VP 16; VP 16-213; VP 16213; VP-16; VP-16-213; VP-16213; VP16; VP16213; Fludeoxyglucose F-18; 18FDG; FDG; Fludeoxyglucose (18F); fludeoxyglucose F 18; Fludeoxyglucose F18; Fluorine-18 2-Fluoro-2-deoxy-D-Glucose; Fluorodeoxyglucose F18; Ifosfamide; Asta Z 4942; Asta Z-4942; Cyfos; Holoxan; Holoxane; Ifex; IFO; IFO-Cell; Ifolem; Ifomida; Ifomide; Ifosfamidum; Ifoxan; IFX; Iphosphamid; Iphosphamide; Iso-Endoxan; Isoendoxan; Isophosphamide; Mitoxana; MJF 9325; MJF-9325; Naxamide; Seromida; Tronoxal; Z 4942; Z-4942; Irinotecan Hydrochloride; Campto; Camptosar; Camptothecin 11; Camptothecin-11; CPT 11; CPT-11; CPT11; Irinomedac; Irinotecan Hydrochloride Trihydrate; Irinotecan Monohydrochloride Trihydrate; U 101440E; U-101440E; U101440E; Magnetic Resonance Imaging; Magnetic Resonance; Magnetic Resonance Imaging (MRI); Magnetic resonance imaging (procedure); Magnetic Resonance Imaging Scan; Medical Imaging, Magnetic Resonance / Nuclear Magnetic Resonance; MR; MR Imaging; MRI; MRI Scan; MRIs; NMR Imaging; NMRI; Nuclear Magnetic Resonance Imaging; sMRI; Structural MRI; Positron Emission Tomography; Medical Imaging, Positron Emission Tomography; PET; PET Scan; Positron emission tomography (procedure); Positron Emission Tomography Scan; Positron-Emission Tomography; PT; Questionnaire Administration; Radiation Therapy; Cancer Radiotherapy; Energy Type; ENERGY_TYPE; Irradiate; Irradiated; Irradiation; Radiation; Radiation Therapy, NOS; Radiotherapeutics; Radiotherapy; RT; Therapy, Radiation; Regorafenib; BAY 73-4506 Monohydrate; BAY-73-4506 Monohydrate; Regorafenib Monohydrate; Stivarga; Surgical Procedure; Operation; Surgery; Surgery Type; Surgery, NOS; Surgical; Surgical Intervention; Surgical Interventions; Surgical Procedures; Type of Surgery; Vincristine Sulfate; Kyocristine; Leurocristine Sulfate; Leurocristine, sulfate; Oncovin; Vincasar; Vincosid; Vincrex; Vincristine, sulfate",irinotecan hydrochloride,Children's Oncology Group,,Testing a New Combination of Anti-cancer Drugs in Patients Newly Diagnosed With Ewing Sarcoma Who Have Cancer That Has Spread to Other Parts of the Body,"CIC-Rearranged Sarcoma; Metastatic Ewing Sarcoma; Metastatic High Grade Sarcoma; Metastatic Undifferentiated Round Cell Sarcoma; Metastatic Undifferentiated Sarcoma, Not Otherwise Specified; Round Cell Sarcoma With EWSR1-non-ETS Fusion; Sarcoma With BCOR Genetic Alterations",TERMINATED,2026-06-30,Time to event-free survival (EFS) post-Consolidation I (C1),
NCT07371897,SHINE,,SYSUCC-HN-2024-SHINE,,Docetaxel and Cisplatin; Taxotere；Platinol; Toripalimab,docetaxel and cisplatin,Sun Yat-sen University,,Toripalimab ± Chemo as Neoadjuvant Therapy in LA-HNSCC: A Phase III Trial,Head and Neck Squamous Cell Carcinoma HNSCC,NOT_YET_RECRUITING,2026-06-30,2-year Event-Free Survival | 2-year Event-Free Survival (EFS),
NCT03836014,CONFIRM,,D20180138,2016-002129-12,Daratumumab/Lenalidomide/Dexamethasone for 24 months; Daratumumab/Lenalidomide/Dexamethasone until progression,daratumumab/lenalidomide/dexamethasone for 24 months,Assistance Publique - Hôpitaux de Paris,,"Study Comparing Continuous Versus Fixed Duration Therapy With Daratumumab, Lenalidomide, and Dexamethasone for Relapsed Multiple Myeloma",Multiple Myeloma in Relapse,ACTIVE_NOT_RECRUITING,2026-07,overall survival,non-inferiority mentioned
NCT04193059,PANSY,,2018-68-1461,,Paclitaxel; Carboplatin; Epirubicin; Cyclophosphamide; Trastuzumab; Pertuzumab; Docetaxel,paclitaxel,Fudan University,,Study Comparing EC-T Verses PCb in the Adjuvant Chemotherapy of Non-triple Negative Breast Cancer,Breast Cancer,ACTIVE_NOT_RECRUITING,2026-07,disease free survival,
NCT05943795,,,SI-B001-301,,SI-B001; Docetaxel,si-b001,"Sichuan Baili Pharmaceutical Co., Ltd.",,A Clinical Study of SI-B001 Combined With Docetaxel in the Treatment of Non-small Cell Lung Adenocarcinoma and Lung Squamous Cell Carcinoma,Non-small Cell Lung Adenocarcinoma; Squamous Cell Carcinoma of Lung,ACTIVE_NOT_RECRUITING,2026-07,Overall survival (OS) | Progression-free survival (PFS),
NCT06279364,,,SKB264-Ⅲ-11,,SKB264; Paclitaxel; Nab-paclitaxel; Capecitabine; Eribulin; Carboplatin,skb264,"Sichuan Kelun-Biotech Biopharmaceutical Co., Ltd.",,A Study of SKB264 Versus Investigator's Choice Chemotherapy in Patients With Unresectable Recurrent or Metastatic Triple-Negative Breast Cancer,Triple Negative Breast Cancer,RECRUITING,2026-07,Overall Survival (OS) | Progression Free Survival (PFS) assessed by Blinded Independent Central Review (BICR),
NCT06738251,,,SHR-A2102-301,,SHR-A2102 for Injection; Docetaxel Injection; Paclitaxel Injection; Gemcitabine Hydrochloride for Injection; Pemetrexed Disodium for Injection,shr-a2102 for injection,"Shanghai Hengrui Pharmaceutical Co., Ltd.",,A Phase III Study of SHR-A2102 Versus Investigator-selected Therapy in Advanced Urothelial Carcinoma,Advanced Urothelial Carcinoma,RECRUITING,2026-07,Progression-free Survival (PFS) | Overall Survival (OS),
NCT05198609,,,MA-HCC-II-013,,FOLFOX-HAIC; Camrelizumab; Apatinib,,Sun Yat-sen University,"First People's Hospital of Foshan; Zhongshan People's Hospital, Guangdong, China; Affiliated Hospital of Guangdong Medical University; Shandong Provincial Hospital","Camrelizumab, Apatinib Plus HAIC Versus Camrelizumab and Apatinib for HCC With Portal Vein Invasion: a Randomized Trial",Hepatocellular Carcinoma,ACTIVE_NOT_RECRUITING,2026-07-01,Overall survival,
NCT05798793,NEOPCOSCC,,WuhanHStomatology,,"Camrelizumab plus TP; SHR-1210 plus Docetaxel, Cisplatin; TP; Docetaxel, Cisplatin",camrelizumab plus tp,"Hospital of Stomatology, Wuhan University","Jiangsu HengRui Medicine Co., Ltd.",Neoadjuvant Anti-PD-1 Immunotherapy With Chemotherapy in Resectable Locally Advanced Oral Squamous Cell Carcinoma,Oral Squamous Cell Carcinoma,UNKNOWN,2026-07-01,Event-free Survival (EFS) Rate on Each Treatment Arm.,
NCT05862064,,,BCTOP-T-A02,,"epirubicin,cyclophosphamide,paclitaxel,Carrelizumab; epirubicin,cyclophosphamide,paclitaxel","epirubicin,cyclophosphamide,paclitaxel,carrelizumab",Fudan University,,"A Multi-center, Randomized, Open-label, Phase III Study Comparing PD-1 Inhibitor Combined With Antivascular Therapy and Anthracycline/Taxane-based Adjuvant Chemotherapy Versus Anthracycline/Taxane-based Adjuvant Chemotherapy Alone in Patients With Operable Triple-negative Breast Cancer",TNBC - Triple-Negative Breast Cancer,RECRUITING,2026-07-01,iDFS,
NCT05919030,,,WDRY2023-K088,,Intensity-modulated radiotherapy (IMRT); Tislelizumab; Cisplatin; Nab paclitaxel,,Renmin Hospital of Wuhan University,,A Study of Chemoradiation in Combination with Tislelizumab As First Line Treatment in Participants with Advanced Esophageal Squamous Cell Carcinoma,Esophageal Squamous Cell Carcinoma,RECRUITING,2026-07-01,Progression-Free Survival (PFS),
NCT06319313,,,JMT101-013,,JMT101; docetaxel; HB1801,jmt101,Shanghai JMT-Bio Inc.,,Efficacy and Safety of JMT101 Combined Wth Docetaxel / HB1801 in Patients With Squamous Cell Non-Small Cell Lung Cancer,Squamous Cell Non-small Cell Lung Cancer,NOT_YET_RECRUITING,2026-07-01,Overall response rate (ORR) | Overall Survival (OS) | Incidence and severity of adverse events (AE) and serious adverse events (SAE),
NCT07348575,,,BR/AF/SG-05/1.1,,R-CHOP; Decitabine in combination with R-CHOP,decitabine in combination with r-chop,Second Affiliated Hospital of Nanchang University,,"A Multicenter, Prospective, Randomized, Controlled Study of Decitabine in Combination With R-CHOP for Initial Treatment of EBV+ Diffuse Large B-cell Lymphoma","Lymphoma, Large-Cell, Diffuse",ENROLLING_BY_INVITATION,2026-07-01,2-year progression-free survival,
NCT07152821,BATTMAN,,CO33,,Best Supportive Care; Balstilimab; Botensilimab,balstilimab,Canadian Cancer Trials Group,Agenus Inc.; Australasian Gastro-Intestinal Trials Group; UNICANCER,"Botensilimab + Balstilimab vs Best Supportive Care as Therapy in Chemo-refractory, Unresectable, Colorectal Adenocarcinoma",Colorectal Cancer,TERMINATED,2026-07-13,Overall Survival,
NCT05445791,METLUNG,,(020/023/ICI) (CEI/1421/19),,Metformin Hydrochloride; FICONAX,metformin hydrochloride,Instituto Nacional de Cancerologia de Mexico,,Metformin Plus Tyrosine Kinase Inhibitors for Treatment of Patients With Non-small Cell Lung Cancer With EGFR Mutations,Non Small Cell Lung Cancer,RECRUITING,2026-07-14,Progression-free survival,
NCT05948072,,,NEO-HR-CRLM,,mFOLFOX6 + Cetuximab; mFOLFOX 6,mfolfox6 + cetuximab,Fudan University,,Cetuximab+mFOLFOX6 VS. mFOLFOX6 Alone in RAS/BRAF Wild Type Patients With High-Risk Resectable CRLM,Colorectal Cancer; Liver Metastases,UNKNOWN,2026-07-15,Event-free survival,
NCT06057610,,,SHR-A1811-307,,SHR-A1811 Injection; SHR-A1811 Injection ； Pertuzumab Injection; Trastuzumab Injection；Pertuzumab Injection ； Docetaxel Injection,shr-a1811 injection,"Jiangsu HengRui Medicine Co., Ltd.",,A Phase III Study of SHR-A1811 Injection With or Without Pertuzumab in HER2-Positive Recurrent or Metastatic Breast Cancer,HER2-PositiveRecurrent or Metastatic Breast Cancer,ACTIVE_NOT_RECRUITING,2026-07-15,Progression Free Survival by Blinded Independent Central Review,
NCT04543617,SKYSCRAPER-07,,YO42137,2020-001178-31,"Tiragolumab; MTIG7192A, RO7092284; Atezolizumab; Tecentriq, RO5541267",tiragolumab,Hoffmann-La Roche,,A Study of Atezolizumab With or Without Tiragolumab in Participants With Unresectable Esophageal Squamous Cell Carcinoma Whose Cancers Have Not Progressed Following Definitive Concurrent Chemoradiotherapy,Esophageal Squamous Cell Carcinoma,COMPLETED,2026-07-22,Arm A vs Arm C: Investigator-Assessed Progression-Free Survival (PFS) | Arm A vs Arm C: Overall Survival (OS) | Arm B vs Arm C: OS,
NCT04884360,MONO-OLA1,,D9319C00001,2020-005960-68,Olaparib,olaparib,AstraZeneca,,D9319C00001- 1L OC Mono Global RCT,Ovarian Cancer,ACTIVE_NOT_RECRUITING,2026-07-27,Superiority of olaparib as maintenance treatment relative to placebo by assessment of PFS in participants with Stage III/IV ovarian cancer with a BRCAwt HRD positive tumour and a CR/PR following standard 1st line platinum based chemotherapy treatment. | Superiority of olaparib as maintenance treatment relative to placebo by assessment of PFS in participants with Stage III/IV ovarian cancer with a BRCAwt tumour and a CR/PR following standard 1st line platinum-based chemotherapy treatment.,
NCT06980272,,,SSGJ-707-NSCLC-III-01,,SSGJ-707; Pembrolizumab,ssgj-707,"Shenyang Sunshine Pharmaceutical Co., LTD.",,SSGJ-707 in Advanced Non-Small Cell Lung Cancer,Advanced Non-Small Cell Lung Cancer,RECRUITING,2026-07-30,PFS assessed by IRRC per RECIST v1.1,
NCT03711032,,MK-3475-676/KEYNOTE-676; KEYNOTE-676,3475-676,MK-3475-676; 194713; jRCT2031200390; 2022-501817-29-00; U1111-1282-1555; 2018-001967-22,Pembrolizumab; KEYTRUDA®; MK-3475; BCG; TICE® BCG; OncoTICE®,pembrolizumab,Merck Sharp & Dohme LLC,,Efficacy and Safety of Pembrolizumab (MK-3475) in Combination With Bacillus Calmette-Guerin (BCG) in High-Risk Non-Muscle Invasive Bladder Cancer (HR NMIBC) (MK-3475-676/KEYNOTE-676),High-risk Non-muscle Invasive Bladder Cancer,ACTIVE_NOT_RECRUITING,2026-07-31,Complete Response Rate (CRR) by Blinded Independent Central Review (BICR) (Cohort A) | Event-Free Survival (EFS) (Cohort B),
NCT04495088,,,ACO/ARO/AIO-18.2,2018-001356-35,"mFOLFOX (neoadjuvant); Folinic acid, Oxaliplatin, 5-FU; XELOX (neoadjuvant); Capecitabine, Oxaliplatin; mFOLFOX (adjuvant); XELOX (adjuvant); Capecitabine (adjuvant); Capecitabine; infusional 5-FU/FA ""AIO"" regimen (adjuvant); 5-FU, Folinic acid; infusional 5-FU/FA ""de Gramont"" (adjuvant)",mfolfox,Ralf Hofheinz,"Deutsche Krebshilfe e.V., Bonn (Germany); Institut für Klinische Krebsforschung IKF GmbH at Krankenhaus Nordwest; German Rectal Cancer Study Group",Preoperative FOLFOX Versus Postoperative Risk-adapted Chemotherapy in Patients With Locally Advanced Rectal Cancer,Rectal Cancer,TERMINATED,2026-07-31,disease-free survival,
NCT04639180,,,SHR-1210-III-325,,Camrelizumab; Rivoceranib (Apatinib),camrelizumab,"Jiangsu HengRui Medicine Co., Ltd.",,A Study to Evaluate Camrelizumab Plus Rivoceranib (Apatinib) as Adjuvant Therapy in Patients With Hepatocellular Carcinoma (HCC) at High Risk of Recurrence After Curative Resection or Ablation,Hepatocellular Carcinoma (HCC),ACTIVE_NOT_RECRUITING,2026-07-31,"Recurrence-Free Survival (RFS), as Determined by the blinded independent review committee (BIRC)",
NCT06492395,,,MIIR-18,,Len+DEB-TACE+HAIC; Len+DEB-TACE,len+deb-tace+haic,Second Affiliated Hospital of Guangzhou Medical University,,Lenvatinib Plus DEB-TACE and HAIC vs. Lenvatinib Plus DEB-TACE for Large HCC With PVTT,Hepatocellular Carcinoma Non-resectable,RECRUITING,2026-07-31,Time to progression (TTP),
NCT04254263,ATP,,KY2019-070,,pyrotinib,pyrotinib,RenJi Hospital,,Adjuvant Study of Pyrotinib in HER-2 Positive Breast Cancer,Locally Advanced Breast Cancer,RECRUITING,2026-08,Invasive Disease-free Survival (iDFS),
NCT04448522,,,SYSUCC-MYC-2020-1201,,reduced dosage IMRT; conventional dosage IMRT,,Sun Yat-sen University,"National Cancer Centre, Singapore; Affiliated Cancer Hospital & Institute of Guangzhou Medical University; Zhongshan People's Hospital, Guangdong, China; Yuebei People's Hospital; Wuzhou Red Cross Hospital",Reduced vs Conventional Dosage Intensity-modulated Radiotherapy for Chemotherapy-sensitive Stage II-III Nasopharyngeal Carcinoma,Nasopharyngeal Carcinoma; Radiotherapy; Chemotherapy,RECRUITING,2026-08,Progress-free survival (PFS),
NCT05059379,SUCLANODE,,FDRT-BC017,,Entire supraclavicular lymph node radiotherapy; Medial supraclavicular lymph node radiotherapy,,Fudan University,The First Affiliated Hospital of University of Science and Technology of China; Quanzhou First Hospital; Jiangyin People's Hospital; Affiliated Hospital of Jiangnan University; Guizhou Provincial People's Hospital,Medial vs. Entire Supraclavicular Lymph Node Radiation Therapy for Patients With Invasive Breast Cancer,Breast Cancer; Radiotherapy; Complications; Effect of Radiation Therapy,RECRUITING,2026-08,Disease free survival (DFS ),
NCT05597917,TRABTRAP,STS,WWU19_0007,2024-516392-33-00; 2020-005858-21,Trabectedin; Yondelis; tTF-NGR,ttf-ngr,Universität Münster,Anturec Pharmaceuticals GmbH,tTF-NGR Randomized Study - STS,Soft Tissue Sarcoma,RECRUITING,2026-08,Efficacy: Prolongation of progression-free survival (PFS) according to iRECIST as judged by central radiology in a blinded fashion after end of trial.,
NCT01917552,,KCSG ST14-05,AMC1301,,capecitabine; Xeloda,capecitabine,Asan Medical Center,Ulsan University Hospital; Seoul National University Bundang Hospital; Gangnam Severance Hospital; Seoul National University Boramae Hospital; Ajou University School of Medicine; Chung-Ang University Hospital; Hallym University Medical Center; Inje University Haeundae Paik Hospital; Kyung Hee University Hospital; Gachon University Gil Medical Center; Kangbuk Samsung Hospital; Kyungpook National University Hospital,Adjuvant Capecitabine Versus Observation Alone in Curatively Resected Stage IB Gastric Cancer((KCSG ST14-05): CATALYSIS,Gastric Cancer,UNKNOWN,2026-08-01,recurrence-free survival,
NCT02954874,,,NCI-2016-01595,NCI-2016-01595; S1418/BR006; s16-02231; S1418; U10CA180888,"Biospecimen Collection; Biological Sample Collection; Biospecimen Collected; Sample Collection; Specimen Collection; Laboratory Biomarker Analysis; Patient Observation; Active Surveillance; deferred therapy; expectant management; Observation; Watchful Waiting; Pembrolizumab; BCD-201; GME 751; GME751; Keytruda; Lambrolizumab; MK 3475; MK-3475; MK3475; Pembrolizumab Biosimilar BCD-201; Pembrolizumab Biosimilar GME751; Pembrolizumab Biosimilar QL2107; Pembrolizumab Biosimilar RPH-075; Pembrolizumab Biosimilar SB27; QL2107; RPH 075; RPH-075; RPH075; SB 27; SB-27; SB27; SCH 900475; SCH-900475; SCH900475; Quality-of-Life Assessment; Quality of Life Assessment; Questionnaire Administration; Radiation Therapy; Cancer Radiotherapy; Energy Type; ENERGY_TYPE; Irradiate; Irradiated; Irradiation; Radiation; Radiation Therapy, NOS; Radiotherapeutics; Radiotherapy; RT; Therapy, Radiation",pembrolizumab,National Cancer Institute (NCI),,Testing MK-3475 (Pembrolizumab) as Adjuvant Therapy for Triple Receptor-Negative Breast Cancer,Breast Carcinoma In Situ; Invasive Breast Carcinoma; Stage I Breast Cancer AJCC v7; Stage II Breast Cancer AJCC v6 and v7; Stage III Breast Cancer AJCC v7; Triple-Negative Breast Carcinoma,ACTIVE_NOT_RECRUITING,2026-08-03,Invasive disease-free survival (IDFS) | Severity of fatigue | Physical function,
NCT07865988,,,MCI-MONCO6,,Melatonin,melatonin,Menoufia University,,Efficacy of High-Dose Melatonin in Alleviating Radiotherapy-Induced Fatigue in Breast Cancer Patients: A Randomized Phase II Trial,Breast Cancer; Radiotherapy Induced Fatigue,COMPLETED,2026-08-09,Assessment of Change in Fatigue Severity: Measured via the Piper Fatigue Scale (PFS),
NCT05211895,PACIFIC-8,,D9075C00001,2021-004327-32,Durvalumab; Domvanalimab,domvanalimab,AstraZeneca,"Arcus Biosciences, Inc.",A Global Study to Assess the Effects of Durvalumab + Domvanalimab Following Concurrent Chemoradiation in Participants With Stage III Unresectable NSCLC,Non-Small Cell Lung Cancer,ACTIVE_NOT_RECRUITING,2026-08-10,Progression Free Survival (PFS),
NCT03399110,,LOMAC,LOMAC,,Oxaliplatin; Eloxatin; Capecitabine; Xeloda,,Fudan University,,XELOX for 4 Months Versus 6 Months in Gastric Cancer (LOMAC),Gastric Cancer,COMPLETED,2026-08-15,DFS,non-inferiority mentioned
NCT05789043,,,MA-MM-III-004,,camrelizumab+apatinib+TMZ; camrelizumab+apatinib; camrelizumab,camrelizumab+apatinib+tmz,Peking University Cancer Hospital & Institute,,Camrelizumab in Combination With Apatinib and Temozolomide as First-line Treatment in Advanced Acral Melanoma,Acral Melanoma,RECRUITING,2026-08-15,"Progression Free Survival, PFS",
NCT06519370,,,F0024-301,,FDA018-ADC; FDA018-Antibody-drug Conjugate; Eribulin; Halaven; Capecitabine; Xeloda; Gemcitabine; Gemzar; Vinorelbine; Navelbine,fda018-adc,"Shanghai Fudan-Zhangjiang Bio-Pharmaceutical Co., Ltd.",,"FDA018-ADC vs Investigator's Choice Chemotherapy to Treat Locally Advanced, Recurrent or Metastatic Triple-negative Breast Cancer",Triple Negative Breast Cancer,ACTIVE_NOT_RECRUITING,2026-08-18,Progression-free survival (PFS) | Overall Survival (OS),
NCT06619236,RAINFOL-02,,GCT1184-02,jRCT2031250064; CTR20253987; PRO1184-002; GOG-3107; ENGOT-OV86; 2024-514822-21,Rina-S; PRO1184; Rinatabart Sesutecan; GEN1184; Paclitaxel; Topotecan; Pegylated liposomal doxorubicin (PLD); Gemcitabine,rina-s,Genmab,,Study to Assess the Efficacy of Rina-S Compared to Treatment of Investigator's Choice in Participants With Platinum Resistant Ovarian Cancer,Platinum-resistant Ovarian Cancer,ACTIVE_NOT_RECRUITING,2026-08-18,Progression-Free Survival (PFS),
NCT04339218,CRYOMUNE,,IB 2019-05,2019-A02477-50,Cryoablation; Pembrolizumab; Pemetrexed; Carboplatin,,Institut Bergonié,,Cryoablation in Combination (or Not) With Pembrolizumab and Pemetrexed-carboplatin in 1st-line Treatment for Patients With Metastatic Lung Adenocarcinoma,Lung Adenocarcinoma; Cryotherapy Effect,RECRUITING,2026-08-27,1-year overall survival rate,
NCT05254171,ASPIRE,,CL-SBP-101-04,,SBP-101; ivospemin; Nab-paclitaxel; Abraxane; Gemcitabine; Gemzar,sbp-101,"Panbela Therapeutics, Inc.",,Study of Nab-Paclitaxel and Gemcitabine With or Without SBP-101 in Pancreatic Cancer,Pancreatic Cancer Metastatic; Pancreatic Ductal Adenocarcinoma; Pancreatic Cancer Stage IV,RECRUITING,2026-08-29,Overall Survival (OS),
NCT06152575,,,C1071032,MAGNETISMM-32; 2023-507871-23-00,Elranatamab; Elotuzumab; Pomalidomide; Dexamethasone; Bortezomib; Carfilzomib,elranatamab,Pfizer,,MagnetisMM-32: A Study to Learn About the Study Medicine Called Elranatamab in People With Multiple Myeloma (MM) That Has Come Back After Taking Other Treatments (Including Prior Treatment With an Anti-CD38 Antibody and Lenalidomide),Multiple Myeloma,RECRUITING,2026-08-30,Progression free survival per International Myeloma Working Group criteria,
NCT03840421,,,2018-FXY-140,,gemcitabine and cisplatin; gemcitabine and cisplatin (GP); cisplatin and fluorouracil; cisplatin and fluorouracil (PF); IMRT; cisplatin; cisplatin（DDP）,gemcitabine and cisplatin,Sun Yat-sen University,"First Affiliated Hospital, Sun Yat-Sen University; Guangdong Provincial People's Hospital; Affiliated Cancer Hospital & Institute of Guangzhou Medical University",GP Vs PF As Induction Chemotherapy Combined with CCRT for Locoregionally Advanced Nasopharyngeal Carcinoma,Nasopharyngeal Carcinoma; Nasopharyngeal Neoplasms; Nasopharyngeal Diseases; Head and Neck Neoplasm,ACTIVE_NOT_RECRUITING,2026-08-31,progress-free survival (PFS),
NCT03534713,ONCOCOL01,,RC31/17/0213,,Carboplatin; Carbo; Paclitaxel; Taxol; Cisplatin; Platinol; Radiotherapy; radiation therapy,carboplatin,"University Hospital, Toulouse",Institut Claudius Regaud,Induction Chemotherapy Followed by Standard Therapy in Cervical Cancer With Aortic Lymph Node Spread,Cervical Cancer TNM Staging Regional Lymph Nodes (N),RECRUITING,2026-09,Overall survival,
NCT04453826,,,SYSUCC-MYC-2020-1103,,Camrelizumab plus chemo-radiotherapy; Chemo-radiotherapy alone,camrelizumab plus chemo-radiotherapy,Sun Yat-sen University,"Affiliated Cancer Hospital & Institute of Guangzhou Medical University; Zhongshan People's Hospital, Guangdong, China; Yuebei People's Hospital; Wuzhou Red Cross Hospital; Fifth Affiliated Hospital, Sun Yat-Sen University",Concurrent and Adjuvant PD1 Treatment Combined With Chemo-radiotherapy for High-risk Nasopharyngeal Carcinoma,Nasopharyngeal Cancer; Chemotherapy; Radiotherapy; PD-1 Therapy,RECRUITING,2026-09,Progress-free survival (PFS),
NCT05522660,USZ-STRIKE,,ETOP 19-21,,Stereotactic radiosurgery; Immune checkpoint inhibitor; standard of care treatment,,ETOP IBCSG Partners Foundation,USZ Foundation,Immunotherapy or Targeted Therapy With or Without Stereotactic Radiosurgery for Patients With Brain Metastases From Melanoma or Non-small Cell Lung Cancer,Non-Small Cell Lung Cancer; Melanoma,RECRUITING,2026-09,"CNS-specific PFS, locally assessed as per iRANO criteria",
NCT05699746,,,IR2022577,,Capecitabine tablets; Oxaliplatin,capecitabine tablets,Zhejiang University,"GeneCast Biotechnology Co., Ltd.",CAPEOX vs Observation in Colorectal Cancer Patients With Positive MRD,Colorectal Cancer,NOT_YET_RECRUITING,2026-09,Recurrence-free survival,
NCT05717764,,,HE071-031,,Mitoxantrone hydrochloride liposome injection; Capecitabine,mitoxantrone hydrochloride liposome injection,"CSPC Zhongnuo Pharmaceutical (Shijiazhuang) Co., Ltd.",,Clinical Study of Mitoxantrone Hydrochloride Liposome Injection Combined With Capecitabine Versus Capecitabine Monotherapy in Patients With Recurrent Metastatic Nasopharyngeal Carcinoma Who Failed Platinum-containing Treatment,Recurrent Metastatic Nasopharyngeal Carcinoma,NOT_YET_RECRUITING,2026-09,Progression-free survival (PFS) assessed by the independent review committee (IRC) | Overall survival (OS),
NCT06123884,,,BAT-1308-002-CR,,Recombinant humanized anti-PD-1 monoclonal antibody injection; BAT1308 injection; Cisplatin; Shunbo; Bevacizumab Injection; Pobevcy; carboplatin; Bobei; Paclitaxel for Injection; Tesu,,Bio-Thera Solutions,,BAT1308 Combined with Platinum-Based Chemotherapy± Bevacizumab for PDL1-Positive (CPS ≥1) Cervical Cancer,Cervical Cancer,RECRUITING,2026-09,Progression-Free Survival (PFS) | Overall Survival,
NCT06196736,,,9MW2821-2023-CP301,,9MW2821; Chemotherapy,9mw2821,"Mabwell (Shanghai) Bioscience Co., Ltd.",,A Study to Evaluate 9MW2821 Versus Chemotherapy in Subjects With Previously Treated Locally Advanced or Metastatic Urothelial Cancer,Advanced Urothelial Carcinoma,RECRUITING,2026-09,Progression Free Survival per Blinded Independent Central Review | Overall Survival,
NCT06469879,,,TQB2450-ALTN-III-01,,TQB2450+Anlotinib,tqb2450+anlotinib,"Chia Tai Tianqing Pharmaceutical Group Co., Ltd.",,A Clinical Study of TQB2450 Combined With Anlotinib in Limited-Stage Small Cell Lung Cancer Patients,Small Cell Lung Cancer Limited Stage,UNKNOWN,2026-09,Progression-free survival (PFS) evaluated by the Independent Review Committee (IRC),
NCT04215731,FOBEAR,,GIHSYSU-17,,Neoadjuvant chemotherapy with mFOLFOXIRI plus bevacizumab; Oxaliplatin; Irinotecan; 5-Fluorouracil; Leucovorin; Bevacizumab; Restaging; Concomitant Chemoradiotherapy; Surgery; Chemoradiotherapy (only when patients with MRF involved or ycT4a/b by restaging); Induction chemotherpay with FOLFOX,neoadjuvant chemotherapy with mfolfoxiri plus bevacizumab,Yanhong Deng,,Neoadjuvant mFOLFOXIRI Plus Bevacizumab in Patients With High-Risk Locally Advanced Rectal Cancer,Rectal Cancer,RECRUITING,2026-09-01,Disease-free survival,
NCT04230187,TRIBE-C,,GIHSYSU-18,,mFOLFOXIRI plus Bevacizumab; Oxaliplatin; Irinotecan; 5-Fluorouracil; Leucovorin; Bevacizumab; mFOLFOX6 Plus Bevacizumab,mfolfoxiri plus bevacizumab,Yanhong Deng,,Bevacizumab Plus mFOLFOXIRI as First-line Treatment for Patients With Unresectable Metastatic Colorectal Cancer,Colorectal Cancer,ACTIVE_NOT_RECRUITING,2026-09-01,Progression-free survival (PFS),
NCT05132075,KontRASt-02,,CJDQ443B12301,2023-510082-10-00,JDQ443; docetaxel,jdq443,Novartis Pharmaceuticals,,Study of JDQ443 in Comparison With Docetaxel in Participants With Locally Advanced or Metastatic KRAS G12C Mutant Non-small Cell Lung Cancer,Non-Small Cell Lung Cancer,ACTIVE_NOT_RECRUITING,2026-09-03,Progression free survival (PFS),
NCT05552976,SUCCESSOR-2,,CA057-008,,Mezigdomide; BMS-986348; CC-92480; Carfilzomib; Kyprolis; Dexamethasone; Decadron; Dex,mezigdomide,Bristol-Myers Squibb,,A Study to Evaluate Mezigdomide in Combination With Carfilzomib and Dexamethasone (MeziKD) Versus Carfilzomib and Dexamethasone (Kd) in Participants With Relapsed or Refractory Multiple Myeloma (SUCCESSOR-2),Relapsed or Refractory Multiple Myeloma,ACTIVE_NOT_RECRUITING,2026-09-28,Progression-free Survival (PFS),
NCT03117751,,,TOT17,NCI-2017-00582,"Prednisone; Prednisolone; Deltasone; Meticorten; Orasone®; Liquid Pred; Pediapred®; Sterapred®; Vincristine; Vincristine sulfate; Oncovin®; VCR; LCR; Daunorubicin; Daunomycin; rubidomycin; Cerubidine®; Pegaspargase; PEG-asparaginase; PEGLA; PEG-L-asparaginase; polyethylene glycol-L-asparaginase; Oncaspar®; Erwinase®; Erwinia chrysanthemi; Asparaginase Erwinia chrysanthemi; Erwinaze^TM; Crisantaspase; Cyclophosphamide; Cytoxan®; Cytarabine; Cytosine arabinoside; Ara-C; Cytosar®; Mercaptopurine; 6-MP; Purinethol®; Purixan^TM; 6-mercaptopurine; Dasatinib; Sprycel®; Methotrexate; MTX; amethopterin; Trexall®; Blinatumomab; Blincyto®; Ruxolitinib; Jakafi®; Bortezomib; Velcade®; Dexamethasone; Decadron®; Hexadrol®; Dexone®; Dexameth®; Doxorubicin; Adriamycin®; Etoposide; Etoposide Phosphate; VePesid®; Etopophos®; VP-16; Clofarabine; Clolar®; Vorinostat; Zolinza®; Suberoylanilide Hydroxamic Acid; SAHA; Idarubicin; Idarubicin HCl; 4-Demethoxydaunorubicin; 4-DMD; DMDR; Idamycin PFS®; Nelarabine; Arranon®; Atriance®; Compound 506U78; Thioguanine; 6-thioguanine; Tioguanine; 2-amino-1,7-dihydro-6H-purine-6-thione; WR-1141; Tabloid®; Lanvis®; Asparaginase Erwinia chrysanthemi (recombinant)-rywn; Rylaze™; Recombinant Erwinia; Calaspargase Pegol; ASPARLAS",prednisone,St. Jude Children's Research Hospital,Incyte Corporation; Amgen; Servier,Total Therapy XVII for Newly Diagnosed Patients With Acute Lymphoblastic Leukemia and Lymphoma,Acute Lymphoblastic Leukemia; Acute Lymphoblastic Lymphoma,ACTIVE_NOT_RECRUITING,2026-09-30,Event-free survival of ALL patients (EFS) | Proportion of patients with CEP72TT genotype who develop two or more episodes of Grade 2 or higher neuropathy during Continuation | Cumulative incidence of Grade 2 or higher neuropathy in patients with CEP72 CC or CT genotype,non-inferiority mentioned
NCT04603807,,,MO41552,2019-003859-11; 2023-507494-18-00,Entrectinib; Crizotinib,entrectinib,Hoffmann-La Roche,,A Study to Compare the Efficacy and Safety of Entrectinib and Crizotinib in Participants With Advanced or Metastatic ROS1 Non-small Cell Lung Cancer (NSCLC) With and Without Central Nervous System (CNS) Metastases,"Carcinoma, Non-Small-Cell Lung",ACTIVE_NOT_RECRUITING,2026-09-30,Progression-free survival (PFS) in participants with central nervous system (CNS) metastases at baseline,
NCT04787744,VA STARPORT,,ONCA-026-20S,CX002277-01,"PET-directed Local Therapy using Surgery; PET-directed Local Therapy using Radiation; Salvage Local Therapy for locally recurrent disease; Goserelin, Histrelin, Leuprolide & Triptorelin; ADT + Nilutamide, Flutamide, & Bicalutamide; Degarelix & Relugolix; ADT + Docetaxel +/- prednisone; ADT + Abiraterone + Prednisone; ADT + Abiraterone + Methylprednisolone; ADT + Apalutamide; ADT + Enzalutamide; Prostate-directed Radiation for De novo oligometastatic prostate cancer",,VA Office of Research and Development,,Veterans Affairs Seamless Phase II/III Randomized Trial of STAndard Systemic theRapy With or Without PET-directed Local Therapy for Oligometastatic pRosTate Cancer,Prostate Cancer; Oligometastasis; Oligorecurrence; Recurrent Prostate Cancer; Metastatic Prostate Cancer; De Novo Prostate Cancer,RECRUITING,2026-09-30,Castration-resistant prostate cancer-free survival (CRPC-free survival),
NCT05116462,,ORIENT-99,CIBI308G301,,Pemetrexed; Carboplatin; Paclitaxel; Sintilimab; Cisplatin; Nab paclitaxel,sintilimab,Innovent Biologics (Suzhou) Co. Ltd.,,Neoadjuvant and Adjuvant Therapy Studies of Sindilizumab in Resectable Lung Cancer,Non-Small Cell Lung Cancer,ACTIVE_NOT_RECRUITING,2026-09-30,Event Free Survival (EFS) in stage III NSCLC | Event Free Survival (EFS) in ITT population,
NCT06735391,,,JMT101-018,,JMT101; Recombinant Humanized Anti-Epidermal Growth Factor Receptor Monoclonal Antibody Injection; Osimertinib,jmt101,Shanghai JMT-Bio Inc.,,A Clinical Study of JMT101 in Combination With Osimertinib Versus Osimertinib Alone as First-Line Treatment for Patients With Locally Advanced or Metastatic Non-Squamous Non-Small Cell Lung Cancer (NSCLC) Harboring Epidermal Growth Factor Receptor (EGFR) Sensitive Mutations,Locally Advanced or Metastatic Non-squamous NSCLC; Harboring EGFR Sensitive Mutations NSCLC; Previously Untreated Systematically NSCLC,RECRUITING,2026-09-30,PFS assessed by the independent review committee (IRC) based on Response Evaluation Criteria in Solid Tumors (RECIST) 1.1,
NCT02804815,,,14/0814,2013-004398-28; 120104,Aspirin 100mg; Aspirin 300mg,,"University College, London",,Add-Aspirin: A Trial Assessing the Effects of Aspirin on Disease Recurrence and Survival After Primary Therapy in Common Non Metastatic Solid Tumours,Cancer; Breast Cancer; Prostate Cancer; Colorectal Cancer; Gastro-oesophageal Cancer,ACTIVE_NOT_RECRUITING,2026-10,Overall Survival | Invasive disease-free survival (IDFS) | Disease-free survival (DFS) | Overall survival | Biochemical recurrence-free survival (bRFS),
NCT04047628,BEAT-MS,ITN077AI,DAIT ITN077AI,UM1AI109565; NIAID CRMS ID#: 38573; BMT CTN 1905,"Autologous Hematopoietic Stem Cell Transplantation; AHSCT; Best Available Therapy (BAT); natalizumab (Tysabri®); alemtuzumab (Campath®, Lemtrada®); ocrelizumab (Ocrevus®); rituximab (Rituxan®); cladribine (Mavenclad®); ofatumumab (Kesimpta®); ublituximab (BRIUMVI™)",,National Institute of Allergy and Infectious Diseases (NIAID),"Immune Tolerance Network (ITN); Blood and Marrow Transplant Clinical Trials Network; PPD Development, LP; Rho Federal Systems Division, Inc.",Best Available Therapy Versus Autologous Hematopoietic Stem Cell Transplant for Multiple Sclerosis (BEAT-MS),Relapsing Multiple Sclerosis; Relapsing Remitting Multiple Sclerosis; Secondary Progressive Multiple Sclerosis,RECRUITING,2026-10,Multiple Sclerosis (MS) Relapse-Free Survival,
NCT05044117,,CMHN,CMHN,,Capecitabine,capecitabine,Sun Yat-sen University,Fujian Medical University Union Hospital; Guangzhou Panyu Central Hospital; The Central Hospital of Yongzhou; Hunan University of Medicine General Hospital; Hanzhong Central Hospital; Yichang Central People's Hospital; Affiliated Hospital of Guangdong Medical University; Jiangmen Central Hospital; Xiangyang No.1 People's Hospital,Single-agent Capecitabine as Metronomic Chemotherapy in LAHNSCC (CMHN),Head and Neck Squamous Cell Carcinoma,RECRUITING,2026-10,Progression-free survival,
NCT06300177,,,D1553-III-01,,D-1553 Tablet; Docetaxel injection,d-1553 tablet,"Chia Tai Tianqing Pharmaceutical Group Co., Ltd.",,D-1553 Tablet Versus Docetaxel Injection for KRAS G12C Mutation-positive Locally Advanced or Metastatic Non-small Cell Lung Cancer After Prior Standard Therapy Failure,Non Small Cell Lung Cancer,RECRUITING,2026-10,Progression-free survival (PFS),
NCT06316531,,,BL-M07D1-301,,BL-M07D1; T-DM1,bl-m07d1,"Sichuan Baili Pharmaceutical Co., Ltd.","Baili-Bio (Chengdu) Pharmaceutical Co., Ltd.",A Study Comparing BL-M07D1 With T-DM1 in Patients With Unresectable Locally Advanced or Metastatic HER2-positive Breast Cancer,HER2-positive Breast Cancer,ACTIVE_NOT_RECRUITING,2026-10,Progression-free survival (PFS),
NCT06929325,,,HB1901-008,,Sirolimus for Injection (Albumin-bound); Fulvestrant Injection,sirolimus for injection,"CSPC ZhongQi Pharmaceutical Technology Co., Ltd.",,Sirolimus for Injection (Albumin-bound) Combined With Fulvestrant for HR+/HER2- Advanced/Metastatic Breast Cancer Patients Previously Treated With CDK4/6 Inhibitors,HR+/HER2- Advanced/Metastatic Breast Cancer,NOT_YET_RECRUITING,2026-10,Progression-free Survival（PFS）,
NCT04611997,,,FUGES-020,,Indocyanine Green,,Fujian Medical University,,IGG Using in Laparoscopic Gastrectomy for Locally Advanced Gastric Cancer After Neoadjuvant Chemotherapy,Gastric Cancer; Lymph Node Metastases,UNKNOWN,2026-10-01,3-year disease free survival rate,
NCT04747054,PembroMetaRT,,UC-HNG-2007,2020-A02221-38,Pembrolizumab; KEYTRUDA; Loco-regional radiotherapy; Chemotherapy,,UNICANCER,"GORTEC; National Cancer Institute, France",Study on the Efficacy of Treatment by Radiotherapy and Pembrolizumab in Newly Diagnosed Metastatic Head & Neck Cancers,Squamous Cell Carcinoma of Head and Neck,RECRUITING,2026-10-01,Progression-free survival (PFS),
NCT05387603,START-NET,,START-01,2021-002218-15,177Lu-DOTATOC; Capecitabine,capecitabine,Lund University Hospital,,Systemic Targeted Adaptive RadioTherapy of NeuroEndocrine Tumors.,Neuroendocrine Tumors,RECRUITING,2026-10-01,"Median progression free survival (PFS) defined as time from randomization to radiological progression. | Median progression free survival (PFS) defined as time from randomization to radiological progression. | Median progression free survival (PFS) defined as time from randomization to radiological progression,",
NCT05884398,LIBERTAS,mCSPC,CR109327,56021927PCR3020; 2022-502686-24-00,Apalutamide; Androgen-deprivation Therapy (ADT),,"Janssen Research & Development, LLC",,A Study of an Intermittent ADT Approach With Apalutamide Monotherapy in Participants With mCSPC,Metastatic Castrate-sensitive Prostate Cancer,ACTIVE_NOT_RECRUITING,2026-10-12,Percentage of Participants With 18-Months Radiographic Progression-free Survival (rPFS) | Percent Change From Randomization in Severity of Adjusted Hot Flash Score at 18 Months,non-inferiority mentioned
NCT06846437,,,JSKN003-301,,JSKN003; Trastuzumab emtansine (T-DM1),jskn003,Shanghai JMT-Bio Inc.,,"JSKN003 Versus Trastuzumab Emtansine (T-DM1) for HER2-Positive, Advanced Breast Cancer",Unrespectable Locally Advanced and or Metastatic HER2 Positive Breast Cancer Participants,RECRUITING,2026-10-13,Progression-Free Survival (PFS) by BIRC,
NCT04770896,IMbrave251,,MO42541,,Atezolizumab; Tecentriq; Lenvatinib; Sorafenib,atezolizumab,Hoffmann-La Roche,,A Study of Atezolizumab With Lenvatinib or Sorafenib Versus Lenvatinib or Sorafenib Alone in Hepatocellular Carcinoma Previously Treated With Atezolizumab and Bevacizumab,Unresectable Hepatocellular Carcinoma,ACTIVE_NOT_RECRUITING,2026-10-14,Overall Survival (OS),
NCT05239728,,MK-6482-022,6482-022,MK-6482-022; LITESPARK-022; jRCT2051220030; 2023-505023-31-00; U1111-1290-7346; 2021-003436-92,Belzutifan; MK-6482; PT2977; WELIREG™; Pembrolizumab; MK-3475; Keytruda®,belzutifan,Merck Sharp & Dohme LLC,,A Study of Belzutifan (MK-6482) Plus Pembrolizumab (MK-3475) Versus Placebo Plus Pembrolizumab in Participants With Clear Cell Renal Cell Carcinoma Post Nephrectomy (MK-6482-022),"Carcinoma, Renal Cell",ACTIVE_NOT_RECRUITING,2026-10-28,Disease-Free Survival (DFS),
NCT06617416,,,AK104-309,,Cadonilimab (AK104); Sugemalimab,cadonilimab,Akeso,,A Study of AK104 in Subjects With Unresectable Locally Advanced NSCLC,NSCLC (Non-small Cell Lung Cancer),RECRUITING,2026-10-28,Progression-free survival (PFS) assessed by INV,
NCT05304468,,,2022-FXY-017,,IMRT; induction chemotherapy; cisplatin concurrent chemotherapy,,Sun Yat-sen University,,Reduced-dose Versus Standard Dose Radiotherapy for Nasopharyngeal Carcinomain,Nasopharyngeal Carcinoma,ACTIVE_NOT_RECRUITING,2026-10-29,PFS (progression-free survival),non-inferiority mentioned
NCT04851613,,,LAE205INT3101,,Afuresertib; Fulvestrant,afuresertib,Laekna Limited,,Study to Evaluate Efficacy & Safety of Afuresertib Plus Fulvestrant in Patients With Locally Advanced or Metastatic HR+/HER2- Breast Cancer,Breast Cancer,ACTIVE_NOT_RECRUITING,2026-10-30,"Phase I: Overall Response Rate (ORR) based on RECIST 1.1 | Phase III: Progression Free Survival (PFS) based on RECIST 1.1, as assessed by investigators",
NCT01916317,,,TMH project 902,,0.5% lignocaine 60mM,,Tata Memorial Hospital,Shri Siddhivinayak Ganpati Cancer Hospital; Kolhapur Cancer Centre - Cancer Centers of America; Max Super Speciality Hospital; Basavatarakam Indo American Cancer Hospital & Research Institute; Malabar Cancer Centre (MCC); North Eastern Indira Gandhi Regional Institute of Health and Medical Sciences (NEIGRIHMS); All India Institute of Medical Sciences; Gujarat Cancer & Research Institute; Sterling Multi Speciality Hospital (SMSH); Dr. B Barooha Cancer Institute (BBCI),Randomized Controlled Trial to Assess Blockade of Voltage Gated Sodium Channels During Surgery in Operable Breast Cancer,Operable Breast Cancer,ACTIVE_NOT_RECRUITING,2026-10-31,• To assess the in-vivo ability of local anesthetics agents like lignocaine to decrease the dissemination of cancer cells during surgery and improve the disease free interval,
NCT03244384,AMBASSADOR,,NCI-2017-01425,NCI-2017-01425; A031501; U10CA180821,"Biospecimen Collection; Biological Sample Collection; Biospecimen Collected; Sample Collection; Specimen Collection; Clinical Observation; observation; Computed Tomography; CAT; CAT Scan; Computed Axial Tomography; Computerized Axial Tomography; Computerized axial tomography (procedure); Computerized Tomography; Computerized Tomography (CT) scan; CT; CT Scan; Diagnostic CAT Scan; Diagnostic CAT Scan Service Type; tomography; CT Urography; Urography Computed Tomography; Cystoscopy; CS; Magnetic Resonance Imaging; Magnetic Resonance; Magnetic Resonance Imaging (MRI); Magnetic resonance imaging (procedure); Magnetic Resonance Imaging Scan; Medical Imaging, Magnetic Resonance / Nuclear Magnetic Resonance; MR; MR Imaging; MRI; MRI Scan; MRIs; NMR Imaging; NMRI; Nuclear Magnetic Resonance Imaging; sMRI; Structural MRI; Pembrolizumab; BCD-201; GME 751; GME751; Keytruda; Lambrolizumab; MK 3475; MK-3475; MK3475; Pembrolizumab Biosimilar BCD-201; Pembrolizumab Biosimilar GME751; Pembrolizumab Biosimilar QL2107; Pembrolizumab Biosimilar RPH-075; Pembrolizumab Biosimilar SB27; QL2107; RPH 075; RPH-075; RPH075; SB 27; SB-27; SB27; SCH 900475; SCH-900475; SCH900475; Pharmacological Study; Quality-of-Life Assessment; Quality of Life Assessment; Questionnaire Administration",pembrolizumab,National Cancer Institute (NCI),,Testing MK-3475 (Pembrolizumab) After Surgery for Localized Muscle-Invasive Bladder Cancer and Locally Advanced Urothelial Cancer,Localized Renal Pelvis and Ureter Urothelial Carcinoma; Locally Advanced Bladder Urothelial Carcinoma; Locally Advanced Renal Pelvis and Ureter Urothelial Carcinoma; Locally Advanced Ureter Urothelial Carcinoma; Locally Advanced Urothelial Carcinoma; Stage II Bladder Urothelial Carcinoma AJCC v6 and v7; Stage II Renal Pelvis and Ureter Cancer AJCC v7; Stage II Ureter Cancer AJCC v7; Stage III Bladder Urothelial Carcinoma AJCC v6 and v7; Stage III Renal Pelvis and Ureter Cancer AJCC v7; Stage III Ureter Cancer AJCC v7,ACTIVE_NOT_RECRUITING,2026-10-31,Overall survival | Disease-free survival,
NCT04129502,,,TAK-788-3001,NL20191212; 2019-001845-42; U1111-1232-6059; jRCT2071210098,TAK-788; AP32788; Mobocertinib; Pemetrexed; Alimta; Cisplatin; Carboplatin,tak-788,Takeda,,TAK-788 as First-Line Treatment Versus Platinum-Based Chemotherapy for Non-Small Cell Lung Cancer (NSCLC) With EGFR Exon 20 Insertion Mutations,Advanced/Metastatic Non-Small Cell Lung Cancer (NSCLC),ACTIVE_NOT_RECRUITING,2026-10-31,Progression Free Survival (PFS) as Assessed by Blinded Independent Review Committee (IRC) per Response Evaluation Criteria in Solid Tumors (RECIST) Version 1.1,
NCT04842617,,,SHR6390-III-303,,SHR6390,shr6390,"Jiangsu HengRui Medicine Co., Ltd.",,"Phase III Study ：SHR6390/Placebo Combined With Endocrine Therapy for the Adjuvant Treatment of Hormone Receptor Positive,Human Epidermal Receptor 2 Negative","Hormone Receptor Positive,Human Epidermal Receptor 2 Negative, Node-positive, High Risk, Early Stage，Female Breast Cancer",ACTIVE_NOT_RECRUITING,2026-10-31,IDFS（Invasive Disease-Free Survival）,
NCT05608200,,,MIIR-10,,"Lenvatinib, sintilimab plus TACE; Lenvatinib plus TACE","lenvatinib, sintilimab plus tace",Second Affiliated Hospital of Guangzhou Medical University,,Lenvatinib+Sintilimab+TACE vs. Lenvatinib+TACE for Advanced HCC,Hepatocellular Carcinoma Non-resectable,RECRUITING,2026-10-31,Overall survival (OS),
NCT05608213,,,MIIR-11,,Lenvatinib Plus I-125 Seed Brachytherapy; Lenvatinib,,Second Affiliated Hospital of Guangzhou Medical University,,Lenvatinib Plus I-125 Seed Brachytherapy vs. Lenvatinib for TACE-refractory HCC,Hepatocellular Carcinoma Non-resectable,RECRUITING,2026-10-31,Overall survival (OS),
NCT06016738,OPERA-01,,OP-1250-301,OPERA-01,Palazestrant; OP-1250; Fulvestrant; Anastrozole; Letrozole; Exemestane,palazestrant,"Olema Pharmaceuticals, Inc.",,OP-1250 (Palazestrant) vs. Standard of Care for the Treatment of ER+/HER2- Advanced Breast Cancer,Breast Cancer; Advanced Breast Cancer; Metastatic Breast Cancer; ER Positive Breast Cancer; HER2 Negative Breast Carcinoma,ACTIVE_NOT_RECRUITING,2026-10-31,Dose-Selection Part: Incidence of adverse events | Dose-Selection Part: Incidence of dose reduction | Dose-Selection Part: Incidence of drug discontinuation | Trial: Progression-Free Survival (PFS),
NCT06641635,,,SWIFT-1,,Moderated hypofractionated online adaptive radiotherapy; Conventional radiotherapy,moderated hypofractionated online adaptive radiotherapy,Peking Union Medical College Hospital,Peking University Cancer Hospital & Institute; Shandong Cancer Hospital and Institute; Ruijin Hospital,Moderated Hypofractionated Online Adaptive Radiotherapy in Cervical Cancer,Cervical Cancer; Adaptive Radiotherapy,RECRUITING,2026-10-31,Progression Free Survival,non-inferiority mentioned
NCT04221035,HR-NBL2,SIOPEN,2019-001068-31,2019/2894; 2024-514917-36-00,Vincristine; L01CA02; Carboplatin; LO1XA02; Etoposide; L01CB01; Vindesine; L01CA03; Dacarbazine; L01AX04; Ifosfamide; Doxorubicin; L01DB01; Busulfan; L01AB01; Melphalan; L01AA03; Thiotepa; L01AC01; Radiotherapy; Dinutuximab Beta; L01XC16; Cisplatin; L01XA01; Temozolomide 100 MG; Irinotecan; Cyclophosphamid,vincristine,"Gustave Roussy, Cancer Campus, Grand Paris",,High-Risk Neuroblastoma Study 2 of SIOP-Europa-Neuroblastoma (SIOPEN),High-Risk Neuroblastoma; Patient With Insufficient Response Chemoimmunotherapy,RECRUITING,2026-11,Event free survival (EFS),
NCT05050942,SORENTO,,HS-19-657,2023-508723-12-00; 2021-000849-40,CAM2029; Octreotide LAR; Lanreotide ATG,cam2029,Camurus AB,,A Trial to Assess Efficacy and Safety of Octreotide Subcutaneous Depot in Patients With GEP-NET,Gastro-enteropancreatic Neuroendocrine Tumor,ACTIVE_NOT_RECRUITING,2026-11,Progression-free survival (PFS) as assessed by a Blinded Independent Review Committee (BIRC),
NCT06111235,,TURBT,PIVOT-006,,Cretostimogene Grenadenorepvec; CG0070; n-dodecyl-B-D-maltoside; DDM,cretostimogene grenadenorepvec,"CG Oncology, Inc.",,A Study of Adjuvant Cretostimogene Grenadenorepvec for Treatment of Intermediate Risk NMIBC Following TURBT,Non Muscle Invasive Bladder Cancer; Urologic Cancer; Bladder Cancer; Urothelial Carcinoma,ACTIVE_NOT_RECRUITING,2026-11,Recurrence Free Survival (RFS),
NCT06115629,SARONG-II,,R&I 8335,,Surveillance protocol,,"University of Dublin, Trinity College",Trinity St. James's Cancer Institute; University of Oxford; Karolinska Institutet,Surveillance After Resection of Oesophageal aNd Gastric Cancer (SARONG-II) Trial,Esophageal Cancer; Gastric Cancer,NOT_YET_RECRUITING,2026-11,All-cause mortality,
NCT06118333,,PANKU-NPC01,BL-B01D1-303,,BL-B01D1; iza-bren; izalontamab brengitecan; BMS-986507; capecitabine; gemcitabine; docetaxel,bl-b01d1,"Sichuan Baili Pharmaceutical Co., Ltd.","Baili-Bio (Chengdu) Pharmaceutical Co., Ltd.",A Study Comparing BL-B01D1 With Physician's Choice of Chemotherapy in Patients With Recurrent or Metastatic Nasopharyngeal Carcinoma(PANKU-NPC01),Nasopharyngeal Carcinoma,ACTIVE_NOT_RECRUITING,2026-11,Objective Response Rate (ORR) | Overall survival (OS),
NCT06341335,,,AK109-301,,cadonilimab; AK104; pulocimab; AK109; paclitaxel,cadonilimab,Akeso,,A Study of AK104/Placebo Plus AK109/Placebo And Paclitaxel in Gastric or Gastroesophageal Junction Adenocarcinoma,Gastric and Gastroesophageal Junction Adenocarcinoma,RECRUITING,2026-11,Progression-free survival (PFS) assessed by blinded independent central review (BICR) | Overall survival (OS),
NCT06448312,,,SKB264-Ⅲ-12,,SKB264; Pembrolizumab,skb264,"Sichuan Kelun-Biotech Biopharmaceutical Co., Ltd.",,A Study of SKB264 in Combination With Pembrolizumab Versus Pembrolizumab in Patients With Locally Advanced or Metastatic Non-Small Cell Lung Cancer,Non-Small Cell Lung Cancer,ACTIVE_NOT_RECRUITING,2026-11,Progression Free Survival (PFS) assessed by Blinded Independent Central Review (BICR),
NCT06704620,,,E20241045,,Diphenhydramine; Tislelizumab; Pemetrexed; Albumin paclitaxel; Carboplatin; Cisplatin,diphenhydramine,Tianjin Medical University Cancer Institute and Hospital,,Study of Tislelizumab and Platinum-based Chemotherapy Combination With H1 Receptor Antagonist（Diphenhydramine）in Advanced and Metastatic Non-Small Cell Lung Cancer,Advanced and Metastatic NSCLC,NOT_YET_RECRUITING,2026-11,PFS,
NCT04134260,,,NRG-GU008,NCI-2019-06838; NRG-GU008; U10CA180868,"Apalutamide; ARN 509; ARN-509; ARN509; Erleada; JNJ 56021927; JNJ-56021927; Biospecimen Collection; Biological Sample Collection; Biospecimen Collected; Specimen Collection; Bone Scan; Bone Scintigraphy; Computed Tomography; CAT; CAT Scan; Computed Axial Tomography; Computerized Axial Tomography; Computerized axial tomography (procedure); Computerized Tomography; Computerized Tomography (CT) scan; CT; CT Scan; tomography; Hormone Therapy; Chemotherapy-Hormones/Steroids; Endocrine Therapy; Hormonal; Hormonal Therapy; hormone treatment; Hormones; Magnetic Resonance Imaging; Magnetic Resonance; Magnetic Resonance Imaging (MRI); Magnetic resonance imaging (procedure); Magnetic Resonance Imaging Scan; Medical Imaging, Magnetic Resonance / Nuclear Magnetic Resonance; MR; MR Imaging; MRI; MRI Scan; MRIs; NMR Imaging; NMRI; Nuclear Magnetic Resonance Imaging; sMRI; Structural MRI; Positron Emission Tomography; Medical Imaging, Positron Emission Tomography; PET; PET Scan; Positron emission tomography (procedure); Positron Emission Tomography Scan; Positron-Emission Tomography; PT; Quality-of-Life Assessment; Quality of Life Assessment; Questionnaire Administration; Radiation Therapy; Cancer Radiotherapy; Energy Type; ENERGY_TYPE; Irradiate; Irradiated; Irradiation; Radiation; Radiation Therapy, NOS; Radiotherapeutics; Radiotherapy; RT; Therapy, Radiation",apalutamide,NRG Oncology,National Cancer Institute (NCI),"Testing the Addition of the Drug Apalutamide to the Usual Hormone Therapy and Radiation Therapy After Surgery for Prostate Cancer, INNOVATE Trial",Prostate Adenocarcinoma; Stage I Prostate Cancer AJCC v8; Stage II Prostate Cancer AJCC v8; Stage III Prostate Cancer AJCC v8; Stage IVA Prostate Cancer AJCC v8,ACTIVE_NOT_RECRUITING,2026-11-01,Metastasis-free survival (MFS),
NCT04447352,PREVENT,,HIPEC/FLOT9,AIO-STO-0319/ass,5-Fluorouracil; 5-FU; Leucovorin; Calciumfolinat; Oxaliplatin; Docetaxel; Cisplatin,cisplatin,Krankenhaus Nordwest,"Deutsche Krebshilfe e.V., Bonn (Germany)",HIPEC + FLOT vs. FLOT Alone in Patients With Gastric Cancer and GEJ (PREVENT),Gastric Cancer; Gastroesophageal Junction Adenocarcinoma,RECRUITING,2026-11-01,Comparison of progression-/disease-free survival (PFS/DFS) between arms,
NCT05033522,ALIVE,,MBI-003-LIVE,,AlloStim® immunotherapy; FOLFOX regimen; Physician Choice FOLFOX4; Sorafenib; Sorafenib Physician's Choice; Lenvatinib; Levantinib Physician's Choice,allostim® immunotherapy,"Mirror Biologics, Inc.","Immunovative (Thailand) Co., Ltd",Immunotherapy for Advanced Liver Cancer,Hepatocellular Carcinoma,SUSPENDED,2026-11-01,overall survival,
NCT06351020,,,LM302-03-101,,LM-302; Apatinib; Irinotecan,lm-302,"LaNova Medicines Zhejiang Co., Ltd.",,LM-302 for the Treatment of Subjects With Claudin18.2-Positive Gastric and Gastroesophageal Junction Adenocarcinoma.,Locally Advanced or Metastatic GC and GCJ Adenocarcinoma,ACTIVE_NOT_RECRUITING,2026-11-10,Overall Survival (OS) | Progression Free Survival (PFS),
NCT04784715,,DESTINY-Breast09,D967UC00001,2023-507904-30-00; 2020-004074-21,Trastuzumab deruxtecan; DS-8201a; T-DXd; Taxane; Pertuzumab; Trastuzumab,trastuzumab deruxtecan,AstraZeneca,Daiichi Sankyo,"Trastuzumab Deruxtecan (T-DXd) With or Without Pertuzumab Versus Taxane, Trastuzumab and Pertuzumab in HER2-positive Metastatic Breast Cancer (DESTINY-Breast09)",Breast Cancer; HER2-positive; Metastatic,ACTIVE_NOT_RECRUITING,2026-11-11,Progression Free Survival (PFS) by Blinded Independent Central Review (BICR) assessment,
NCT05050084,,GUIDANCE,NRG-GU010,NCI-2021-08760; NRG-GU010; U10CA180868,"Bicalutamide; Casodex; Cassotide; Cosudex; ICI 176,334; ICI 176334; Utamide; Buserelin; 6-[O-(1,1-Dimethylethyl)-D-serine]-9-(N-ethyl-L-prolinamide)-10-deglycinamide-luteinizing Hormone-releasing Factor (Pig); BSRL; Busereline; Etilamide; HOE 766; HOE-766; HOE766; ICI 123215; ICI-123215; ICI123215; S74 6766; S74-6766; S746766; Tiloryth; Darolutamide; Antiandrogen ODM-201; BAY 1841788; BAY-1841788; BAY1841788; Nubeqa; ODM 201; ODM-201; ODM201; Degarelix; ASP 3550; ASP-3550; ASP3550; FE 200486; FE-200486; FE200486; Firmagon; Flutamide; 4'-Nitro-3'-trifluoromethylisobutyranilide; Apimid; Cebatrol; Chimax; Cytomid; Drogenil; Euflex; Eulexine; Flucinom; Flucinome; Flugerel; Fluken; Flulem; FLUT; Fluta-Gry; Flutabene; Flutacan; Flutamex; Flutamin; Flutan; Flutaplex; Fugerel; Grisetin; Niftolide; Oncosal; Profamid; Propanamide, 2-Methyl-N-(4-nitro-3-(trifluoromethyl)phenyl)-; Prostacur; Prostadirex; Prostica; Prostogenat; Sch 13521; Tafenil; Tecnoflut; Testotard; Goserelin; ICI-118630; Histrelin; Leuprolide; Leuprorelin; Radiation Therapy; Cancer Radiotherapy; Energy Type; ENERGY_TYPE; Irradiate; Irradiated; Irradiation; Radiation; Radiation Therapy, NOS; Radiotherapeutics; Radiotherapy; RT; Therapy, Radiation; Relugolix; N-(4-(1-((2,6-Difluorophenyl)methyl)-5-((dimethylamino)methyl)-1,2,3,4-tetrahydro-3-(6-methoxy-3-pyridazinyl)-2,4-dioxothieno(2,3-d)pyrimidin-6-yl)phenyl)-N'-methoxyurea; Orgovyx; Relumina; TAK 385; TAK-385; TAK385; Triptorelin; 6-D-Tryptophan-LH-RH; 6-D-Tryptophanluteinizing Hormone-releasing Factor; AY 25650; AY-25650; AY25650; CL 118532; CL-118,532; CL-118532; CL118532; Detryptoreline",bicalutamide,NRG Oncology,National Cancer Institute (NCI),"Two Studies for Patients With Unfavorable Intermediate Risk Prostate Cancer Testing Less Intense Treatment for Patients With a Low Gene Risk Score and Testing a More Intense Treatment for Patients With a Higher Gene Risk Score, The Guidance Trial",Prostate Adenocarcinoma,ACTIVE_NOT_RECRUITING,2026-11-11,Distant metastasis (DM) (De-intensification study) | Metastasis-free survival (MFS) (Intensification study),non-inferiority mentioned
NCT05646862,INAVO121,,WO43919,2022-502322-41-00,Inavolisib; Fulvestrant; Alpelisib; Bupropion; Omeprazole; Midazolam,inavolisib,Hoffmann-La Roche,,"A Study Evaluating the Efficacy and Safety of Inavolisib Plus Fulvestrant Compared With Alpelisib Plus Fulvestrant in Participants With HR-Positive, HER2-Negative, PIK3CA Mutated, Locally Advanced or Metastatic Breast Cancer Post CDK4/6i and Endocrine Combination Therapy",Breast Cancer,RECRUITING,2026-11-13,Blinded Independent Central Review (BICR)-Assessed Progression Free Survival (PFS) | Sub-study: Maximum observed Drug Concentration (Cmax) for Midazolam | Sub-study: Cmax for Bupropion | Sub-study: Cmax for Omeprazole | Sub-study: Area Under the Concentration-Time Curve From Time 0 to Last Measurable Concentration (AUC [0-last]) for Midazolam | Sub-study: AUC (0-last) for Bupropion | Sub-study: AUC (0-last) for Omeprazole | Sub-study: Area Under the Concentration-Time Curve From Time 0 to Infinity (AUC [0-infinity]) for Midazolam | Sub-study: AUC (0-infinity) for Bupropion | Sub-study: AUC (0-infinity) for Omeprazole,
NCT07057622,,,YZGK-ZLYT-2023-Ⅲ-Lu,,177Lu-DOTATATE injection; Octreotide LAR (Long-acting release),177lu-dotatate injection,"HTA Co., Ltd.",,A Phase III Clinical Study to Compare the Safety and Efficacy of 177Lu-DOTATATE Injection and Long-acting Oxytrexine in Adult Patients With NETs,NETS Ga68 Lu177,RECRUITING,2026-11-24,Compare the 18-month PFS rate of NET patients between 177Lu-DOTATATE Injection and long-acting octreotide,
NCT03981796,RUBY,,213361,ENGOT-EN6; GOG-3031; 4010-03-001; 2023-506551-23-00,Dostarlimab; TSR-042; Carboplatin; Paclitaxel; Niraparib,,"Tesaro, Inc.",European Network of Gynaecological Oncological Trial Groups (ENGOT); GOG Foundation,A Study to Evaluate Dostarlimab Plus Carboplatin-paclitaxel Versus Placebo Plus Carboplatin-paclitaxel in Participants With Recurrent or Primary Advanced Endometrial Cancer,Neoplasms,ACTIVE_NOT_RECRUITING,2026-11-26,Parts 1 and 2: Progression-Free Survival (PFS) - investigator assessment | Part 1: Overall survival,
NCT03020030,,,16-001,,"Pegaspargase; Erwinia asparaginase; ERWINAZE®; ERWINIA CHRYSANTHEMI; ERWINASE®; Cyclophosphamide; CYTOXAN; CYTARABINE; CYTOSINE ARABINOSIDE; ARA-C; CYTOSAR®; DASATINIB; DEXAMETHASONE; DECADRON®; HEXADROL®,; DEXONE®,; DEXAMETH®; Dexrazoxane; Zinecard; Doxorubicin; ADRIAMYCIN®; ETOPOSIDE; VePesid; HYDROCORTISONE; LEUCOVORIN CALCIUM; MERCAPTOPURINE; 6-MP; METHOTREXATE; NELARABINE; Vincristine; Oncovin",,Dana-Farber Cancer Institute,Servier,Treatment of Newly Diagnosed Acute Lymphoblastic Leukemia in Children and Adolescents,"Acute Lymphoblastic Leukemia, Pediatric",ACTIVE_NOT_RECRUITING,2026-11-30,Complete Remission Rate | Event-Free Survival,
NCT03368651,,,B2017-076-01,,TAI,,Sun Yat-sen University,,"The Impact on Survival of Neo-adjuvant Transarterial Chemoinfusion (TAI) for Patients With Hepatocellular Carcinoma And Portal Vein Tumor Thrombosis (PVTT) Who Underwent Hepatectomy : A Random, Controlled, Stage III Clinical Trial.",Hepatocellular Carcinoma,RECRUITING,2026-11-30,Overall survival (OS),
NCT06156514,MICHELE,,(018/066/ICI) (CEI/1308/18).,,Gemcitabine; Cisplatin,gemcitabine,National Institute of Cancerología,,Evaluation of Concomitant Chemo-radiotherapy With Cisplatine vs Gemcitabin in Locally Advanced Cervicouterine Cancer,Locally Advanced Cervical Cancer; Gemcitabine; Chemo-radiotherapy,RECRUITING,2026-11-30,"To assess the efficacy of concomitant chemoradiotherapy with gemcitabine versus cisplatin in patients with locally advanced cervical cancer (stages IB2-IVA), who have comorbidities and preserved renal function, with progression-free survival rate.",non-inferiority mentioned
NCT06501664,,,CSPC-DEY-ESCC-K01,,liposomal irinotecan; Nal-IRI; 5-FU; Fluorouracil; LV; Calcium folinate; Irinotecan; IRI,liposomal irinotecan,"Rui-hua Xu, MD, PhD",,Liposomal Irinotecan and 5-FU as Second-line Therapy for Patients With ESCC,Esophageal Cancer,NOT_YET_RECRUITING,2026-11-30,Overall survival,
NCT06954961,,,D0502-303,,D-0502; Fulvestrant,d-0502,"InventisBio Co., Ltd",,A Study to Evaluate D-0502 in Subjects With ER+ Her2- Locally Advanced or Metastatic Breast Cancer,Breast Cancer,RECRUITING,2026-11-30,Progression free survival (PFS) assessed by Independent Review Committee (IRC),
NCT06968585,A166,,KL166-III-06,,A166; T-DM1,a166,"Sichuan Kelun-Biotech Biopharmaceutical Co., Ltd.",,A Study of A166 Versus Trastuzumab Emtansine (T-DM1) in Patients With HER2-Positive Unresectable or Metastatic Breast Cancer Previously Treated With Trastuzumab and Taxane Therapy,HER2-positive Breast Cancer,ACTIVE_NOT_RECRUITING,2026-11-30,Progression-free survival (PFS),
NCT02066220,,,SIOP PNET 5 MB,2011-004868-30,Radiotherapy without Carboplatin; Reduced-intensity maintenance chemotherapy; Cisplatin; Lomustin (CCNU); Vincristine; Cyclophosphamide; Radiotherapy with Carboplatin; Carboplatin; Maintenance chemotherapy; Lomustine (CCNU); WNT-HR < 16 years; WNT-HR >= 16 years; Induction Chemotherapy; SHH-TP53 M0; SHH-TP53 M+ (germline); SHH-TP53 (somatic); Vinblastin Maintenance,reduced-intensity maintenance chemotherapy,Universitätsklinikum Hamburg-Eppendorf,Deutsche Kinderkrebsstiftung,International Society of Paediatric Oncology (SIOP) PNET 5 Medulloblastoma,Brain Tumors,ACTIVE_NOT_RECRUITING,2026-12,3-year Event-Free Survival (EFS),
NCT03258320,,,PCA-81472709,,"Cabazitaxel, Docetaxel, Mitoxantrone or Satraplatin; Jevtana, Taxotere, Novantrone, JM216.","cabazitaxel, docetaxel, mitoxantrone or satraplatin",Shanghai Jiao Tong University School of Medicine,Fudan University; Qilu Hospital of Shandong University,"A Randomised Trial of Cabazitaxel, Docetaxel, Mitoxantrone or Satraplatin (CDMS) Plus Surgery for Prostate Cancer Patients",Prostate Cancer Patients,RECRUITING,2026-12,5 years disease-free survival,
NCT03803553,,,18-397,,FOLFIRI Protocol; FOLinic acid-Fluorouracil-IRInotecan regimen; ACTIVE SURVEILLANCE; Nivolumab Protocol; Nivolumab; Encorafenib/Binimetinib/Cetuximab Protocol; Enco/Bini/Cetux; Trastuzumab + Pertuzumab; Herceptin,folfiri protocol,Massachusetts General Hospital,Stand Up To Cancer,Identification and Treatment Of Micrometastatic Disease in Stage III Colon Cancer,Metastatic Colon Cancer; Stage III Colon Cancer,ACTIVE_NOT_RECRUITING,2026-12,Disease-free survival (DFS) | Clearance rate of ctDNA,
NCT03805022,CIRSARC,,IB 2017-04,2018-000186-36,Doxorubicin; Ifosfamide or dacarbazine; At the discretion of the investigator,doxorubicin,Institut Bergonié,Novartis; Chugai Pharma France,Benefit of Intensified Peri-operative Chemotherapy Within High-risk CINSARC Patients With Resectable Soft-tissue Sarcomas,Non-metastatic Soft-tissue Sarcoma; Resectable,RECRUITING,2026-12,Metastasis progression-free survival in High-risk CINSARC patients,
NCT03820830,POLAR,,IBCSG 59-19,2018-003553-19; BIG 18-02; WI239003,Palbociclib 125mg; Ibrance; PD-0332991; Standard endocrine therapy,palbociclib,ETOP IBCSG Partners Foundation,Pfizer,Palbociclib for HR Positive / HER2-negative Isolated Locoregional Recurrence of Breast Cancer,Breast Cancer Recurrent,ACTIVE_NOT_RECRUITING,2026-12,Duration of invasive disease free survival of all randomized participants.,
NCT03903835,ProBio,,EudraCT No 2018-002350-78,,Enzalutamide Oral Capsule; Xtandi; Abiraterone Oral Tablet; Zytiga; Carboplatin; Cabazitaxel 60 mg Solution for Injection; Docetaxel Injectable Solution; Radium Chloride Ra-223; Xofigo; Niraparib plus Abiraterone acetate plus Prednisone; Akeega; Capivasertib plus Docetaxel; Apalutamide; Erleada; Darolutamide; Nubeqa,carboplatin,Karolinska Institutet,"The Swedish Research Council; Kom Op Tegen Kanker; Janssen Pharmaceutica N.V., Belgium; AstraZeneca; Cancerfonden",ProBio: A Biomarker Driven Study in Patients With Metastatic Prostate Cancer,Metastatic Castration-resistant Prostate Cancer (mCRPC); Metastatic Hormone-Sensitive Prostate Cancer (mHSPC),RECRUITING,2026-12,Progression free survival (PFS) in mCRPC | Progression free survival (PFS) in mHSPC,
NCT03907826,,,rNPC-JS001,,PD-1 blocking antibody; JS001; GP; IMRT,pd-1 blocking antibody,Sun Yat-sen University,,PD-1 Antibody Combined With Chemoradiotherapy in Recurrent Nasopharyngeal Carcinoma Patients,Recurrent Nasopharyngeal Carcinoma,RECRUITING,2026-12,Overall survival,
NCT04116047,CompARE,OPC,RG 14-093,2014-003389-26; ISRCTN41478539,"Cisplatin; CDDP, Platinol; Durvalumab; MEDI-4736, Imfinzi; Radiotherapy",durvalumab,University of Birmingham,AstraZeneca; Cancer Trials Ireland,CompARE: Escalating Treatment of Intermediate and High-risk Oropharyngeal Cancer (OPC),Oropharyngeal Cancer,ACTIVE_NOT_RECRUITING,2026-12,Patient Overall survival (OS) | Patient Event Free Survival (EFS),
NCT04208347,,,DRAGON - IV,Ahead-G208,"Apatinib 250mg; Camrelizumab; S-1, Oxaliplatin; Apatinib 500mg",apatinib,Ruijin Hospital,,Perioperative Treatment of Combined SOX With Apatinib and Camrelizumab for Oesophagogastric Cancer,Gastric and Gastroesophageal Junction (GEJ) Adenocarcinoma,ACTIVE_NOT_RECRUITING,2026-12,Pathological Complete Response (pCR) | Event-free Survival (EFS),
NCT04344158,,HCC,ALTN-AK105-III-02,,AK105 Injection; Anlotinib Hydrochloride Capsules; Sorafenib Tosylate Tablets,ak105 injection,"Chia Tai Tianqing Pharmaceutical Group Co., Ltd.",,A Phase III Clinical Trial of AK105 Injection Combined With Anlotinib Hydrochloride Capsules Versus Sorafenib in Subjects With Advanced Hepatocellular Carcinoma (HCC),Advanced Hepatocellular Carcinoma (HCC),ACTIVE_NOT_RECRUITING,2026-12,Overall survival (OS),
NCT04442022,,RR DLBCL,XPORT-DLBCL-030,2020-000605-84,Selinexor (combination therapy); Rituximab (combination therapy); Gemcitabine (combination therapy); Dexamethasone (combination therapy); Cisplatin (combination therapy); Selinexor (continuous therapy),selinexor,Karyopharm Therapeutics Inc,,A Study of Rituximab-Gemcitabine-Dexamethasone-Platinum (R-GDP) With or Without Selinexor in Patients With Relapsed/Refractory Diffuse Large B-cell Lymphoma,Relapsed/Refractory Diffuse Large B-cell Lymphoma,ACTIVE_NOT_RECRUITING,2026-12,Phase 2: Overall Response Rate (ORR): Based on Lugano Criteria 2014 | Phase 3: Progression-free Survival (PFS): Based on Lugano Criteria 2014,
NCT04513808,,,VICTORY,,Propofol-based total intravenous anesthesia; Propofol; Sevoflurane intravenous anesthesia; Sevoflurane,,The Cleveland Clinic,,Total Intravenous Anesthesia and Recurrence Free Survival,Esophageal Cancer,RECRUITING,2026-12,Recurrence-free survival,
NCT04639986,,MBC,EVER-132-002,CTR20210096,Sacituzumab Govitecan-hziy; IMMU-132; Trodelvy™; GS-0132; Eribulin Mesylate Injection; Halaven; Capecitabine Oral Product; Xeloda; Gemcitabine Injection; Gemzar; Vinorelbine injection; Navelbine,sacituzumab govitecan-hziy,Gilead Sciences,,Asian Study of Sacituzumab Govitecan (IMMU-132) in HR+/HER2- Metastatic Breast Cancer (MBC),Metastatic Breast Cancer,ACTIVE_NOT_RECRUITING,2026-12,Progression-free Survival (PFS),
NCT04853342,FORWARD,,ALSC010AST2818,,Drug: Furmonertinib 80 mg,drug: furmonertinib,"Allist Pharmaceuticals, Inc.",,"To Assess the Efficacy and Safety of Furmonertinib Versus Placebo, in Patients With Epidermal Growth Factor Receptor Mutation Positive Stage II-IIIA Non-small Cell Lung Carcinoma, Following Complete Tumour Resection With or Without Adjuvant Chemotherapy",Non-small Cell Lung Carcinoma,RECRUITING,2026-12,DFS,
NCT04969731,,,ILC-P3-PAN,,Immuncell-LC; Autologous activated T lymphocyte; Gemcitabine,immuncell-lc,GC Cell Corporation,,Safety and Efficacy of Immuncell-LC With Gemcitabine in Resectable Pancreatic Cancer,Pancreatic Ductal Adenocarcinoma,RECRUITING,2026-12,Recurrence free survival (RFS) by independent review,
NCT05281471,,,Olvi-Vec-022,GOG-3076,"olvimulogene nanivacirepvec; GL-ONC1 and GLV-1h68; Platinum chemotherapy: carboplatin (preferred) or cisplatin; Non-platinum chemotherapy: Physician's Choice of gemcitabine, taxane (paclitaxel, docetaxel or nab-paclitaxel) or pegylated liposomal doxorubicin; Bevacizumab (or biosimilar)",olvimulogene nanivacirepvec,Genelux Corporation,GOG Foundation,"Efficacy & Safety of Olvi-Vec and Platinum-doublet + Bevacizumab Compared to Physician's Choice of Chemotherapy and Bevacizumab in Platinum-Resistant/Refractory Ovarian Cancer (PRROC) (OnPrime, GOG-3076)",Platinum-resistant Ovarian Cancer; Platinum-refractory Ovarian Cancer; Fallopian Tube Cancer; Primary Peritoneal Cancer; High-grade Serous Ovarian Cancer; Endometrioid Ovarian Cancer; Ovarian Clear Cell Carcinoma,RECRUITING,2026-12,Progression-free survival (PFS) by RECIST 1.1 in the Intention-to-Treat (ITT) population (all randomized participants regardless of whether they received any dose of treatment),
NCT05340491,,,B2022-111-01,,Toripalimab; JS001; Chemotherapy; GP; Intensity modulated radiotherapy; IMRT,toripalimab,Sun Yat-sen University,,"Chemoradiotherapy Plus Anti-PD1 in Recurrent NPC: A Multicenter, Open-label, Randomised, Controlled, Phase III Trial",Nasopharyngeal Carcinoma,RECRUITING,2026-12,Overall survival,
NCT05477576,ACTION-1,,RYZ101-301,,RYZ101; Everolimus; Sunitinib; Octreotide; Lanreotide,,"RayzeBio, Inc.",,Study of RYZ101 Compared With SOC in Pts w Inoperable SSTR+ Well-differentiated GEP-NET That Has Progressed Following 177Lu-SSA Therapy,GEP-NET; Gastroenteropancreatic Neuroendocrine Tumor; Gastroenteropancreatic Neuroendocrine Tumor Disease; Neuroendocrine Tumors; Carcinoid; Carcinoid Tumor; Pancreatic NET,ACTIVE_NOT_RECRUITING,2026-12,Phase 1b: RP3D | Phase 3: PFS as determined by BICR,
NCT05780567,,,TQB3616-III-03,,"TQB3616 capsules, Letrozole, Anastrozole, Tamoxifen","tqb3616 capsules, letrozole, anastrozole, tamoxifen","Chia Tai Tianqing Pharmaceutical Group Co., Ltd.",,Clinical Study on Adjuvant Therapy of TQB3616 Combined With Endocrine Therapy Compared With Placebo Combined With Endocrine Therapy in Patients With Breast Cancer,Breast Cancer,ACTIVE_NOT_RECRUITING,2026-12,Invasive Disease-Free Survival (IDFS),
NCT05884255,,,HRFS-Q-2011-301,,Lutetium (177Lu) Oxodotreotide Injection；long-acting Octreotide; long-acting Octreotide,lutetium oxodotreotide injection；long-acting octreotide,"Jiangsu HengRui Medicine Co., Ltd.",,An Open-label Phase 3 Study of Lutetium (177Lu) Oxodotreotide Injection in Subjects With Advanced Gastrointestinal Pancreatic Neuroendocrine Tumors.,Advanced Gastroenteropancreatic Neuroendocrine Tumor,RECRUITING,2026-12,Progression-free survival (PFS) assessed by BICR,
NCT05918094,,,mXELOX SYSUCC,,Experimental dose: modified XELOX + sintilimab; Standard dose: standard XELOX + sintilimab,experimental dose: modified xelox + sintilimab,Sun Yat-sen University,,Comparing Modified XELOX Plus Sintilimab With Standard XELOX Plus Sintilimab in First-line Treatment for HER2-negative Gastric/Gastroesophageal Junction Adenocarcinoma,Gastric Cancer,RECRUITING,2026-12,Progression-Free Survival (PFS),
NCT05948475,FIRST-308,,TT420C2308,,Tinengotinib 8 mg; Tinengotinib 10 mg; Physician's Choice,tinengotinib,"TransThera Sciences (Nanjing), Inc.",,Study of Tinengotinib VS. Physician's Choice a Treatment of Subjects With FGFR-altered in Cholangiocarcinoma,Cholangiocarcinoma,ACTIVE_NOT_RECRUITING,2026-12,"Part A: Incidence, duration, and severity of adverse events (AEs) | Part B: PFS by BICR",
NCT05987358,,,TQB3454-III-01,,TQB3454 tablets,tqb3454 tablets,"Chia Tai Tianqing Pharmaceutical Group Co., Ltd.",,A Clinical Study of TQB3454 Tablets in the Treatment of Advanced Biliary Carcinoma.,Biliary Carcinoma,ACTIVE_NOT_RECRUITING,2026-12,Overall survival (OS),
NCT06221748,,,RC48-C035,,"Disitamab Vedotin Injection; DV,RC48; Cadonilimab Injection; AK104, Cadonilimab Injection; Paclitaxel Injection",disitamab vedotin injection,"RemeGen Co., Ltd.",,DV Combined With Cadonilimab in Subjects With HER2-expressing Gastric Cancer and Gastroesophageal Junction Adenocarcinoma After Progression on First-line Therapy,Gastric Cancer; Gastroesophageal Junction Adenocarcinoma,RECRUITING,2026-12,Objective remission rate (ORR) (Phase II) | Percentage of Participants With Adverse Events (AEs)(Phase II) | Progression-Free Survival(PFS) （IRC）（ Phase III) | Overall Survival (OS)(Phase III),
NCT06382129,,PANKU-Lung02,BL-B01D1-302,,BL-B01D1; iza-bren; izalontamab brengitecan; BMS-986507; Docetaxel,bl-b01d1,"Sichuan Baili Pharmaceutical Co., Ltd.","Baili-Bio (Chengdu) Pharmaceutical Co., Ltd.",A Study Comparing BL-B01D1 With Docetaxel in Patients With Unresectable Locally Advanced or Metastatic EGFR Wild-type Non-small Cell Lung Cancer(PANKU-Lung02),Non-small Cell Lung Cancer,ACTIVE_NOT_RECRUITING,2026-12,Overall survival (OS),
NCT06500026,,PANKU-Lung03,BL-B01D1-304,,BL-B01D1; iza-bren; izalontamab brengitecan; BMS-986507; Topotecan,bl-b01d1,"Sichuan Baili Pharmaceutical Co., Ltd.","Baili-Bio (Chengdu) Pharmaceutical Co., Ltd.",A Study Comparing BL-B01D1 With Topotecan in Patients With Recurrent Small Cell Lung Cancer(PANKU-Lung03),Small Cell Lung Cancer,ACTIVE_NOT_RECRUITING,2026-12,Overall survival (OS),
NCT06671379,,,SHR-A2009-301,,SHR-A2009 monotherapy; platinum-based dual-agent chemotherapy,shr-a2009 monotherapy,"Suzhou Suncadia Biopharmaceuticals Co., Ltd.",,"A Study of SHR-A2009 Versus Platinum-based Chemotherapy in EGFR-mutated, Advanced or Metastatic NSCLC",Non-small Cell Lung Cancer,ACTIVE_NOT_RECRUITING,2026-12,Progression-free survival (PFS) assessed by BICR according to RECIST v1.1,
NCT06711900,,,SKB264-Ⅲ-14,,SKB264; Pembrolizumab; pemetrexed; carboplatin or cisplatin,skb264,"Sichuan Kelun-Biotech Biopharmaceutical Co., Ltd.",,A Study of SKB264 in Combination With Pembrolizumab Versus Chemotherapy in Combination With Pembrolizumab as First-Line Treatment for PD-L1 Negative Patients With Locally Advanced or Metastatic Non-Squamous Non-Small Cell Lung Cancer,Non-Small Cell Lung Cancer,ACTIVE_NOT_RECRUITING,2026-12,Progression Free Survival (PFS) assessed by Blinded Independent Central Review (BICR),
NCT06767527,,,AK112-308,,AK112; Nab-paclitaxel,ak112,Akeso,,AK112 or Placebo Plus Nab-Paclitaxel as First-line Treatment in Inoperable Locally Advanced/ Metastatic Triple-negative Breast Cancer,Triple-Negative Breast Cancer (TNBC),RECRUITING,2026-12,PFS assessed by IRRC | OS,
NCT02135042,,DNA,NRG-HN001,NCI-2014-00635; s16-00025; RTOG-1305; NRG-HN001; U10CA021661; U10CA180868,"Bone Scan; Bone Scintigraphy; Cisplatin; Abiplatin; Blastolem; Briplatin; CDDP; Cis-diammine-dichloroplatinum; Cis-diamminedichloridoplatinum; Cis-diamminedichloro Platinum (II); Cis-diamminedichloroplatinum; Cis-dichloroammine Platinum (II); Cis-platinous Diamine Dichloride; Cis-platinum; Cis-platinum II; Cis-platinum II Diamine Dichloride; Cismaplat; Cisplatina; Cisplatinum; Cisplatyl; Citoplatino; Citosin; Cysplatyna; DDP; Lederplatin; Metaplatin; Neoplatin; Peyrone's Chloride; Peyrone's Salt; Placis; Plastistil; Platamine; Platiblastin; Platiblastin-S; Platinex; Platinol; Platinol- AQ; Platinol-AQ; Platinol-AQ VHA Plus; Platinoxan; Platinum; Platinum Diamminodichloride; Platiran; Platistin; Platosin; Clinical Observation; observation; Computed Tomography; CAT; CAT Scan; Computed Axial Tomography; Computerized Axial Tomography; Computerized axial tomography (procedure); Computerized Tomography; Computerized Tomography (CT) scan; CT; CT Scan; Diagnostic CAT Scan; Diagnostic CAT Scan Service Type; tomography; Fluorouracil; 5 Fluorouracil; 5 Fluorouracilum; 5 FU; 5-Fluoro-2,4(1H, 3H)-pyrimidinedione; 5-Fluorouracil; 5-Fluracil; 5-Fu; 5FU; AccuSite; Carac; Fluoro Uracil; Fluouracil; Flurablastin; Fluracedyl; Fluracil; Fluril; Fluroblastin; Ribofluor; Ro 2-9757; Ro-2-9757; Gemcitabine Hydrochloride; dFdCyd; Difluorodeoxycytidine Hydrochloride; Gemcitabine HCI; Gemzar; LY 188011; LY-188011; LY188011; Intensity-Modulated Radiation Therapy; IMRT; Intensity modulated radiation therapy (procedure); Intensity Modulated RT; Intensity-Modulated Radiotherapy; Radiation, Intensity-Modulated Radiotherapy; Laboratory Biomarker Analysis; Magnetic Resonance Imaging; Magnetic Resonance; Magnetic Resonance Imaging (MRI); Magnetic resonance imaging (procedure); Magnetic Resonance Imaging Scan; Medical Imaging, Magnetic Resonance / Nuclear Magnetic Resonance; MR; MR Imaging; MRI; MRI Scan; MRIs; NMR Imaging; NMRI; Nuclear Magnetic Resonance Imaging; sMRI; Structural MRI; Paclitaxel; Anzatax; Asotax; Bristaxol; Praxel; Taxol; Taxol Konzentrat; Positron Emission Tomography; Medical Imaging, Positron Emission Tomography; PET; PET Scan; Positron emission tomography (procedure); Positron Emission Tomography Scan; Positron-Emission Tomography; PT; Quality-of-Life Assessment; Quality of Life Assessment",gemcitabine hydrochloride,NRG Oncology,National Cancer Institute (NCI),Individualized Treatment in Treating Patients With Stage II-IVB Nasopharyngeal Cancer Based on EBV DNA,EBV Infection; Stage II Nasopharyngeal Carcinoma AJCC v7; Stage III Nasopharyngeal Carcinoma AJCC v7; Stage IVA Nasopharyngeal Carcinoma AJCC v7; Stage IVB Nasopharyngeal Carcinoma AJCC v7,ACTIVE_NOT_RECRUITING,2026-12-01,Progression-free survival (PFS) (Detectable Plasma Epstein Barr virus [EBV] deoxyribonucleic acid [DNA] Cohort Phase II) | Overall survival (OS) (Undetectable Plasma EBV DNA Cohort Phase III),non-inferiority mentioned
NCT03767244,PROTEUS,,CR108535,56021927PCR3011; 2018-001746-34; 2023-506153-38-00,Apalutamide; JNJ-56021927; Androgen Deprivation Therapy (ADT),apalutamide,"Janssen Research & Development, LLC",,"A Study of Apalutamide in Participants With High-Risk, Localized or Locally Advanced Prostate Cancer Who Are Candidates for Radical Prostatectomy",Prostatic Neoplasms,ACTIVE_NOT_RECRUITING,2026-12-01,Percentage of Participants with Pathologic complete response (pCR) | Metastasis-Free Survival (MFS),
NCT05669820,AFGB2,,FPAFGB2ver6,,Salovum; Antisecretory factor,,Peter Siesjö,Lund University,Antisecretory Factor Glioblastoma Phase 2,Glioblastoma,RECRUITING,2026-12-01,Overall survival,
NCT05860465,,,SPH4336-302,,SPH4336 Tablets,sph4336 tablets,"Shanghai Pharmaceuticals Holding Co., Ltd",,Safety and Efficacy of SPH4336 in Combination With Endocrine Therapy in the Treatment of Locally Advanced or Metastatic Breast Cancer,Locally Advanced or Metastatic Breast Cancer,RECRUITING,2026-12-01,Objective response rate | Progression-free survival (PFS),
NCT06462001,,,18UR004,,Bacillus Calmette-Guerin Vaccine Intravesical; Mitomycin,mitomycin,Nottingham University Hospitals NHS Trust,Australian and New Zealand Urogenital and Prostate Cancer Trials Group; University of Sydney,"BCG + MMC: Adding Mitomycin C to BCG in High-risk, Non-muscle-invasive Bladder Cancer",Transitional Cell Carcinoma; Transurethral Resection,ACTIVE_NOT_RECRUITING,2026-12-01,Disease free survival,
NCT07203352,,,NFEC-2025-241,,targeted drug,targeted drug,"Nanfang Hospital, Southern Medical University",,Efficacy of Targeted Drugs Combined With Chemotherapy in the Treatment of T-ALL,Acute Lymphoblastic Leukemia,RECRUITING,2026-12-01,Overall survival,
NCT06629779,,MEVPRO-2,C2321003,2024-511652-40-00,PF-06821497; Mevrometostat; Enzalutamide; Xtandi,pf-06821497,Pfizer,,A Study to Learn How PF-06821497 (Mevrometostat) Works in Men With Metastatic Castration-resistant Prostate Cancer.,Metastatic Castration-Resistant Prostate Cancer,RECRUITING,2026-12-02,Radiographic Progression Free Survival (rPFS),
NCT03875781,NORAD01,Intergroup FRENCH-GRECCAR- PRODIGE,P170920J,,Chemotherapy; Radiochemotherapy,chemotherapy,Assistance Publique - Hôpitaux de Paris,,Non Inferiority Study of Preoperative Chemotherapy Without Pelvic Irradiation for Rectal Cancer,Rectal Cancer; Advanced Cancer,RECRUITING,2026-12-05,Survival,non-inferiority mentioned
NCT06151574,,,1479-0008,2023-504308-27-00; U1111-1294-1407,"zongertinib; BI 1810631, Hernexeos®; pembrolizumab; Keytruda®; cisplatin; carboplatin; pemetrexed",zongertinib,Boehringer Ingelheim,,Beamion LUNG-2: A Study to Test Whether Zongertinib (BI 1810631) Helps People With Advanced Non-small Cell Lung Cancer With HER2 Mutations Compared With Standard Treatment,"Lung Cancer, Non-squamous, Non-small Cell",ACTIVE_NOT_RECRUITING,2026-12-10,Progression-free survival (PFS) according to Response Evaluation Criteria in Solid Tumours (RECIST) 1.1 determined by blinded central independent review,
NCT07376382,SYNSTAR-02,,SYS6010-002,,SYS6010; Osimertinib; platinum-pemetrexed,sys6010,"CSPC Megalith Biopharmaceutical Co.,Ltd.",,A Phase Ⅲ Clinical Study of SYS6010 in Combination With Osimertinib in Patients With Locally Advanced or Metastatic NSCLC,NSCLC,NOT_YET_RECRUITING,2026-12-12,Progression Free Survival(PFS) evaluated by IRC,
NCT03241537,,COHORT Trial,SMC2015-11-139-002,,Intensity modulated radiotherapy,,Samsung Medical Center,,COHORT Trial in Clinical Pelivc Lymph Node Metastatic Prostate Cancer,Prostate Neoplasm,ACTIVE_NOT_RECRUITING,2026-12-14,Comparison of recurrence-free survival between two treatment groups,
NCT03595592,APTneo,,FM-17-B01,2017-000981-31,Trastuzumab; Herceptin; Pertuzumab; Perjeta; Carboplatin; Carboplatin Hospiria; Paclitaxel; Paclitaxel Hospiria; Doxorubicin; Doxorubicin Pfizer; Cyclophosphamide; Cyclophosphamide Sandoz; Atezolizumab; Tecentriq; Surgery,doxorubicin,Fondazione Michelangelo,Hoffmann-La Roche,Neoadjuvant Treatment of HER2 Positive Early High-risk and Locally Advanced Breast Cancer,Invasive Breast Cancer,ACTIVE_NOT_RECRUITING,2026-12-15,Event Free Survival (EFS),
NCT05678673,STELLAR-304,,XL092-304,EU CTR: 2022-501703-27-0,XL092; Nivolumab; Opdivo®; Sunitinib Malate; Sutent®,xl092,Exelixis,,Study of XL092 + Nivolumab vs Sunitinib in Subjects With Advanced or Metastatic Non-Clear Cell Renal Cell Carcinoma,Non-Clear Cell Renal Cell Carcinoma,ACTIVE_NOT_RECRUITING,2026-12-15,"Duration of Progression-free survival (PFS) per Response Evaluation Criteria in Solid Tumors version 1.1 (RECIST 1.1), by Blinded Independent Radiology Committee (BIRC) | Objective response rate (ORR) as assessed by BIRC per RECIST 1.1",
NCT03774732,NIRVANA-LUNG,,UC-0107/1718,,"Radiotherapy; 3D-CRT or SABR; Pembrolizumab; Chemotherapy; Carboplatin, paclitaxel, nab-paclitaxel, cisplatin, pemetrexed",,UNICANCER,"National Cancer Institute, France",PD-1 Inhibitor and Chemotherapy With Concurrent Irradiation at Varied Tumour Sites in Advanced Non-small Cell Lung Cancer,"Non Small Cell Lung Cancer; Non Small Cell Lung Cancer Metastatic; Non-Small Cell Carcinoma of Lung, TNM Stage 4",ACTIVE_NOT_RECRUITING,2026-12-22,1-year Overall Survival,
NCT06008119,,,HL-085-304,,Tunlametinib plus Vemurafenib; Doublets Chemotherapy ± Bevacizumab or Doublets Chemotherapy ± Cetuximab,tunlametinib plus vemurafenib,"Shanghai Kechow Pharma, Inc.",,Efficacy and Safety of Tunlametinib Plus Vemurafenib in Patients With BRAF V600E-mutant Metastatic Colorectal Cancer,Colorectal Cancer Metastatic,RECRUITING,2026-12-24,Progression-free Survival (PFS),
NCT05653453,,,P100-LAPC1,,Tumor treating fields combined with Gemcitabine hydrochloride and albumin binding paclitaxel; Gemcitabine hydrochloride and albumin binding paclitaxel,,"Jiangsu Healthy Life Innovation Medical Technology Co., Ltd",,Clinical Study of Tumor Treating Fields Combined with Gemcitabine and Albumin-bound Paclitaxel in the First-line Treatment of Locally Advanced Pancreatic Cancer,Locally Advanced Pancreatic Cancer,RECRUITING,2026-12-25,Overall survival (OS),
NCT06551324,MEVPRO-1,,C2321014,2024-511650-50-00,PF-06821497; Mevrometostat; Docetaxel; Taxotere; Enzalutamide; XTANDI,pf-06821497,Pfizer,,A Study to Learn About the Investigational Medicine Called PF-06821497 (Mevrometostat) in Men With mCRPC Who Were Previously Treated With Abiraterone Acetate for Prostate Cancer (MEVPRO-1).,Metastatic Castrate Resistant Prostate Cancer (mCRPC),ACTIVE_NOT_RECRUITING,2026-12-28,Radiographic Progression Free Survival (rPFS) assessed by blinded independent central review (BICR) per RECIST v1.1 and Prostate Cancer Clinical Trials Working Group 3 (PCWG3),
NCT03592472,,RENAVIV,XYN-602,,Pazopanib; Votrient®; Abexinostat; PCI-24781,abexinostat,"Xynomic Pharmaceuticals, Inc.",,A Study of Pazopanib With or Without Abexinostat in Patients With Locally Advanced or Metastatic Renal Cell Carcinoma (RENAVIV),Renal Cell Carcinoma,RECRUITING,2026-12-30,Progression-free survival (PFS),
NCT04576117,,,NCI-2020-07549,NCI-2020-07549; ACNS1931; U10CA180886,"Biospecimen Collection; Biological Sample Collection; Biospecimen Collected; Sample Collection; Specimen Collection; Magnetic Resonance Imaging; Magnetic Resonance; Magnetic Resonance Imaging (MRI); Magnetic resonance imaging (procedure); Magnetic Resonance Imaging Scan; Medical Imaging, Magnetic Resonance / Nuclear Magnetic Resonance; MR; MR Imaging; MRI; MRI Scan; MRIs; NMR Imaging; NMRI; Nuclear Magnetic Resonance Imaging; sMRI; Structural MRI; Quality-of-Life Assessment; Quality of Life Assessment; Questionnaire Administration; Selumetinib Sulfate; AZD-6244 Hydrogen Sulfate; AZD6244 Hydrogen Sulfate; AZD6244 Hydrogen Sulphate; Koselugo; Selumetinib Sulphate; Vinblastine Sulfate; 29060 LE; 29060-LE; Exal; Velban; Velbe; Velsar; VINCALEUKOBLASTINE",vinblastine sulfate,National Cancer Institute (NCI),,A Study to Compare Treatment With the Drug Selumetinib Alone Versus Selumetinib and Vinblastine in Patients With Recurrent or Progressive Low-Grade Glioma,Recurrent Low Grade Astrocytoma; Recurrent WHO Grade 2 Glioma; Refractory Low Grade Astrocytoma; Refractory Low Grade Glioma; Refractory WHO Grade 1 Glioma,ACTIVE_NOT_RECRUITING,2026-12-30,Maximum tolerated dose/recommended phase II dose (MTD/RP2D) of selumetinib and vinblastine combination (feasibility) | Event-free survival (EFS) (efficacy),
NCT04772287,,LungMate-008,LungMate-008,,Toripalimab; Cisplatin/Carboplatin; Pemetrexed (non-squamous cell carcinoma)/ Docetaxel/ Gemcitabine/ Vinorelbine/ Paclitaxel,toripalimab,"Shanghai Pulmonary Hospital, Shanghai, China",,Adjuvant Toripalimab Plus Chemotherapy for EGFR/ALK Mutation Negative Stage II-IIIB(N2) NSCLC (LungMate-008),Non Small Cell Lung Cancer,NOT_YET_RECRUITING,2026-12-30,Disease-free survival (DFS),
NCT05171660,,,2021-1013,,Sintilimab; Bevacizumab; Oxaliplatin; Capecitabine,sintilimab,"Second Affiliated Hospital, Zhejiang University, School of Medicine",,Combination With Sintilimab and XELOX+Bevacizumab as 1st Line Therapy in RAS-mutant Metastatic Colorectal Cancer,Colorectal Cancer Stage IV,ACTIVE_NOT_RECRUITING,2026-12-30,Progression free survival time,
NCT05909397,VERITAC-3,,C4891002,2022-500545-24-00,Vepdegestrant (ARV-471/PF-07850327); Vepdegestrant; Palbociclib; IBRANCE®; Letrozole; FEMARA®,vepdegestrant,Pfizer,"Arvinas Estrogen Receptor, Inc.",Vepdegestrant (ARV-471/PF-07850327) + Palbociclib vs Letrozole + Palbociclib in ER(+)/HER2(-) Advanced Breast Cancer,Breast Cancer,ACTIVE_NOT_RECRUITING,2026-12-30,Study Lead-in (SLI): Incidence of Grade 4 neutropenia | SLI: Incidence of dose reduction | SLI: Incidence of drug discontinuation. | Phase 3: Progression-Free Survival,
NCT06194734,,,KC1036-III-01,,KC1036; Irinotecan; Docetaxel; S-1; Tegafur-gimeracil-oteracil potassium,kc1036,"Beijing Konruns Pharmaceutical Co., Ltd.",,A Study of KC1036 Versus Investigator's Choice of Chemotherapy in Patients With Advanced Esophageal Cancer,Esophageal Squamous Cell Carcinoma,RECRUITING,2026-12-30,Overall survival (OS),
NCT06206733,,,ASK-LC-B589-III-1,,ASKB589; Oxaliplatin; Capecitabine; Tislelizumab,askb589,"AskGene Pharma, Inc.","Jiangsu Aosaikang Pharmaceutical Co., Ltd.; Jiangsu Aosaikang Biopharmaceutical Co., Ltd",ASKB589 in Combination With CAPOX and PD-1 Inhibitor in Patients With Advanced or Metastatic GC/GEJ Adenocarcinoma,Gastroesophageal Junction Adenocarcinoma; Gastric Adenocarcinoma,ACTIVE_NOT_RECRUITING,2026-12-30,Progression Free Survival (PFS),
NCT06238843,G-HOPE-001,,CIBI343A301,,Irinotecan OR Paclitaxel or Trifluridine/tipiracil（ FTD/TPI）; IBI343; Arcotatug Tavatecan,ibi343,Innovent Biologics (Suzhou) Co. Ltd.,,"A Multicenter, Phase 3 Study of IBI343 Monotherapy Versus Treatment of Investigator's Choice in Subjects With Previously Treated, Claudin (CLDN) 18.2-positive, HER2-negative, Gastric or Gastroesophageal Junction Adenocarcinoma (G-HOPE-001)",Unresectable or Metastatic Gastric or Gastroesophageal Junction Adenocarcinoma,ACTIVE_NOT_RECRUITING,2026-12-30,progression free survival(PFS) | overall survival(OS),
NCT06751485,,,JSKN003-306,,JSKN003; Doxorubicin; Paclitaxel; Topotecan,jskn003,"Jiangsu Alphamab Biopharmaceuticals Co., Ltd",,"JSKN003 in Platinum-Resistant, Relapsed Epithelial Ovarian Cancer",Ovarian Cancer; Primary Peritoneal; Fallopian Tube Cancers,NOT_YET_RECRUITING,2026-12-30,Progression-free Survival (PFS) assessed by Blinded Independent Review Committee (BIRC) as per RECIST 1.1,
NCT00223171,PCS IV,,"DC-990-0056,1",DC-990-0056,Androgen blockade + radiation therapy,,Université de Sherbrooke,AstraZeneca,Duration of Androgen Blockade Combined With Pelvic Irradiation in Prostate Cancers,Prostate Cancer,ACTIVE_NOT_RECRUITING,2026-12-31,Specific survival | Overall survival | Treatment morbidity induced versus quality of life based on duration of hormonal therapy,
NCT00978458,,,E3F05,ECOG-E3F05,temozolomide; 3-dimensional conformal radiation therapy; intensity-modulated radiation therapy,temozolomide,Eastern Cooperative Oncology Group,National Cancer Institute (NCI),Radiation Therapy With or Without Temozolomide in Treating Patients With Low-Grade Glioma,Brain and Central Nervous System Tumors; Neurotoxicity,ACTIVE_NOT_RECRUITING,2026-12-31,Progression-free survival (PFS) | Overall survival (OS),
NCT01863550,,ENDURANCE,E1A11,NCI-2012-02608; ECOG-E1A11; E1A11; s17-00040; U10CA180820; U10CA021115; U24CA196172,Bortezomib; [(1R)-3-Methyl-1-[[(2S)-1-oxo-3-phenyl-2-[(pyrazinylcarbonyl)amino]propyl]amino]butyl]boronic Acid; LDP 341; MLN341; PS-341; PS341; Velcade; Carfilzomib; Kyprolis; PR-171; Dexamethasone; Aacidexam; Adexone; Aknichthol Dexa; Alba-Dex; Alin; Alin Depot; Alin Oftalmico; Amplidermis; Anemul mono; Auricularum; Auxiloson; Baycuten; Baycuten N; Cortidexason; Cortisumman; Decacort; Decadrol; Decadron; Decalix; Decameth; Decasone R.p.; Dectancyl; Dekacort; Deltafluorene; Deronil; Desamethasone; Desameton; Dexa-Mamallet; Dexa-Rhinosan; Dexa-Scheroson; Dexa-sine; Dexacortal; Dexacortin; Dexafarma; Dexafluorene; Dexalocal; Dexamecortin; Dexameth; Dexamethasonum; Dexamonozon; Dexapos; Dexinoral; Dexone; Dinormon; Fluorodelta; Fortecortin; Gammacorten; Hexadecadrol; Hexadrol; Lokalison-F; Loverine; Methylfluorprednisolone; Millicorten; Mymethasone; Orgadrone; Spersadex; Visumetazone; Laboratory Biomarker Analysis; Lenalidomide; CC-5013; CC5013; CDC 501; Revlimid; Quality-of-Life Assessment; Quality of Life Assessment,bortezomib,ECOG-ACRIN Cancer Research Group,National Cancer Institute (NCI),Bortezomib or Carfilzomib With Lenalidomide and Dexamethasone in Treating Patients With Newly Diagnosed Multiple Myeloma,Plasma Cell Myeloma,ACTIVE_NOT_RECRUITING,2026-12-31,Overall survival (OS) for the maintenance analysis | Progression-free survival for the induction analysis,
NCT01924819,TOPGEAR,,AG0407GR,ACTRN12609000035224; U1111-1146-0762; TROG 08.08; 22114-40111,"Epirubicin + cisplatin + 5-fluorouracil OR epirubicin + cisplatin + capecitabine OR epirubicin + oxaliplatin + capecitabine OR 5-Fluorouracil + leucovorin + oxaliplatin + docetaxel; Epirubicin hydrochloride, Pharmorubicin, Ellence; Platinol; 5-FU, Adrucil, Carac, Efudex. Efudix; Xeloda; Eloxatin; Folinic acid, 5-formyl tetrahydrofolic acid, Citrovorum Factor; Taxotere, Docetere; Preoperative chemoradiotherapy; Gastric resection",,Australasian Gastro-Intestinal Trials Group,"National Health and Medical Research Council, Australia; Trans Tasman Radiation Oncology Group; European Organisation for Research and Treatment of Cancer - EORTC; NCIC Clinical Trials Group",Trial of Preoperative Therapy for Gastric and Esophagogastric Junction Adenocarcinoma,Gastric Cancer,ACTIVE_NOT_RECRUITING,2026-12-31,Overall survival,
NCT02446405,ENZAMET,,ANZUP 1304,ACTRN12614000110684,Enzalutamide; NSAA; LHRHA or Surgical Castration,enzalutamide,University of Sydney,Australian and New Zealand Urogenital and Prostate Cancer Trials Group; Cancer Trials Ireland; Canadian Cancer Trials Group; Astellas Pharma Inc,Enzalutamide in First Line Androgen Deprivation Therapy for Metastatic Prostate Cancer,Prostatic Neoplasms,ACTIVE_NOT_RECRUITING,2026-12-31,Overall Survival Time,
NCT03017326,PHITT,,RG_15-114,,Cisplatin; Doxorubicin; Carboplatin; 5Fluorouracil; Vincristine; Etoposide; Irinotecan; Gemcitabine; Oxaliplatin; Sorafenib,,University of Birmingham,"Fundació Institut Germans Trias i Pujol; University Hospital Munich; University Hospital, Bonn; University of Kiel; University Hospital Tuebingen; University of Padova; Ludwig-Maximilians - University of Munich; Medical University of Gdansk; Cliniques universitaires Saint-Luc- Université Catholique de Louvain; Motol University Hospital; Rennes University Hospital; Children's University Hospital, Ireland; University of Oslo; Princess Maxima Center for Pediatric Oncology; Andaluz Health Service; Swiss Pediatric Oncology Group; Gothia Forum - Center for Clinical Trial; The Leeds Teaching Hospitals NHS Trust; Bambino Gesù Hospital and Research Institute; Newcastle University; Experimental Cancer Medicine Centres; XenTech, Evry",Paediatric Hepatic International Tumour Trial,"Hepatoblastoma; Carcinoma, Hepatocellular",ACTIVE_NOT_RECRUITING,2026-12-31,Event-free survival (EFS) | Response in HCC is defined as complete (CR) or partial (PR) response according to RECIST version 1.1 criteria,
NCT03303495,,,RECHANGE,,Bevacizumab; Avastin; CPT-11; Irinotecan; 5-FU Bolus; fluorouracil; 5-FU Infusion; l-LV (dl-LV); Leucovorin,bevacizumab,Sun Yat-sen University,,A Study of 2nd-line FOLFIRI ± Bevacizumab vs. Irinotecan ± Bevacizumab in mCRC,Colorectal Neoplasms; Neoplasm Metastasis; Intestinal Neoplasms; Gastrointestinal Neoplasms; Digestive System Neoplasms,RECRUITING,2026-12-31,Progression-free survival (PFS),non-inferiority mentioned
NCT03654053,SACRED,,GAST-010-19F,VOCAL-001,Simvastatin 40mg; Simvastatin,simvastatin,VA Office of Research and Development,,Multi-Center Study of the Effects of Simvastatin on Hepatic Decompensation and Death in Subjects Presenting With High-Risk Compensated Cirrhosis,Cirrhosis,ACTIVE_NOT_RECRUITING,2026-12-31,Survival free from hepatic decompensation,
NCT03859128,JUPITER 04,,JS001-016-III-HCC,,TORIPALIMAB INJECTION(JS001 ),,"Shanghai Junshi Bioscience Co., Ltd.",,Toripalimab or Placebo as Adjuvant Therapy in Hepatocellular Carcinoma After Radical Resection,Hepatocellular Carcinoma,ACTIVE_NOT_RECRUITING,2026-12-31,BICR-RFS,
NCT04093167,,,BR36,CRI-CCTG-002,Pembrolizumab,,Canadian Cancer Trials Group,"Cancer Research Institute, New York City; Personal Genome Diagnostics; Mark Foundation for Cancer Research",Study of CTDNA Response Adaptive Immuno-Chemotherapy in Lung Cancer,Lung Cancer,ACTIVE_NOT_RECRUITING,2026-12-31,Stage 1: Concordance rate between molecular response and radiologic response | Stage 2: Phase II Progression-Free Survival (PFS) | Stage 2: Phase III Overall Survival,
NCT04460352,NEEDS,NEEDS Trial,NEEDS,,"Neoadjuvant radiotherapy (arm A); Carboplatin, paclitaxel; Neoadjuvant chemotherapy; Esophagectomy; Neoadjuvant radiotherapy (arm B); Neoadjuvant Platin-Taxane Regimen (alternative 1); Cisplatin, paclitaxel; Platinum-Fluoropyrimidine Regimens (alternative 2a); Oxaliplatin, calcium folinate, 5-fluorouracil; Platinum-Fluoropyrimidine Regimens (alternative 2b)","carboplatin, paclitaxel",Karolinska University Hospital,University of Leipzig; The Swedish Research Council,Chemoradiotherapy Followed by Planned Surgery or by Surveillance and Surgery Only When Needed for Oesophageal Cancer,Esophageal Squamous Cell Carcinoma,RECRUITING,2026-12-31,Overall survival | Global Health-related quality of life (HRQOL) | Eating restrictions,non-inferiority mentioned
NCT04523493,,,JS001-027-III-HCC,,Toripalimab combined with Lenvatinib,toripalimab combined with lenvatinib,"Shanghai Junshi Bioscience Co., Ltd.",,Phase III Study of Toripalimab（JS001） Combined With Lenvatinib for Advanced HCC,Advanced Hepatocellular Carcinoma (HCC),ACTIVE_NOT_RECRUITING,2026-12-31,Overall survival (OS),
NCT04759586,,,NCI-2021-01071,NCI-2021-01071; ANHL1931; U10CA180886,"Biospecimen Collection; Biological Sample Collection; Biospecimen Collected; Sample Collection; Specimen Collection; Bone Marrow Aspiration; Bone Marrow Biopsy; Biopsy of Bone Marrow; Biopsy, Bone Marrow; Computed Tomography; CAT; CAT Scan; Computed Axial Tomography; Computerized Axial Tomography; Computerized axial tomography (procedure); Computerized Tomography; Computerized Tomography (CT) scan; CT; CT Scan; Diagnostic CAT Scan; Diagnostic CAT Scan Service Type; tomography; Cyclophosphamide; (-)-Cyclophosphamide; 2H-1,3,2-Oxazaphosphorine, 2-[bis(2-chloroethyl)amino]tetrahydro-, 2-oxide, monohydrate; Asta B 518; B 518; B-518; B518; Carloxan; Ciclofosfamida; Ciclofosfamide; Cicloxal; Clafen; Claphene; CP monohydrate; CTX; CYCLO-cell; Cycloblastin; Cycloblastine; Cyclophospham; Cyclophosphamid monohydrate; Cyclophosphamide Monohydrate; Cyclophosphamidum; Cyclophosphan; Cyclophosphane; Cyclophosphanum; Cyclostin; Cyclostine; Cytophosphan; Cytophosphane; Cytoxan; Fosfaseron; Frindovyx; Genoxal; Genuxal; Ledoxina; Mitoxan; Neosar; Revimmune; Syklofosfamid; WR 138719; WR- 138719; WR-138719; WR138719; Doxorubicin Hydrochloride; 5,12-Naphthacenedione, 10-[(3-amino-2,3,6-trideoxy-alpha-L-lyxo-hexopyranosyl)oxy]-7,8, 9,10-tetrahydro-6,8,11-trihydroxy-8-(hydroxyacetyl)-1-methoxy-, hydrochloride, (8S-cis)- (9CI); ADM; Adriacin; Adriamycin; Adriamycin Hydrochloride; Adriamycin PFS; Adriamycin RDF; ADRIAMYCIN, HYDROCHLORIDE; Adriamycine; Adriblastina; Adriblastine; Adrimedac; Chloridrato de Doxorrubicina; DOX; DOXO-CELL; Doxolem; Doxorubicin HCl; Doxorubicin.HCl; Doxorubin; Farmiblastina; FI 106; FI-106; FI106; hydroxydaunorubicin; Rubex; Echocardiography Test; EC; Echocardiography; Etoposide Phosphate; Etopophos; Filgrastim; Filgrastim Biosimilar Filgrastim-sndz; Filgrastim Biosimilar Tbo-filgrastim; Filgrastim XM02; Filgrastim-aafi; Filgrastim-ayow; Filgrastim-sndz; G-CSF; Granix; Neupogen; Neutroval; Nivestim; Nivestym; r-metHuG-CSF; Recombinant Methionyl Human Granulocyte Colony Stimulating Factor; Releuko; rG-CSF; Tbo-filgrastim; Tevagrastim; XM02; Zarxio; Lumbar Puncture; LP; Spinal Tap; Nivolumab; ABP 206; BCD-263; BMS 936558; BMS-936558; BMS936558; CMAB819; MDX 1106; MDX-1106; MDX1106; NIVO; Nivolumab Biosimilar ABP 206; Nivolumab Biosimilar BCD-263; Nivolumab Biosimilar CMAB819; ONO 4538; ONO-4538; ONO4538; Opdivo; Pegfilgrastim; Cegfila; Dulastin; Dyrupeg; Filgrastim SD-01; filgrastim-SD/01; Fulphila; Fylnetra; G-Lasta; Grasustek; HSP-130; Jinyouli; Neulasta; Neulastim; Neupopeg; Nyvepria; PEG-filgrastim; Pegcyte; Pegfilgrastim Biosimilar HSP-130; Pegfilgrastim Biosimilar Nyvepria; Pegfilgrastim Biosimilar Pegcyte; Pegfilgrastim Biosimilar PF-06881894; Pegfilgrastim Biosimilar Udenyca; Pegfilgrastim Biosimilar Ziextenzo; Pegfilgrastim-apgf; Pegfilgrastim-bmez; Pegfilgrastim-cbqv; Pegfilgrastim-cegf; Pegfilgrastim-dyru; Pegfilgrastim-fpgk; Pegfilgrastim-gras; Pegfilgrastim-jmdb; Pegfilgrastim-pbbk; Pegfilgrastim-pelg; Pegfilgrastim-pelm; Pegylated G-CSF; Pegylated GCSF; Pegylated Granulocyte Colony Stimulating Factor; Pelgraz; Pelmeg; PF-06881894; SD-01; SD-01 sustained duration G-CSF; Stimufend; Tripegfilgrastim; Udenyca; Ziextenzo; Positron Emission Tomography; Medical Imaging, Positron Emission Tomography; PET; PET Scan; Positron emission tomography (procedure); Positron Emission Tomography Scan; Positron-Emission Tomography; PT; Prednisolone; (11beta)-11,17,21-Trihydroxypregna-1,4-diene-3,20-dione; .delta.1-Hydrocortisone; Adnisolone; Aprednislon; Capsoid; Cortalone; Cortisolone; Dacortin H; Decaprednil; Decortin H; Delta(1)Hydrocortisone; Delta- Cortef; Delta-Cortef; Delta-Diona; Delta-F; Delta-Phoricol; Delta1-dehydro-hydrocortisone; Deltacortril; Deltahydrocortisone; Deltasolone; Deltidrosol; Dhasolone; Di-Adreson-F; Dontisolon D; Estilsona; Fisopred; Frisolona; Gupisone; Hostacortin H; Hydeltra; Hydeltrasol; Klismacort; Kuhlprednon; Lenisolone; Lepi-Cortinolo; Linola-H N; Linola-H-Fett N; Longiprednil; Metacortandralone; Meti Derm; Meticortelone; Opredsone; Panafcortelone; Precortisyl; Pred-Clysma; Predeltilone; Predni-Coelin; Predni-Helvacort; Prednicortelone; Prednisolonum; Prelone; Prenilone; Sterane; Prednisone; .delta.1-Cortisone; 1, 2-Dehydrocortisone; Adasone; Cortancyl; Dacortin; DeCortin; Decortisyl; Decorton; Delta 1-Cortisone; Delta-Dome; Deltacortene; Deltacortisone; Deltadehydrocortisone; Deltasone; Deltison; Deltra; Econosone; Lisacort; Meprosona-F; Metacortandracin; Meticorten; Ofisolona; Orasone; Panafcort; Panasol-S; Paracort; Perrigo Prednisone; PRED; Predicor; Predicorten; Prednicen-M; Prednicort; Prednidib; Prednilonga; Predniment; Prednisone Intensol; Prednisonum; Prednitone; Promifen; Rayos; Servisone; SK-Prednisone; Radiation Therapy; Cancer Radiotherapy; Energy Type; ENERGY_TYPE; Irradiate; Irradiated; Irradiation; Radiation; Radiation Therapy, NOS; Radiotherapeutics; Radiotherapy; RT; Therapy, Radiation; Rituximab; ABP 798; ABP-798; ABP798; BI 695500; BI-695500; BI695500; Blitzima; C2B8 Monoclonal Antibody; Chimeric Anti-CD20 Antibody; CT P10; CT-P10; CTP10; GP 2013; GP-2013; GP2013; IDEC 102; IDEC-102; IDEC-C2B8; IDEC-C2B8 Monoclonal Antibody; IDEC102; Ikgdar; Mabtas; MabThera; Monoclonal Antibody IDEC-C2B8; PF 05280586; PF-05280586; PF05280586; Riabni; Ritemvia; Rituxan; Rituximab ABBS; Rituximab ARRX; Rituximab Biosimilar ABP 798; Rituximab Biosimilar BI 695500; Rituximab Biosimilar CT-P10; Rituximab Biosimilar GB241; Rituximab Biosimilar GP2013; Rituximab Biosimilar IBI301; Rituximab Biosimilar JHL1101; Rituximab Biosimilar PF-05280586; Rituximab Biosimilar RTXM83; Rituximab Biosimilar SAIT101; Rituximab Biosimilar SIBP-02; rituximab biosimilar TQB2303; Rituximab PVVR; Rituximab-abbs; Rituximab-arrx; Rituximab-blit; Rituximab-pvvr; Rituximab-rite; Rituximab-rixa; Rituximab-rixi; Rixathon; Riximyo; RTXM 83; RTXM-83; RTXM83; Ruxience; Truxima; Rituximab and Hyaluronidase Human; Rituxan Hycela; Rituximab Plus Hyaluronidase; Rituximab/Hyaluronidase; Rituximab/Hyaluronidase Human; Vincristine Sulfate; Kyocristine; Leurocristine Sulfate; Leurocristine, sulfate; Oncovin; Vincasar; Vincosid; Vincrex; Vincristine, sulfate",nivolumab,National Cancer Institute (NCI),,Nivolumab in Combination With Chemo-Immunotherapy for the Treatment of Newly Diagnosed Primary Mediastinal B-Cell Lymphoma,Primary Mediastinal Large B-Cell Lymphoma,ACTIVE_NOT_RECRUITING,2026-12-31,Progression-free survival (PFS),
NCT04841811,APPROACH,,CTONG2101,,Almonertinib; ctDNA dynamic monitoring guided the Almonertinib treatment,,Guangdong Association of Clinical Trials,"Jiangsu Hansoh Pharmaceutical Co., Ltd.",MDT-bridged Radical Therapy After Aumolertinib With MRD-guided Maintenance in EGFRm+ Unresectable Stage III NSCLC (APPROACH),Lung Cancer,ACTIVE_NOT_RECRUITING,2026-12-31,Assess the anti-tumor activity by IRC: ORR | Assess the anti-tumor activity by IRC: Event free survival (EFS) rate,
NCT05300945,,,TJ_HIPEC-01,,HIPEC,hipec,Zhixin Cao,,HIPEC Combined Gastrectomy in Patients With Advanced Gastric Cancer Received Neoadjuvant Chemotherapy,Gastric Cancer; Peritoneal Metastases,NOT_YET_RECRUITING,2026-12-31,Peritoneal recurrence | OS,
NCT05302284,,,RC48-C016,,RC48-ADC; Disitamab Vedotin; Toripalimab; JS001; Gemcitabine; Cisplatin; Carboplatin,rc48-adc,"RemeGen Co., Ltd.",,A Study of RC48-ADC Combined With Toripalimab For First-line Treatment of Urothelial Carcinoma,Urothelial Carcinoma; HER2-expressing,RECRUITING,2026-12-31,"Progression-free survival (PFS), evaluated by independent review committee | Overall survival (OS)",
NCT05424835,,,SHR-A1811-III-301,,SHR-A1811; Pyrotinib in combination with Capecitabine.,shr-a1811,"Jiangsu HengRui Medicine Co., Ltd.",,"A Trial of SHR-A1811versus Pyrotinib in Combination With Capecitabine in HER2-Positive, Unresectable and/or Metastatic Breast Cancer Subjects Previously Treated With Trastuzumab and Taxane","HER2-Positive, Unresectable and/or Metastatic Breast Cancer Subjects Previously Treated With Trastuzumab and Taxane",ACTIVE_NOT_RECRUITING,2026-12-31,PFS（BIRC assessment）between SHR-A1811 4.8mg/kg Q3W and Pyrotinib in combination with Capecitabine.,
NCT05440149,PORT-N1,,0720222005,,No PMRT for mastectomy / No regional RT for BCS; PMRT for mastectomy / WBI + Regional RT for BCS,,Seoul National University Hospital,,The Postoperative Radiotherapy in N1 Breast Cancer Patients,Radiotherapy; Breast Cancer,RECRUITING,2026-12-31,Disease-Free Survival,non-inferiority mentioned
NCT05681260,,T-LBL,CCCG-T-LBL-2023,,"Prednisone,Vincristine, Pegylated-asparaginase, Bortezomib,Cytarabine, Cyclophosphamide, Daunorubicin, 6-mercaptopurine, methotrexate, Dexamethasone, Doxorubicin; Prednisone,Vincristine, Pegylated-asparaginase, Bortezomib,Cytarabine, Cyclophosphamide, Daunorubicin, 6-mercaptopurine, methotrexate, Dexamethasone, Doxorubicin, Vindesine, Etoposide, Ifosfamide","prednisone,vincristine, pegylated-asparaginase, bortezomib,cytarabine, cyclophosphamide, daunorubicin, 6-mercaptopurine, methotrexate, dexamethasone, doxorubicin","Children's Cancer Group, China",Shanghai Children's Medical Center; Beijing Children's Hospital; Children's Hospital of Scow University; West China Second University Hospital; Nanjing Children's Hospital; Qilu Hospital of Shandong University; Tianjin Medical University Cancer Institute and Hospital; Tongji Hospital; Xiangya Hospital of Central South University; The First Affiliated Hospital of Zhengzhou University; Cancer hospital of Shandong Province; Shenzhen Children's Hospital; Wuhan Children's Hospital; The Children's Hospital of Zhejiang University School of Medicine; Shanghai Children's Hospital; Ruijin Hospital; The Second Hospital of Anhui Medical University; Children's Hospital of Hebei Province; Cancer Hospital of Henan Province; Sun Yat-Sen Memorial Hospital of Sun Yat-Sen University; Qilu Children's Hospital,Capizzi Escalating Methotrexate Versus High Dose Methotrexate in Children With Newly Diagnosed T-cell Lymphoblastic Lymphoma (T-LBL),T-cell Lymphoblastic Lymphoma,RECRUITING,2026-12-31,Event free survival for standard risk patients | Event free survival according to bone marrow MDD | Event free survival for high risk patients,
NCT05764044,AddChemo,,AddChemo CC Trial,,"cisplatin, gemcitabine; Follow-up","cisplatin, gemcitabine",Hospital do Coracao,University of Sao Paulo,Adjuvant Chemotherapy in cfHPV-DNA Plasma Positive Patients: A Biomarker In Locally Advanced Cervical Cancer,Cervical Cancer; Cervix Cancer; Cervix Neoplasm,RECRUITING,2026-12-31,Progression free survival,
NCT05894239,INAVO122,,WO44263,2022-502046-28-00,Inavolisib; Phesgo; Taxane-based Chemotherapy; non-investigational medicinal product (NIMP); Optional Endocrine Therapy of Investigator's Choice; NIMP,inavolisib,Hoffmann-La Roche,,A Study to Evaluate the Efficacy and Safety of Inavolisib in Combination With Phesgo Versus Placebo in Combination With Phesgo in Participants With PIK3CA-Mutated HER2-Positive Locally Advanced or Metastatic Breast Cancer,Metastatic Breast Cancer,RECRUITING,2026-12-31,Investigator-Assessed Progression-Free Survival (PFS),
NCT06226857,CRC01,,CRC01,2102-2/23,Cetuximab; panitumumab,,City Clinical Oncology Hospital No 1,"Atlas Biomed; N.N. Blokhin National Medical Research Center of Oncology; Moscow Multidisciplinary Clinical Center ""Kommunarka""",Other Oncogene Mutations for Anti-EGFR Efficacy in Patients With Left-sided RAS-wild Type Metastatic Colorectal Cancer,Colorectal Neoplasms; Chemotherapy Effect; Molecular Sequence Variation,RECRUITING,2026-12-31,progression-free survival,
NCT06241612,,,B2023-651-01,,Individualized Elective Neck Irradiation,,Sun Yat-sen University,"First People's Hospital of Foshan; Sichuan Cancer Hospital and Research Institute; Xiangya Hospital of Central South University; Cancer Hospital Chinese Academy of Medical Science, Shenzhen Center; Eye & ENT Hospital of Fudan University; First Affiliated Hospital of Guangxi Medical University; First Hospital of China Medical University; Renmin Hospital of Wuhan University; Tianjin Medical University Cancer Institute and Hospital; Qingyuan People's Hospital",Individualized Elective Neck Irradiation in NPC Patients,Nasopharyngeal Carcinoma,RECRUITING,2026-12-31,Regional relapse-free survival,non-inferiority mentioned
NCT06255795,,,RJ-NKTCL-3,,"chidamide, anti-PD1 antibody, and pegaspargase; DDGP","chidamide, anti-pd1 antibody, and pegaspargase",Ruijin Hospital,,"The Efficacy and Safety of Chidamide, Anti-PD-1 Antibody in Combination With Pegaspargase Versus DDGP in the Treatment of Newly Diagnosed, Stage III to IV Extranodal Natural Killer/T-Cell Lymphoma",Extranodal Natural Killer T Cell Lymphoma,NOT_YET_RECRUITING,2026-12-31,Progression free survival,
NCT06280495,,,INTENSIFY-CRC,,Oxaliplatin; Eloxatin; Fluorouracil; 5-FU; Serplulimab; anti-PD-1 antibody; Bevacizumab; Avastin,serplulimab,Sun Yat-sen University,,"Neoadjuvant Serplulimab & Bevacizumab With FOLFOX vs. FOLFOX Alone in RAS/BRAF WT, pMMR/MSS CRC Patients",Colorectal Cancer; Liver Metastases,RECRUITING,2026-12-31,3-year Progression-Free Survival Rate,
NCT06330337,,,ZSLL-KY-2024-010-01,,Temozolomide（TMZ） injection or oral administration; Albumin-Bound Paclitaxel(ABX) intravenous drip; Specific mode electroacupuncture stimulation(SMES) intervention,,The Third Affiliated hospital of Zhejiang Chinese Medical University,Zhejiang University,Effect of Electroacupuncture Combined With Paclitaxel Clinical Efficacy of Patients With Recurrence of High-grade Glioma,Glioma,RECRUITING,2026-12-31,Overall survival（OS）,
NCT06418945,,,PGESCC001,,Tinidazole oral microneedle patch; Ultrasonic tooth cleaning,tinidazole oral microneedle patch,The First Affiliated Hospital of Henan University of Science and Technology,,Clinical Study on the Effect of Removal of Porphyromonas Gingivalis on Prognosis of Esophageal Cancer After Radical Surgery,Evaluate the DFS of Patients With Esophageal Cancer Who Underwent Radical Operation After Regular Removal of Porphyromonas Gingivalis,NOT_YET_RECRUITING,2026-12-31,DFS,
NCT06496971,,rGBM,NF-2023-01,,Bevacizumab; Avastin; Microbubble; SonoVue; Low-Intensity Focused Ultrasound; NaviFUS System,microbubble,NaviFUS Corporation,,A Prospective Pivotal Study to Evaluate the Efficacy and Safety of Avastin® Bevacizumab (BEV) With or Without Microbubble-mediated Focused Ultrasound (FUS-MB) Using NaviFUS System in Recurrent Glioblastoma Multiforme Patients,"Glioblastoma Multiforme; Glioblastoma; Glioblastoma Multiforme, Adult; Glioma; Brain Tumor; Brain Tumor, Recurrent; Neoplasms; Neoplasms, Nerve Tissue",RECRUITING,2026-12-31,6-month progression-free survival (PFS-6) of Bevacizumab (BEV) with or without microbubble-mediated focused ultrasound (FUS-MB) using NaviFUS System,
NCT06533384,,,KY2023-800,,"As per the germline BRCA1/2 mutation status, the selection of either Fuzuloparib or capecitabine in combination with Camrelizumab is made for adjuvant therapy.; 9 cycles of Camrelizumab as adjuvant therapy.",,Guangdong Provincial People's Hospital,,PARPi or Capecitabine Combined With PD-1 Inhibitors as Adjuvant Therapy in High-risk TNBC,Triple-negative Breast Cancer,RECRUITING,2026-12-31,IDFS,
NCT06907602,ONTRESCC,,Keypoint 002,,Chemotherapy; Immunotherapy (Pembrolizumab); radiotherapy,chemotherapy,Peking Union Medical College Hospital,"Chinese PLA General Hospital; Peking University Cancer Hospital & Institute; Cancer Institute and Hospital, Chinese Academy of Medical Sciences",Optimizing Neoadjuvant Treatment Regimens for Locally Advanced Esophageal Squamous Cell Carcinoma,Locally Advanced Esophageal Squamous Cell Carcinoma,RECRUITING,2026-12-31,Pathological response | 2-year and 5-year overall survival,
NCT06939439,,,CLAYMORE,,Tislelizumab + SOX Chemotherapy; SOX Chemotherapy,tislelizumab + sox chemotherapy,The First Affiliated Hospital with Nanjing Medical University,First Affiliated Hospital of Suzhou Medical College; The Affiliated Hospital of Xuzhou Medical University; Nanjing Gaochun People's Hospital; The Affiliated Jiangning Hospital of Nanjing Medical University,Using ctDNA to Guide Treatment Decisions for Stage III Gastric Cancer,Gastric Cancer Stage III,ACTIVE_NOT_RECRUITING,2026-12-31,disease-free survival (DFS),
NCT04927780,PREOPANC-3,,MEC-2021-0002,2020-005141-16,Leucovorin Calcium; Fluorouracil; Irinotecan Hydrochloride; Oxaliplatin; Resection,,Erasmus Medical Center,Dutch Pancreatic Cancer Group; Dutch Cancer Society,Perioperative or Adjuvant mFOLFIRINOX for Resectable Pancreatic Cancer,Pancreatic Cancer; Pancreatic Ductal Adenocarcinoma; Resectable Pancreatic Adenocarcinoma,ACTIVE_NOT_RECRUITING,2027-01,Overall survival,
NCT05751928,NEO-MIMAJOR,,BCD-217-3,,BCD-217; nurulimab+prolgolimab; anti-PD1; Excision of the primary lesion; Regional lymphadenectomy,bcd-217,Biocad,,A Study of Neoadjuvant Therapy With BCD-217 (Nurulimab + Prolgolimab) in Patients With Resectable Stage III Skin Melanoma,Melanoma Stage III; Melanoma (Skin),ACTIVE_NOT_RECRUITING,2027-01,event free survival (EFS),
NCT06109272,LIVIGNO-2,HCC,M24-052,2023-504600-28-00,Livmoniplimab; ABBV-151; Budigalimab; ABBV-181; Durvalumab; Atezolizumab; Bevacizumab; Tremelimumab,livmoniplimab,AbbVie,,"A Study to Assess the Dose, Adverse Events, and Change in Disease Activity of Livmoniplimab as an Intravenous (IV) Solution in Combination With Budigalimab as an IV Solution in Adult Participants With Hepatocellular Carcinoma (HCC)",Hepatocellular Carcinoma,ACTIVE_NOT_RECRUITING,2027-01,Stage 1: Best Overall Response (BOR) per Investigator | Stage 2: Overall Survival (OS),
NCT06561607,,,TQB2102-III-01,,TQB2102 for Injection; Chemotherapy drug (Capecitabine/Paclitaxel/Albumin Paclitaxel),tqb2102 for injection,"Chia Tai Tianqing Pharmaceutical Group Co., Ltd.",,A Clinical Trial of TQB2102 for Injection in the Treatment of HER2 Low-Expressing Recurrent/Metastatic Breast Cancer,Breast Cancer,ACTIVE_NOT_RECRUITING,2027-01,"Progression-free survival (PFS) in subjects with HR-positive, HER2 low-expressing recurrent/metastatic breast cancer as assessed by Independent Review Committee (IRC)",
NCT06601335,,R/M HNSCC,AK117-302,,AK117 in combination with AK112,ak117 in combination with ak112,Akeso,,A Phase 3 Study of AK112 Plus AK117 Versus Pembrolizumab in Recurrent or Metastatic Head and Neck Squamous Cell Carcinoma (R/M HNSCC),Head and Neck Squamous Cell Carcinoma,RECRUITING,2027-01,Overall Survival (OS),
NCT06860971,,,AL2846-III-01,,AL2846 Capsules,al2846 capsules,"Chia Tai Tianqing Pharmaceutical Group Co., Ltd.",,A Study of AL2846 Capsule Versus Placebo in the Treatment of Advanced Radioiodine-Refractory Differentiated Thyroid Carcinoma,Thyroid Cancer,RECRUITING,2027-01,Progression - Free Survival (PFS) evaluated by the Independent Review Committee (IRC),
NCT01810913,,,NCI-2013-00500,NCI-2013-00500; RTOG-1216; U10CA021661; U10CA180868,"Atezolizumab; MPDL 3280A; MPDL 328OA; MPDL-3280A; MPDL3280A; MPDL328OA; RG 7446; RG-7446; RG7446; RO 5541267; RO-5541267; RO5541267; Tecentriq; Biopsy Procedure; Biopsy; BIOPSY_TYPE; Bx; Biospecimen Collection; Biological Sample Collection; Biospecimen Collected; Sample Collection; Specimen Collection; Cetuximab; C 225; C-225; C225; Cetuxa; Cetuximab Biosimilar CDP-1; Cetuximab Biosimilar CMAB009; Cetuximab Biosimilar KL 140; Cetuximab-cetu; Chimeric Anti-EGFR Monoclonal Antibody; Chimeric MoAb C225; Chimeric Monoclonal Antibody C225; ENZ 124; ENZ-124; ENZ124; Erbitux; IMC-C225; Cisplatin; Abiplatin; Blastolem; Briplatin; CDDP; Cis-diammine-dichloroplatinum; Cis-diamminedichloridoplatinum; Cis-diamminedichloro Platinum (II); Cis-diamminedichloroplatinum; Cis-dichloroammine Platinum (II); Cis-platinous Diamine Dichloride; Cis-platinum; Cis-platinum II; Cis-platinum II Diamine Dichloride; Cismaplat; Cisplatina; Cisplatinum; Cisplatyl; Citoplatino; Citosin; Cysplatyna; DDP; Lederplatin; Metaplatin; Neoplatin; Peyrone's Chloride; Peyrone's Salt; Placis; Plastistil; Platamine; Platiblastin; Platiblastin-S; Platinex; Platinol; Platinol- AQ; Platinol-AQ; Platinol-AQ VHA Plus; Platinoxan; Platinum; Platinum Diamminodichloride; Platiran; Platistin; Platosin; Computed Tomography; CAT; CAT Scan; Computed Axial Tomography; Computerized Axial Tomography; Computerized axial tomography (procedure); Computerized Tomography; Computerized Tomography (CT) scan; CT; CT Scan; Diagnostic CAT Scan; Diagnostic CAT Scan Service Type; tomography; Docetaxel; Docecad; RP 56976; RP-56976; RP56976; Taxotere; Taxotere Injection Concentrate; Intensity-Modulated Radiation Therapy; IMRT; Intensity modulated radiation therapy (procedure); Intensity Modulated RT; Intensity-Modulated Radiotherapy; Radiation, Intensity-Modulated Radiotherapy; Magnetic Resonance Imaging; Magnetic Resonance; Magnetic Resonance Imaging (MRI); Magnetic resonance imaging (procedure); Magnetic Resonance Imaging Scan; Medical Imaging, Magnetic Resonance / Nuclear Magnetic Resonance; MR; MR Imaging; MRI; MRI Scan; MRIs; NMR Imaging; NMRI; Nuclear Magnetic Resonance Imaging; sMRI; Structural MRI; Survey Administration",atezolizumab,National Cancer Institute (NCI),NRG Oncology,"Testing Docetaxel-Cetuximab or the Addition of an Immunotherapy Drug, Atezolizumab, to the Usual Chemotherapy and Radiation Therapy in High-Risk Head and Neck Cancer",Oropharyngeal p16INK4a-Negative Squamous Cell Carcinoma; Stage III Hypopharyngeal Squamous Cell Carcinoma AJCC v7; Stage III Laryngeal Squamous Cell Carcinoma AJCC v6 and v7; Stage III Oral Cavity Squamous Cell Carcinoma AJCC v6 and v7; Stage III Oropharyngeal Squamous Cell Carcinoma AJCC v7; Stage IV Hypopharyngeal Squamous Cell Carcinoma AJCC v7; Stage IV Laryngeal Squamous Cell Carcinoma AJCC v7; Stage IV Oral Cavity Squamous Cell Carcinoma AJCC v6 and v7; Stage IV Oropharyngeal Squamous Cell Carcinoma AJCC v7,SUSPENDED,2027-01-01,Disease-free survival (Phase II) | Overall survival (Phase III),
NCT06356311,TroFuse-015,MK-2870-015,2870-015,2023-505423-31-00; U1111-1291-7109; MK-2870-015; jRCT2031240133,Sacituzumab tirumotecan; SKB264; MK-2870; Trifluridine-Tipiracil; Irinotecan; Paclitaxel; Docetaxel; Rescue medications; Supportive care measures,sacituzumab tirumotecan,Merck Sharp & Dohme LLC,,A Study to Evaluate Sacituzumab Tirumotecan (MK-2870) in Advanced/Metastatic Gastroesophageal Adenocarcinoma (MK-2870-015),Gastroesophageal Cancer,ACTIVE_NOT_RECRUITING,2027-01-04,Overall Survival (OS),
NCT07673029,,,GQ1005-301,,GQ1005; T-DM1,gq1005,"GeneQuantum Healthcare (Suzhou) Co., Ltd.",,A Trial Comparing GQ1005 and T-DM1 in Patients With HER2-Positive Unresectable or Metastatic Breast Cancer,HER2-positive Breast Cancer,RECRUITING,2027-01-09,Progression Free Survival (PFS) by Blinded Independent Central Review (BICR) assessment per Response Evaluation Criteria in Solid Tumors Version 1.1 (RECIST 1.1),
NCT05519085,SUCCESSOR-1,RRMM,CA057-001,2023-509859-13,mezigdomide; BMS-986348; CC-92480; Pomalidomide; Pomalyst; Imnovid; Pom; Bortezomib; Velcade; BTZ; Dexamethasone; Decadron; Dex,mezigdomide,Celgene,,"A Study to Evaluate Mezigdomide, Bortezomib and Dexamethasone (MEZIVd) Versus Pomalidomide, Bortezomib and Dexamethasone (PVd) in Participants With Relapsed or Refractory Multiple Myeloma (RRMM)",Relapsed or Refractory Multiple Myeloma,RECRUITING,2027-01-10,Progression-free Survival (PFS),
NCT06177041,,,FG-M108-04,,M108 monoclonal antibody; Oxaliplatin; Capecitabine,m108 monoclonal antibody,"FutureGen Biopharmaceutical (Beijing) Co., Ltd",,"M108 Plus CAPOX Versus Placebo Plus CAPOX as First-line Treatment for Claudin (CLDN) 18.2-Positive, HER2-Negative, PD-L1 CPS<5, Locally Advanced Unresectable or Metastatic Gastric or Gastroesophageal Junction (GEJ) Adenocarcinoma.",Locally Advanced Unresectable or Metastatic Gastric Cancer; Locally Advanced Unresectable or Metastatic Gastroesophageal Junction (GEJ) Adenocarcinoma,RECRUITING,2027-01-11,Progression free survival (PFS),
NCT05609968,,MK-3475-D46; KEYNOTE D46/EVOKE-03,3475-D46,MK-3475-D46; PHRR230203-005387; jRCT2031230031; 2023-503501-11-00; U1111-1287-4239; 2022-000836-49,Sacituzumab Govitecan; Trodelvy®; Pembrolizumab; MK-3475; Keytruda®,sacituzumab govitecan,Merck Sharp & Dohme LLC,Gilead Sciences,Study of Pembrolizumab (MK-3475) Monotherapy Versus Sacituzumab Govitecan in Combination With Pembrolizumab for Participants With Metastatic Non-small Cell Lung Cancer (NSCLC) With Programmed Cell Death Ligand 1 (PD-L1) Tumor Proportion Score (TPS) ≥50% (MK-3475-D46),"Carcinoma, Non-Small-Cell Lung",ACTIVE_NOT_RECRUITING,2027-01-12,Progression-Free Survival (PFS) | Overall Survival (OS),
NCT06573645,,,B2024-380,,Rituximab,,Xia Yi,,A Phase III Clinical Trial of High-dose Rituximab (500mg/m²) Combined With CHOP Regimen in the Treatment of Male Patient With Newly Diagnosed Advanced DLBCL,"Lymphoma, Large B-Cell, Diffuse",NOT_YET_RECRUITING,2027-01-12,MODIFIED-PFS,
NCT06951503,,,AK112-312,,AK112; Oxaliplatin; Irinotecan; Leucovorin and 5-FU; Bevacizumab,ak112,Akeso,,AK112 and Chemotherapy in First-line Metastatic Colorectal Cancer,Colorectal Adenocarcinoma,RECRUITING,2027-01-13,Progression-free survival (PFS) assessed by blinded independent central review (BICR),
NCT05987332,,DAR-UM-2,IDE196-002,,IDE196; Darovasertib; Crizotinib; XALKORI; Pembrolizumab; Keytruda; Ipilimumab; Yervoy; Nivolumab; Opdivo; Dacarbazine; DTIC-Dome,ide196,IDEAYA Biosciences,,IDE196 (Darovasertib) in Combination With Crizotinib as First-line Therapy in Metastatic Uveal Melanoma,Metastatic Uveal Melanoma,ACTIVE_NOT_RECRUITING,2027-01-15,Phase 2a: To determine the optimal dose of IDE196 + Crizotinib combination for Phase 2B and Phase 3 by evaluating the following: | Phase 2 Progression-Free Survival (PFS) | Phase 3 Overall Survival (OS) of IDE196 + Crizotinib compared to investigator's choice of treatment.,
NCT06616532,,,PM8002-C014C-SCLC-R,,PM8002; Paclitaxel; Topotecan,pm8002,Biotheus Inc.,,PM8002 in Combination With Paclitaxel Compared With Chemotherapy as Second-line Treatment in Small Cell Lung Cancer,SCLC,ACTIVE_NOT_RECRUITING,2027-01-25,Overall survival (OS),
NCT05038735,EPIK-B5,,CBYL719C2303,2023-509133-39-00,Alpelisib; Fulvestrant,alpelisib,Novartis Pharmaceuticals,,"Study to Assess the Efficacy and Safety of Alpelisib Plus Fulvestrant in Participants With HR-positive (HR+), HER2-negative, Advanced Breast Cancer After Treatment With a CDK4/6 Inhibitor and an Aromatase Inhibitor.",Breast Cancer,ACTIVE_NOT_RECRUITING,2027-01-28,Progression-free survival (PFS) based on BIRC assessments and using RECIST v1.1 criteria,
NCT05911295,,,SGNDV-001,C5731001; 2022-501105-12-00,"disitamab vedotin; RC48, RC48-ADC; pembrolizumab; KEYTRUDA®; gemcitabine; Gemzar; cisplatin; carboplatin",disitamab vedotin,"Seagen, a wholly owned subsidiary of Pfizer","RemeGen Co., Ltd.; Merck Sharp & Dohme LLC",Disitamab Vedotin With Pembrolizumab vs Chemotherapy in Previously Untreated Urothelial Cancer Expressing HER2,Urothelial Carcinoma,ACTIVE_NOT_RECRUITING,2027-01-29,Progression-free survival (PFS) per Response Evaluation Criteria in Solid Tumors version 1.1 (RECIST v1.1) by blinded independent central review (BICR) | Overall survival (OS),
NCT06598527,SACTION2401,,B2024-495-01,,Stereotactic body radiotherapy (SBRT); SBRT; Tislelizumab; Chemotherapy,,Yang Hong,,"Stereotactic Body Radiotherapy Followed by Tislelizumab Plus Platinum-based Chemotherapy Versus Tislelizumab Plus Platinum-based Chemotherapy as Neoadjuvant Therapy in Patients With Resectable Stage Ⅱ-Ⅲ Non-small Cell Lung Cancer: A Phase Ⅲ, Randomized, Multicenter, Prospective Study",Lung Cancer (NSCLC),RECRUITING,2027-01-30,event-free survival,
NCT06656091,,,HA1818-008,,"simmitinib; investigator's choice of chemotherapy,include docetaxel or irinotecan.",simmitinib,"Shanghai Runshi Pharmaceutical Technology Co., Ltd",,A Study of Simmitinib Versus Chemotherapy for Participants With Advanced Oesophageal Squamous Cell Carcinoma,Advanced Oesophageal Squamous Cell Carcinoma,NOT_YET_RECRUITING,2027-01-30,OS,
NCT03267433,,,EA4151,NCI-2016-01403; EA4151; U10CA180820,"Autologous Hematopoietic Stem Cell Transplantation; AHSCT; Autologous; Autologous Hematopoietic Cell Transplantation; Autologous Stem Cell Transplant; Autologous Stem Cell Transplantation; Stem Cell Transplantation, Autologous; Biospecimen Collection; Biological Sample Collection; Biospecimen Collected; Specimen Collection; Bone Marrow Aspirate; BONE MARROW, LIQUID; Human Bone Marrow Aspirate; Bone Marrow Biopsy; Biopsy of Bone Marrow; Biopsy, Bone Marrow; Computed Tomography; CAT; CAT Scan; Computed Axial Tomography; Computerized Axial Tomography; Computerized axial tomography (procedure); Computerized Tomography; Computerized Tomography (CT) scan; CT; CT Scan; tomography; Positron Emission Tomography; Medical Imaging, Positron Emission Tomography; PET; PET Scan; Positron emission tomography (procedure); Positron Emission Tomography Scan; Positron-Emission Tomography; proton magnetic resonance spectroscopic imaging; PT; Rituximab; ABP 798; BI 695500; BI-695500; BI695500; Blitzima; C2B8 Monoclonal Antibody; Chimeric Anti-CD20 Antibody; CT-P10; IDEC 102; IDEC-102; IDEC-C2B8; IDEC-C2B8 Monoclonal Antibody; IDEC102; Ikgdar; Mabtas; MabThera; Monoclonal Antibody IDEC-C2B8; PF 05280586; PF-05280586; PF05280586; Riabni; Ritemvia; Rituxan; Rituximab ABBS; Rituximab ARRX; Rituximab Biosimilar ABP 798; Rituximab Biosimilar BI 695500; Rituximab Biosimilar CT-P10; Rituximab Biosimilar GB241; Rituximab Biosimilar IBI301; Rituximab Biosimilar JHL1101; Rituximab Biosimilar PF-05280586; Rituximab Biosimilar RTXM83; Rituximab Biosimilar SAIT101; Rituximab Biosimilar SIBP-02; rituximab biosimilar TQB2303; Rituximab PVVR; Rituximab-abbs; Rituximab-arrx; Rituximab-blit; Rituximab-pvvr; Rituximab-rite; Rituximab-rixa; Rituximab-rixi; Rixathon; Riximyo; RTXM 83; RTXM-83; RTXM83; Ruxience; Truxima; Rituximab and Hyaluronidase Human; Rituxan Hycela; Rituximab Plus Hyaluronidase; Rituximab/Hyaluronidase; Rituximab/Hyaluronidase Human",rituximab,ECOG-ACRIN Cancer Research Group,National Cancer Institute (NCI),Rituximab With or Without Stem Cell Transplant in Treating Patients With Minimal Residual Disease-Negative Mantle Cell Lymphoma in First Complete Remission,Mantle Cell Lymphoma,ACTIVE_NOT_RECRUITING,2027-01-31,Overall survival (OS) in mantle cell lymphoma (MCL) patients in minimal residual disease (MRD)-negative complete remission (CR) who undergo auto-hematopoietic stem cell transplant (HCT) followed by rituximab versus (vs.) maintenance rituximab alone,
NCT04241185,,MK-3475-992/KEYNOTE-992; KEYNOTE-992,3475-992,MK-3475-992; 205383; U1111-1287-4190; 2023-503500-87-00; jRCT2080225287; 2019-004023-20,Pembrolizumab; MK-3475; KEYTRUDA®; Conventional Radiotherapy (Bladder only); Conventional Radiotherapy (Bladder and pelvic nodes); Hypofractionated Radiotherapy (Bladder only); Cisplatin; Fluorouracil (5-FU); Mitomycin C (MMC); Gemcitabine,pembrolizumab,Merck Sharp & Dohme LLC,,Efficacy and Safety of Pembrolizumab (MK-3475) in Combination With Chemoradiotherapy (CRT) Versus CRT Alone in Muscle-invasive Bladder Cancer (MIBC) (MK-3475-992/KEYNOTE-992),Urinary Bladder Neoplasms,ACTIVE_NOT_RECRUITING,2027-01-31,Bladder Intact Event-Free Survival (BI-EFS),
NCT04267848,,ACCIO,NCI-2020-00751,NCI-2020-00751; A081801; U10CA180821,"Biospecimen Collection; Biological Sample Collection; Biospecimen Collected; Sample Collection; Specimen Collection; Carboplatin; Blastocarb; Carboplat; Carboplatin Hexal; Carboplatino; Carboplatinum; Carbosin; Carbosol; Carbotec; CBDCA; Displata; Ercar; JM-8; JM8; Nealorin; Novoplatinum; Paraplatin; Paraplatin AQ; Paraplatine; Platinwas; Ribocarbo; Cisplatin; Abiplatin; Blastolem; Briplatin; CDDP; Cis-diammine-dichloroplatinum; Cis-diamminedichloridoplatinum; Cis-diamminedichloro Platinum (II); Cis-diamminedichloroplatinum; Cis-dichloroammine Platinum (II); Cis-platinous Diamine Dichloride; Cis-platinum; Cis-platinum II; Cis-platinum II Diamine Dichloride; Cismaplat; Cisplatina; Cisplatinum; Cisplatyl; Citoplatino; Citosin; Cysplatyna; DDP; Lederplatin; Metaplatin; Neoplatin; Peyrone's Chloride; Peyrone's Salt; Placis; Plastistil; Platamine; Platiblastin; Platiblastin-S; Platinex; Platinol; Platinol- AQ; Platinol-AQ; Platinol-AQ VHA Plus; Platinoxan; Platinum; Platinum Diamminodichloride; Platiran; Platistin; Platosin; Computed Tomography; CAT; CAT Scan; Computed Axial Tomography; Computerized Axial Tomography; Computerized axial tomography (procedure); Computerized Tomography; Computerized Tomography (CT) scan; CT; CT Scan; Diagnostic CAT Scan; Diagnostic CAT Scan Service Type; tomography; Echocardiography Test; EC; Echocardiography; Gemcitabine Hydrochloride; dFdCyd; Difluorodeoxycytidine Hydrochloride; Gemcitabine HCI; Gemzar; LY 188011; LY-188011; LY188011; Magnetic Resonance Imaging; Magnetic Resonance; Magnetic Resonance Imaging (MRI); Magnetic resonance imaging (procedure); Magnetic Resonance Imaging Scan; Medical Imaging, Magnetic Resonance / Nuclear Magnetic Resonance; MR; MR Imaging; MRI; MRI Scan; MRIs; NMR Imaging; NMRI; Nuclear Magnetic Resonance Imaging; sMRI; Structural MRI; Observation Activity; Observation; Paclitaxel; Anzatax; Asotax; Bristaxol; Praxel; Taxol; Taxol Konzentrat; Pembrolizumab; BCD-201; GME 751; GME751; Keytruda; Lambrolizumab; MK 3475; MK-3475; MK3475; Pembrolizumab Biosimilar BCD-201; Pembrolizumab Biosimilar GME751; Pembrolizumab Biosimilar QL2107; Pembrolizumab Biosimilar RPH-075; Pembrolizumab Biosimilar SB27; QL2107; RPH 075; RPH-075; RPH075; SB 27; SB-27; SB27; SCH 900475; SCH-900475; SCH900475; Pemetrexed Disodium; Alimta; Almita; LY231514; N-[4-[2-(2-Amino-4,7-dihydro-4-oxo-1H-pyrrolo[2,3-d]pyrimidin-5-yl)ethyl]benzoyl]-L-glutamic Acid Disodium Salt; Questionnaire Administration",pembrolizumab,National Cancer Institute (NCI),,"Testing the Addition of a Type of Drug Called Immunotherapy to the Usual Chemotherapy Treatment for Non-small Cell Lung Cancer, an ALCHEMIST Treatment Trial (Chemo-IO [ACCIO])",Lung Non-Small Cell Carcinoma; Lung Non-Small Cell Squamous Carcinoma; Lung Non-Squamous Non-Small Cell Carcinoma; Stage II Lung Cancer AJCC v8; Stage IIIA Lung Cancer AJCC v8; Stage IIIB Lung Cancer AJCC v8,RECRUITING,2027-01-31,Disease free survival (DFS),
NCT05183035,,AML,ITCC-101/APAL2020D,2021-003212-11; 2023-510160-12-00,Fludarabine; Cytarabine; Gemtuzumab Ozogamicin; Azacitidine; Venetoclax,venetoclax,"PedAL BCU, LLC",Princess Maxima Center for Pediatric Oncology (European Sponsor); AbbVie; Roche-Genentech; EuPAL,Venetoclax in Children With Relapsed Acute Myeloid Leukemia (AML),Acute Myeloid Leukemia,RECRUITING,2027-02,Overall Survival (OS),
NCT05205902,TOTEM-01,,APHP200128,,Low-dose total-skin electron-beam therapy; Phototherapy,,Assistance Publique - Hôpitaux de Paris,,TOtal Skin Electron Beam Therapy (Low-dose) for Tumor Clone Eradication in Early-stage Mycosis Fungoides,Mycosis Fungoides; Cutaneous T Cell Lymphoma,NOT_YET_RECRUITING,2027-02,Progression free survival,
NCT05382286,ASCENT-04,,GS-US-592-6173,2021-005742-14; KEYNOTE-D19; jRCT2041220123; MK-3475-D19; 2023-504194-21,Sacituzumab Govitecan-hziy; IMMU-132; Trodelvy™; GS-0132; Pembrolizumab; KEYTRUDA®; Paclitaxel; Taxol®; nab-Paclitaxel; Abraxane®; Gemcitabine; Gemzar; Carboplatin,sacituzumab govitecan-hziy,Gilead Sciences,Merck Sharp & Dohme LLC,"Study of Sacituzumab Govitecan-hziy and Pembrolizumab Versus Treatment of Physician's Choice and Pembrolizumab in Patients With Previously Untreated, Locally Advanced Inoperable or Metastatic Triple-Negative Breast Cancer",Triple Negative Breast Cancer; PD-L1 Positive,ACTIVE_NOT_RECRUITING,2027-02,Progression-free Survival (PFS) as Assessed by Blinded Independent Central Review (BICR) per Response Evaluation Criteria in Solid Tumors (RECIST) Version 1.1,
NCT05718232,SEARCH,,HCC202210,,Lenvatinib; TACE; SBRT,,Sun Yat-sen University,,SBRT Plus Lenvatinib and TACE for Advanced Primary HCC: A Phase 3 Trial (SEARCH),Advanced Hepatocellular Carcinoma,NOT_YET_RECRUITING,2027-02,Overall Survival (OS),
NCT06447623,,,SCHBCC-N068,,Apatinib; CDK4/6 Inhibitor; Aromatase inhibitor and Fulvestrant,apatinib,Fudan University,,Apatinib Combined With cdk4/6i in First-line Treatment for HR+/HER2- SNF4 Subtype Breast Cancer,Advanced Breast Cancer; HR+/HER2- Breast Cancer,ACTIVE_NOT_RECRUITING,2027-02-01,Progression Free Survival (PFS),
NCT05050162,,SCCHN,NRG-HN009,NCI-2021-08925; NRG-HN009; U10CA180868,"Cisplatin; Abiplatin; Blastolem; Briplatin; CDDP; Cis-diammine-dichloroplatinum; Cis-diamminedichloridoplatinum; Cis-diamminedichloro Platinum (II); Cis-diamminedichloroplatinum; Cis-dichloroammine Platinum (II); Cis-platinous Diamine Dichloride; Cis-platinum; Cis-platinum II; Cis-platinum II Diamine Dichloride; Cismaplat; Cisplatina; Cisplatinum; Cisplatyl; Citoplatino; Citosin; Cysplatyna; DDP; Lederplatin; Metaplatin; Neoplatin; Peyrone's Chloride; Peyrone's Salt; Placis; Plastistil; Platamine; Platiblastin; Platiblastin-S; Platinex; Platinol; Platinol- AQ; Platinol-AQ; Platinol-AQ VHA Plus; Platinoxan; Platinum; Platinum Diamminodichloride; Platiran; Platistin; Platosin; Computed Tomography; CAT; CAT Scan; Computed Axial Tomography; Computerized Axial Tomography; Computerized axial tomography (procedure); Computerized Tomography; Computerized Tomography (CT) scan; CT; CT Scan; tomography; Magnetic Resonance Imaging; Magnetic Resonance; Magnetic Resonance Imaging (MRI); Magnetic resonance imaging (procedure); Magnetic Resonance Imaging Scan; Medical Imaging, Magnetic Resonance / Nuclear Magnetic Resonance; MR; MR Imaging; MRI; MRI Scan; MRIs; NMR Imaging; NMRI; Nuclear Magnetic Resonance Imaging; sMRI; Structural MRI; Positron Emission Tomography; Medical Imaging, Positron Emission Tomography; PET; PET Scan; Positron emission tomography (procedure); Positron Emission Tomography Scan; Positron-Emission Tomography; PT; Quality-of-Life Assessment; Quality of Life Assessment; Questionnaire Administration; Radiation Therapy; Cancer Radiotherapy; Energy Type; ENERGY_TYPE; Irradiate; Irradiated; Irradiation; Radiation; Radiation Therapy, NOS; Radiotherapeutics; Radiotherapy; RT; Therapy, Radiation",cisplatin,NRG Oncology,National Cancer Institute (NCI),Comparing Cisplatin Every Three Weeks to Cisplatin Weekly When Combined With Radiation for Patients With Advanced Head and Neck Cancer,Advanced Head and Neck Squamous Cell Carcinoma; Advanced Hypopharyngeal Squamous Cell Carcinoma; Advanced Laryngeal Squamous Cell Carcinoma; Advanced Oropharyngeal Squamous Cell Carcinoma; Clinical Stage III HPV-Mediated (p16-Positive) Oropharyngeal Carcinoma AJCC v8; Clinical Stage IV HPV-Mediated (p16-Positive) Oropharyngeal Carcinoma AJCC v8; Stage III Head and Neck Cutaneous Squamous Cell Carcinoma AJCC v8; Stage III Oropharyngeal (p16-Negative) Carcinoma AJCC v8; Stage IV Head and Neck Cutaneous Squamous Cell Carcinoma AJCC v8; Stage IV Oropharyngeal (p16-Negative) Carcinoma AJCC v8,SUSPENDED,2027-02-09,Incidence of acute toxicity (Phase II) | Overall survival (OS) (Phase III) | Incidence of acute toxicity (Phase III),non-inferiority mentioned
NCT04224493,SYMPHONY-1,,EZH-302,2019-003333-42; 2024-510690-16-00,Tazemetostat; EPZ-6438; IPN60200; Lenalidomide; Rituximab,tazemetostat,"Epizyme, Inc.",,"A Study to Assess the Efficacy, Safety, Pharmacodynamics, and Pharmacokinetics of Tazemetostat in Combination With Lenalidomide Plus Rituximab Versus Placebo in Combination With Lenalidomide Plus Rituximab in Adult Patients at Least 18 Years of Age With Relapsed/Refractory Follicular Lymphoma.",Relapsed/Refractory Follicular Lymphoma; Follicular Lymphoma; Refractory Follicular Lymphoma,ACTIVE_NOT_RECRUITING,2027-02-13,Phase 1b: Recommended Phase 3 Dose (RP3D) of tazemetostat in combination with rituximab and lenalidomide (R2) | Phase 3: Progression-Free Survival (PFS) in the Intent-to-treat wild-type (ITT-WT) populations | Phase 3: PFS in the Intent-to-treat mutant-type (ITT-MT) population | Phase 3: PFS in the R/R FL population regardless of mutation status by Investigator assessment | Phase 3: Progression-Free Survival (PFS) in the all comer (ITT-All) populations.,
NCT06140836,,TRIDENT-3,CA127-1030,U1111-1292-0487,Repotrectinib; BMS-986472; Crizotinib; Xalkori,repotrectinib,Bristol-Myers Squibb,"Zai Lab (Shanghai) Co., Ltd.",A Study of Repotrectinib Versus Crizotinib in Participants With Locally Advanced or Metastatic Tyrosine Kinase Inhibitor (TKI)-naïve ROS1-positive Non-Small Cell Lung Cancer (NSCLC) (TRIDENT-3),"Carcinoma, Non-Small-Cell Lung",ACTIVE_NOT_RECRUITING,2027-02-16,Progression-free Survival (PFS) as per Blinded Independent Central Review (BICR) according to Response Evaluation Criteria in Solid Tumors (RECIST) v1.1,
NCT06239727,,,2023-FXY-204-FLK,,PD-1 blocking antibody; Camrelizumab; Gemcitabine; GEM; Cisplatin (80 mg/m2); DDP; Reduced-dose Intensity-modulated radiotherapy; Reduced-dose IMRT; Conventional-dose Intensity-modulated radiotherapy; Conventional-dose IMRT; Cisplatin (100 mg/m2); Capecitabine,,Sun Yat-sen University,"Jiangsu Hengrui Pharmaceutical Co., Ltd.",Reduced-dose Radiotherapy for Stage III Nasopharyngeal Carcinoma Based on the Treatment Response,Nasopharyngeal Carcinoma,RECRUITING,2027-02-20,Locoregional failure-free survival (LRFFS),non-inferiority mentioned
NCT04529772,ESCALADE,ACE-LY-312,D8227C00001,2019-001755-39,acalabrutinib; Prednisone; Rituximab; Cyclophosphamide; Vincristine; Doxorubicin,acalabrutinib,Acerta Pharma BV,AstraZeneca,A Combination of Acalabrutinib With R-CHOP in Subjects With Previously Untreated Non-GCB DLBCL (ACE-LY-312),Diffuse Large B-Cell Lymphoma,ACTIVE_NOT_RECRUITING,2027-02-22,Progression-free survival (PFS) per the Lugano Classification for NHL in Arm A compared to Arm B,
NCT06341621,Rainbow,,SCHBCC-N071,,3-year abemaciclib without chemo; treatment of physician's choice,3-year abemaciclib without chemo,Fudan University,,Chemotherapy Omission in ER+/HER2- Breast Cancer With 1-3 Positive Lymph Nodes Receiving Extended Adjuvant Abemaciclib,Breast Cancer,RECRUITING,2027-02-25,Invasive disease free survival,
NCT04208178,EPIK-B2,,CBYL719G12301,2024-512050-13-00,Alpelisib; BYL719; Trastuzumab; Pertuzumab,alpelisib,Novartis Pharmaceuticals,,Study of Alpelisib (BYL719) in Combination With Trastuzumab and Pertuzumab as Maintenance Therapy in Patients With HER2-positive Advanced Breast Cancer With a PIK3CA Mutation,Advanced HER2+Breast Cancer,ACTIVE_NOT_RECRUITING,2027-02-26,Part 1: Incidence of dose limiting toxicities (DLTs) for each dose level | Part 2: Progression Free Survival (PFS),
NCT07300488,,,MB07133-2025-01,,Pracytarabine; regorafenib,pracytarabine,"Xi'an Xintong Pharmaceutical Research Co.,Ltd.",,Efficacy and Safety of Pracytarabine Versus Regorafenib in the Treatment of Patients With Hepatocellular Carcinoma,HCC,ACTIVE_NOT_RECRUITING,2027-02-28,9-month Overall Survival (OS) rate,
NCT02455141,TCTN,,RJBC1501,,Epirubicin plus Cyclophosphamide; EC; Taxanes; Taxanes plus Carboplatin,taxanes plus carboplatin,Shanghai Jiao Tong University School of Medicine,,Adjuvant Treatment of EC Followed by Taxane +/- Carboplatin in Triple-Negative Breast Cancer,Breast Neoplasm,ACTIVE_NOT_RECRUITING,2027-03,Disease-free survival,
NCT05141721,,,GO-010,,GRT-C901; GRT-R902; Atezolizumab; Tecentriq; Ipilimumab; Yervoy; Fluoropyrimidine plus leucovorin; Xeloda; Bevacizumab; Avastin,grt-c901,Seattle Project Corporation,,A Study of a Patient-Specific Neoantigen Vaccine in Combination With Immune Checkpoint Blockade for Patients With Metastatic Colorectal Cancer,Colorectal Neoplasms,ACTIVE_NOT_RECRUITING,2027-03,Phase 2: Molecular response defined as ≥ 30% decrease from baseline in circulating tumor DNA (ctDNA) | Phase 3: Progression-free survival per Immune-based Response Evaluation Criteria in Solid Tumors (iRECIST) as assessed by blinded independent review committee (IRC),
NCT06929624,,,SHR-A1912-301,,SHR-A1912 Injection; Rituximab Injection; Gemcitabine Hydrochloride for Injection; Oxaliplatin Injection,shr-a1912 injection,"Suzhou Suncadia Biopharmaceuticals Co., Ltd.",,A Phase 3 Clinical Study of SHR-A1912 Combined With R-GemOx Versus R-GemOx in Diffuse Large B-cell Lymphoma,Diffuse Large B-cell Lymphoma,ACTIVE_NOT_RECRUITING,2027-03,Complete response rate (CRR) | Overall survival (OS),
NCT02531516,,,CR106935,56021927PCR3003; 2015-003007-38; 2023-505246-26-00,Apalutamide; Bicalutamide; GnRH (agonist); 74-80 Grays (units of radiation),apalutamide,"Aragon Pharmaceuticals, Inc.",,An Efficacy and Safety Study of JNJ-56021927 (Apalutamide) in High-risk Prostate Cancer Subjects Receiving Primary Radiation Therapy: ATLAS,Prostatic Neoplasms,ACTIVE_NOT_RECRUITING,2027-03-01,Metastasis-Free Survival (MFS),
NCT03150693,,,A041501,NCI-2016-01981; U10CA180821,Allopurinol; Cytarabine; Daunorubicin Hydrochloride; Vincristine Sulfate; Dexamethasone; Pegylated L-Asparaginase; Methotrexate; Bone Marrow Aspiration and Biopsy; Cyclophosphamide; Mercaptopurine; Rituximab; Doxorubicin; Thioguanine; Inotuzumab Ozogamicin; Laboratory Biomarker Analysis,doxorubicin,Alliance for Clinical Trials in Oncology,National Cancer Institute (NCI),Inotuzumab Ozogamicin and Frontline Chemotherapy in Treating Young Adults With Newly Diagnosed B Acute Lymphoblastic Leukemia,B Acute Lymphoblastic Leukemia,RECRUITING,2027-03-01,Event-free survival (EFS),
NCT04215510,,,early-rNPC-RCT-01,,endonasal endoscopic surgery; radiation therapy(IMRT),,Eye & ENT Hospital of Fudan University,Chinese Academy of Medical Sciences; Shanghai Municipal Science and Technology Commission,Early Recurrent Nasopharyngeal Cancer: the Effect of Surgery vs IMRT,Recurrent Nasopharyngeal Carcinoma,NOT_YET_RECRUITING,2027-03-01,3 year Overall Survival (OS) rate,
NCT04799275,,,NCI-2020-01256,NCI-2020-01256; S1918; U10CA180888,"Biospecimen Collection; Biological Sample Collection; Biospecimen Collected; Sample Collection; Specimen Collection; Computed Tomography; CAT; CAT Scan; Computed Axial Tomography; Computerized Axial Tomography; Computerized axial tomography (procedure); Computerized Tomography; Computerized Tomography (CT) scan; CT; CT Scan; Diagnostic CAT Scan; Diagnostic CAT Scan Service Type; tomography; Cyclophosphamide; (-)-Cyclophosphamide; 2H-1,3,2-Oxazaphosphorine, 2-[bis(2-chloroethyl)amino]tetrahydro-, 2-oxide, monohydrate; Asta B 518; B 518; B-518; B518; Carloxan; Ciclofosfamida; Ciclofosfamide; Cicloxal; Clafen; Claphene; CP monohydrate; CTX; CYCLO-cell; Cycloblastin; Cycloblastine; Cyclophospham; Cyclophosphamid monohydrate; Cyclophosphamide Monohydrate; Cyclophosphamidum; Cyclophosphan; Cyclophosphane; Cyclophosphanum; Cyclostin; Cyclostine; Cytophosphan; Cytophosphane; Cytoxan; Fosfaseron; Frindovyx; Genoxal; Genuxal; Ledoxina; Mitoxan; Neosar; Revimmune; Syklofosfamid; WR 138719; WR- 138719; WR-138719; WR138719; Doxorubicin Hydrochloride; 5,12-Naphthacenedione, 10-[(3-amino-2,3,6-trideoxy-alpha-L-lyxo-hexopyranosyl)oxy]-7,8, 9,10-tetrahydro-6,8,11-trihydroxy-8-(hydroxyacetyl)-1-methoxy-, hydrochloride, (8S-cis)- (9CI); ADM; Adriacin; Adriamycin; Adriamycin Hydrochloride; Adriamycin PFS; Adriamycin RDF; ADRIAMYCIN, HYDROCHLORIDE; Adriamycine; Adriblastina; Adriblastine; Adrimedac; Chloridrato de Doxorrubicina; DOX; DOXO-CELL; Doxolem; Doxorubicin HCl; Doxorubicin.HCl; Doxorubin; Farmiblastina; FI 106; FI-106; FI106; hydroxydaunorubicin; Rubex; Echocardiography Test; EC; Echocardiography; Multigated Acquisition Scan; Blood Pool Scan; Equilibrium Radionuclide Angiography; Gated Blood Pool Imaging; Gated Heart Pool Scan; MUGA; MUGA Scan; Multi-Gated Acquisition Scan; Radionuclide Ventriculogram Scan; Radionuclide Ventriculography; RNV Scan; RNVG; SYMA Scanning; Synchronized Multigated Acquisition Scanning; Oral Azacitidine; Azacitidine Oral; CC 486; CC-486; CC486; Onureg; Positron Emission Tomography; Medical Imaging, Positron Emission Tomography; PET; PET Scan; Positron emission tomography (procedure); Positron Emission Tomography Scan; Positron-Emission Tomography; PT; Prednisone; .delta.1-Cortisone; 1, 2-Dehydrocortisone; Adasone; Cortancyl; Dacortin; DeCortin; Decortisyl; Decorton; Delta 1-Cortisone; Delta-Dome; Deltacortene; Deltacortisone; Deltadehydrocortisone; Deltasone; Deltison; Deltra; Econosone; Lisacort; Meprosona-F; Metacortandracin; Meticorten; Ofisolona; Orasone; Panafcort; Panasol-S; Paracort; Perrigo Prednisone; PRED; Predicor; Predicorten; Prednicen-M; Prednicort; Prednidib; Prednilonga; Predniment; Prednisone Intensol; Prednisonum; Prednitone; Promifen; Rayos; Servisone; SK-Prednisone; Questionnaire Administration; Rituximab; ABP 798; ABP-798; ABP798; BI 695500; BI-695500; BI695500; Blitzima; C2B8 Monoclonal Antibody; Chimeric Anti-CD20 Antibody; CT P10; CT-P10; CTP10; GP 2013; GP-2013; GP2013; IDEC 102; IDEC-102; IDEC-C2B8; IDEC-C2B8 Monoclonal Antibody; IDEC102; Ikgdar; Mabtas; MabThera; Monoclonal Antibody IDEC-C2B8; PF 05280586; PF-05280586; PF05280586; Riabni; Ritemvia; Rituxan; Rituximab ABBS; Rituximab ARRX; Rituximab Biosimilar ABP 798; Rituximab Biosimilar BI 695500; Rituximab Biosimilar CT-P10; Rituximab Biosimilar GB241; Rituximab Biosimilar GP2013; Rituximab Biosimilar IBI301; Rituximab Biosimilar JHL1101; Rituximab Biosimilar PF-05280586; Rituximab Biosimilar RTXM83; Rituximab Biosimilar SAIT101; Rituximab Biosimilar SIBP-02; rituximab biosimilar TQB2303; Rituximab PVVR; Rituximab-abbs; Rituximab-arrx; Rituximab-blit; Rituximab-pvvr; Rituximab-rite; Rituximab-rixa; Rituximab-rixi; Rixathon; Riximyo; RTXM 83; RTXM-83; RTXM83; Ruxience; Truxima; Rituximab and Hyaluronidase Human; Rituxan Hycela; Rituximab Plus Hyaluronidase; Rituximab/Hyaluronidase; Rituximab/Hyaluronidase Human; Vincristine Sulfate; Kyocristine; Leurocristine Sulfate; Leurocristine, sulfate; Oncovin; Vincasar; Vincosid; Vincrex; Vincristine, sulfate",oral azacitidine,National Cancer Institute (NCI),,Testing CC-486 (Oral Azacitidine) Plus the Standard Drug Therapy in Patients 75 Years or Older With Newly Diagnosed Diffuse Large B Cell Lymphoma,"Ann Arbor Stage III Diffuse Large B-Cell Lymphoma; Ann Arbor Stage IIX (Bulky) Diffuse Large B-Cell Lymphoma; Ann Arbor Stage IV Diffuse Large B-Cell Lymphoma; Diffuse Large B-Cell Lymphoma Activated B-Cell Type; Diffuse Large B-Cell Lymphoma Associated With Chronic Inflammation; Diffuse Large B-Cell Lymphoma Germinal Center B-Cell Type; Diffuse Large B-Cell Lymphoma, Not Otherwise Specified; EBV-Positive Diffuse Large B-Cell Lymphoma, Not Otherwise Specified; Grade 3b Follicular Lymphoma; HHV8-Positive Diffuse Large B-Cell Lymphoma, Not Otherwise Specified; High Grade B-Cell Lymphoma With MYC and BCL2 and/or BCL6 Rearrangements; High Grade B-Cell Lymphoma With MYC and BCL2 or BCL6 Rearrangements; High Grade B-Cell Lymphoma With MYC, BCL2, and BCL6 Rearrangements; High Grade B-Cell Lymphoma, Not Otherwise Specified; Intravascular Large B-Cell Lymphoma; Lymphoplasmacytic Lymphoma; Nodular Lymphocyte Predominant B-Cell Lymphoma; Primary Cutaneous Diffuse Large B-Cell Lymphoma, Leg Type; T-Cell/Histiocyte-Rich Large B-Cell Lymphoma; Transformed Follicular Lymphoma to Diffuse Large B-Cell Lymphoma; Transformed Marginal Zone Lymphoma to Diffuse Large B-Cell Lymphoma",ACTIVE_NOT_RECRUITING,2027-03-01,"Excess toxicity as a result of adding oral azacitidine (CC-486) to reduced dose rituximab-cyclophosphamide, doxorubicin, vincristine, and prednisone (R-miniCHOP) (Safety run-in) | Progression-free survival (PFS) (Phase II) | Overall survival (Phase III)",
NCT05172518,,,SYSU-2021-UCAN,,Taxane plus Intermittent Capecitabine; Utidelone plus Intermittent Capecitabine; Taxane plus Metronomic Capecitabine; Utidelone plus Metronomic Capecitabine,utidelone plus intermittent capecitabine,Sun Yat-sen University,Chengdu Biostar Pharmaceuticals,Utidelone Plus Capecitabine Versus Taxane Plus Capecitabine in HER2-negative Locally Advanced or Metastatic Breast Cancer,Breast Neoplasms; Locally Advanced or Metastatic Breast Cancer,NOT_YET_RECRUITING,2027-03-01,Progression Free Survival (PFS),
NCT06855069,,,HS-20089-301,,HS-20089; Paclitaxel; Doxorubicin; Topotecan,hs-20089,Hansoh BioMedical R&D Company,,HS-20089 for Injection in Patients With Platinum-Resistant Recurrent Epithelial Ovarian Cancer,Ovarian Cancer,RECRUITING,2027-03-07,Progression-free Survival (PFS) assessed by Blinded Independ Review Committee (BIRC) as per RECIST 1.1,
NCT03873402,,,CA209-8Y8,2018-004695-35,Nivolumab; Opdivo; Ipilimumab; Yervoy,nivolumab,Bristol-Myers Squibb,,A Study of Nivolumab Combined With Ipilimumab Versus Nivolumab Alone in Participants With Advanced Kidney Cancer,Renal Cell Carcinoma,ACTIVE_NOT_RECRUITING,2027-03-11,Progression free survival (PFS) by blinded independent central review (BICR) | Objective response rate (ORR) by BICR,
NCT04455750,CASPAR,,A031902,NCI-2020-02360; U10CA180821,Enzalutamide; Rucaparib camsylate; Leuprolide Acetate; Goserelin Acetate; Degarelix; Quality-of-Life Assessment; Questionnaire Administration,rucaparib camsylate,Alliance for Clinical Trials in Oncology,National Cancer Institute (NCI),A Clinical Study Evaluating The Benefit of Adding Rucaparib to Enzalutamide for Men With Metastatic Prostate Cancer That Has Become Resistant To Testosterone-Deprivation Therapy,Castration-Resistant Prostate Carcinoma; Metastatic Prostate Adenocarcinoma; Stage IV Prostate Cancer AJCC v8; Stage IVA Prostate Cancer AJCC v8; Stage IVB Prostate Cancer AJCC v8,ACTIVE_NOT_RECRUITING,2027-03-15,Radiographic progression-free survival (rPFS) | Overall survival (OS),
NCT06338683,,,QRCH-2024001,,Olanzapine 2.5 MG; Standard anti-tumor treatment; Nutritional advice,olanzapine,Qinghai Red Cross Hospital,,Survival With Olanzapine in Patients With Locally Advanced or Metastatic Upper Gastrointestinal and Lung Cancer,Advanced Cancer; Olanzapine; Progression Free Survival,RECRUITING,2027-03-20,Comparing the difference in Median PFS between the two groups,
NCT06380348,,,JMT101-012,,JMT101 Injection; Osimertinib tablet; Cisplatin injection; Pemetrexed injection,jmt101 injection,Shanghai JMT-Bio Inc.,,"JMT101 in Combination With Osimertinib, Versus Cisplatin-pemetrexed in Participants With Locally Advanced or Metastatic Non-small Cell Lung Cancer (NSCLC) Characterized by Epithermal Growth Factor Receptor (EGFR) Exon 20ins Mutations",Local Advanced or Metastatic NSCLC,NOT_YET_RECRUITING,2027-03-26,Progression Free Survival (PFS) as assessed by Independent Review Center (IRC) per RECIST 1.1,
NCT04595565,SASCIA,,GBG102 - SASCIA,,Capecitabine; Xeloda; Carboplatin; Paraplatin; Cisplatin; Platinol; Sacituzumab govitecan; Trodelvy,sacituzumab govitecan,GBG Forschungs GmbH,Gilead Sciences; Austrian Breast & Colorectal Cancer Study Group; Spanish Breast Cancer Research Group (GEICAM); ETOP IBCSG Partners Foundation; Cancer Trials Ireland; UNICANCER,Sacituzumab Govitecan in Primary HER2-negative Breast Cancer,HER2-negative Breast Cancer; Triple Negative Breast Cancer,ACTIVE_NOT_RECRUITING,2027-03-30,Invasive disease free survival (iDFS) between patients treated with sacituzumab govitecan vs. treatment of physician's choice.,
NCT06217042,,,HR070803-307,,HR070803; Oxaliplatin; 5Fluorouracil; Calcium folinate; gemcitabine; capecitabine,hr070803; oxaliplatin; 5fluorouracil; calcium folinate,Fudan University,,"HR070803 in Combination With Oxaliplatin, 5-fluorouracil/LV Versus GX as Adjuvant Therapy for Pancreatic Cancer",Pancreatic Cancer,NOT_YET_RECRUITING,2027-03-30,Disease-free survival (DFS),
NCT03391869,,LONESTAR,2017-0311,NCI-2018-00825; 2017-0311,"Ipilimumab; Anti-Cytotoxic T-Lymphocyte-Associated Antigen-4 Monoclonal Antibody; BMS-734016; Ipilimumab Biosimilar CS1002; MDX-010; MDX-CTLA4; Yervoy; Local Consolidation Therapy; LCT; Local Consolidative Therapy; Nivolumab; BMS-936558; MDX-1106; NIVO; ONO-4538; Opdivo; Quality-of-Life Assessment; Quality of Life Assessment; Radiation Therapy; Cancer Radiotherapy; ENERGY_TYPE; Irradiate; Irradiated; Irradiation; Radiation; Radiation Therapy, NOS; Radiotherapeutics; Radiotherapy; RT; Therapy, Radiation; Therapeutic Conventional Surgery",ipilimumab,M.D. Anderson Cancer Center,,Nivolumab and Ipilimumab With or Without Local Consolidation Therapy in Treating Patients With Stage IV Non-Small Cell Lung Cancer,Lung Adenocarcinoma; Lung Non-Small Cell Carcinoma; Stage IV Lung Cancer AJCC v8,ACTIVE_NOT_RECRUITING,2027-03-31,Overall survival (OS) in overall population | OS in oligometastatic subgroup,
NCT03533582,,PHITT,AHEP1531,NCI-2017-01910; AHEP1531; U10CA180886,"Biospecimen Collection; Biological Sample Collection; Biospecimen Collected; Sample Collection; Specimen Collection; Carboplatin; Blastocarb; Carboplat; Carboplatin Hexal; Carboplatino; Carboplatinum; Carbosin; Carbosol; Carbotec; CBDCA; Displata; Ercar; JM-8; JM8; Nealorin; Novoplatinum; Paraplatin; Paraplatin AQ; Paraplatine; Platinwas; Ribocarbo; Cisplatin; Abiplatin; Blastolem; Briplatin; CDDP; Cis-diammine-dichloroplatinum; Cis-diamminedichloridoplatinum; Cis-diamminedichloro Platinum (II); Cis-diamminedichloroplatinum; Cis-dichloroammine Platinum (II); Cis-platinous Diamine Dichloride; Cis-platinum; Cis-platinum II; Cis-platinum II Diamine Dichloride; Cismaplat; Cisplatina; Cisplatinum; Cisplatyl; Citoplatino; Citosin; Cysplatyna; DDP; Lederplatin; Metaplatin; Neoplatin; Peyrone's Chloride; Peyrone's Salt; Placis; Plastistil; Platamine; Platiblastin; Platiblastin-S; Platinex; Platinol; Platinol- AQ; Platinol-AQ; Platinol-AQ VHA Plus; Platinoxan; Platinum; Platinum Diamminodichloride; Platiran; Platistin; Platosin; Doxorubicin; Adriablastin; Hydroxydaunomycin; Hydroxyl Daunorubicin; Hydroxyldaunorubicin; Etoposide; Demethyl Epipodophyllotoxin Ethylidine Glucoside; EPEG; Lastet; Toposar; Vepesid; VP 16; VP 16-213; VP 16213; VP-16; VP-16-213; VP-16213; VP16; VP16213; Fluorouracil; 5 Fluorouracil; 5 Fluorouracilum; 5 FU; 5-Fluoro-2,4(1H, 3H)-pyrimidinedione; 5-Fluorouracil; 5-Fluracil; 5-Fu; 5FU; AccuSite; Carac; Fluoro Uracil; Fluouracil; Flurablastin; Fluracedyl; Fluracil; Fluril; Fluroblastin; Ribofluor; Ro 2-9757; Ro-2-9757; Gemcitabine; dFdC; dFdCyd; Difluorodeoxycytidine; Irinotecan; Oxaliplatin; 1-OHP; Ai Heng; Aiheng; Dacotin; Dacplat; Diaminocyclohexane Oxalatoplatinum; Eloxatin; Eloxatine; Elplat; JM 83; JM-83; JM83; Oxalatoplatin; Oxalatoplatinum; RP 54780; RP-54780; RP54780; SR 96669; SR-96669; SR96669; Patient Observation; Active Surveillance; deferred therapy; expectant management; Observation; Watchful Waiting; Resection; Surgical Resection; Sorafenib; BA4 43 9006; BAY 43 9006; BAY 43-9006; BAY 439006; BAY-43-9006; Bay-439006; BAY439006; Vincristine Sulfate; Kyocristine; Leurocristine Sulfate; Leurocristine, sulfate; Oncovin; Vincasar; Vincosid; Vincrex; Vincristine, sulfate",carboplatin,Children's Oncology Group,National Cancer Institute (NCI),Cisplatin and Combination Chemotherapy in Treating Children and Young Adults With Hepatoblastoma or Liver Cancer After Surgery,"Childhood Hepatocellular Carcinoma; Childhood Malignant Liver Neoplasm; Fibrolamellar Carcinoma; Hepatoblastoma; Hepatocellular Malignant Neoplasm, Not Otherwise Specified",ACTIVE_NOT_RECRUITING,2027-03-31,Event-free survival (EFS) | Percentage of Group B2 participants with resectable tumors | Response rate for Group F patients,
NCT04428905,,,19556,NCI-2020-03375; 19556; R01CA249501,Quality-of-Life Assessment; Quality of Life Assessment; Questionnaire Administration; Survivorship Care Plan; Telemedicine; Telehealth,,City of Hope Medical Center,National Cancer Institute (NCI),Self-Management Survivorship Care in Stage I-III Non-small Cell Lung Cancer or Colorectal Cancer,Lung Non-Small Cell Carcinoma; Stage I Colorectal Cancer AJCC v8; Stage I Lung Cancer AJCC v8; Stage IA1 Lung Cancer AJCC v8; Stage IA2 Lung Cancer AJCC v8; Stage IA3 Lung Cancer AJCC v8; Stage IB Lung Cancer AJCC v8; Stage II Colorectal Cancer AJCC v8; Stage II Lung Cancer AJCC v8; Stage IIA Colorectal Cancer AJCC v8; Stage IIA Lung Cancer AJCC v8; Stage IIB Colorectal Cancer AJCC v8; Stage IIB Lung Cancer AJCC v8; Stage IIC Colorectal Cancer AJCC v8; Stage III Colorectal Cancer AJCC v8; Stage III Lung Cancer AJCC v8; Stage IIIA Colorectal Cancer AJCC v8; Stage IIIA Lung Cancer AJCC v8; Stage IIIB Colorectal Cancer AJCC v8; Stage IIIB Lung Cancer AJCC v8; Stage IIIC Colorectal Cancer AJCC v8; Stage IIIC Lung Cancer AJCC v8,ACTIVE_NOT_RECRUITING,2027-03-31,Care coordination | Care coordination | Care coordination | Oncologist/primary care providers (PCP) communication | Oncologist/primary care providers (PCP) communication | Oncologist/primary care providers (PCP) communication | PCP knowledge in survivorship care | PCP knowledge in survivorship care | PCP knowledge in survivorship care | Survivor outcomes | Survivor outcomes | Survivor outcomes | Patient-centered communication | Patient-centered communication | Patient-centered communication | Quality of life: survey | Quality of life: survey | Quality of life: survey,
NCT04444921,,,NCI-2020-04334,NCI-2020-04334; EA2176; U10CA180820,Carboplatin; Blastocarb; Carboplat; Carboplatin Hexal; Carboplatino; Carboplatinum; Carbosin; Carbosol; Carbotec; CBDCA; Displata; Ercar; JM-8; JM8; Nealorin; Novoplatinum; Paraplatin; Paraplatin AQ; Paraplatine; Platinwas; Ribocarbo; Nivolumab; ABP 206; BCD-263; BMS 936558; BMS-936558; BMS936558; CMAB819; MDX 1106; MDX-1106; MDX1106; NIVO; Nivolumab Biosimilar ABP 206; Nivolumab Biosimilar BCD-263; Nivolumab Biosimilar CMAB819; ONO 4538; ONO-4538; ONO4538; Opdivo; Paclitaxel; Anzatax; Asotax; Bristaxol; Praxel; Taxol; Taxol Konzentrat,nivolumab,National Cancer Institute (NCI),,EA2176: Phase 3 Clinical Trial of Carboplatin and Paclitaxel +/- Nivolumab in Metastatic Anal Cancer Patients,Anal Basaloid Carcinoma; Anal Canal Cloacogenic Carcinoma; Metastatic Anal Squamous Cell Carcinoma; Recurrent Anal Squamous Cell Carcinoma; Stage III Anal Cancer AJCC v8; Stage IV Anal Cancer AJCC v8; Unresectable Anal Squamous Cell Carcinoma,ACTIVE_NOT_RECRUITING,2027-03-31,Progression-free survival (PFS),
NCT04478292,,,NCMC-SH-HEP-2020,,"Sodium Thiosulfate Injection; STS; Primary surgery resection; mono CDDP-Group A2; Cisplatin, 5-Fluorouracil, Vincristine, Doxorubicin-Group C; C5VD Group C; Biopsy; Resection or transplant; Resection of pulmonary nodules; mono CDDP- Group B; Block 1 to 3 (Cisplatin, Doxorubicin) Group D; Consolidation (Carboplatin, Doxorubicin) -Group D1; Group D1 CD; Consolidation (Carboplatin +Doxorubicin/Vincristine + Irinotecan)-Group D2; Group D2 CD/VI",sodium thiosulfate injection,Shanghai Children's Medical Center,Shanghai Children's Hospital,A Multi-institutional Study for Treatment of Children With Newly Diagnosed Hepatoblastoma Using a Modified PHITT Strategy,Hepatoblastoma,RECRUITING,2027-03-31,Audiogram | 3 -year Event-free survival (EFS),
NCT04873362,Astefania,,WO42633,2020-003681-40; 2023-503568-18-00,"Atezolizumab; Tecentriq, RO5541267, MPDL3280A; Trastuzumab Emtansine; Kadcyla, T-DM1, RO5304020; Trastuzumab; Herceptin",atezolizumab,Hoffmann-La Roche,,A Study Evaluating the Efficacy and Safety of Adjuvant Atezolizumab or Placebo and Trastuzumab Emtansine for Participants With HER2-Positive Breast Cancer at High Risk of Recurrence Following Preoperative Therapy,Breast Cancer,ACTIVE_NOT_RECRUITING,2027-03-31,Invasive Disease-free Survival (IDFS) in the Full Analysis Set (FAS),
NCT05086614,,,TARCRC,,Thymosin Alpha1; Thymalfasin,thymosin alpha1,Fudan University,,Thymosin-alpha 1 for Adjuvant Treatment After Radical Resection of High-risk Stage II and III Colorectal Cancer,Stage II Colorectal Cancer; Stage III Colorectal Cancer,RECRUITING,2027-03-31,3-year disease-free survival rate,
NCT05180734,,,JS001-045-III-GC,,Postoperative Adjuvant Chemotherapy,,"Shanghai Junshi Bioscience Co., Ltd.",,PD1 Combined With Chemotherapy for Adjuvant Treatment of Gastric Cancer,Gastric or Esophagogastric Junction Adenocarcinoma,ACTIVE_NOT_RECRUITING,2027-03-31,DFS in the PD-L1-positive population evaluated by the BICR,
NCT05794971,RIDER,,SYSU-IC-01,,Regorafenib and DIBIRI; Drug: Irinotecan; Procedure: TACE; Device: drug eluting-bead; Regorafenib,regorafenib and dibiri,Sun Yat-sen University,,Regorafenib Combined With Irinotecan Drug-Eluting Beads for Colorectal Cancer Liver Metastases,Colorectal Cancer Liver Metastases; Regorafenib,RECRUITING,2027-03-31,Overall Survival (OS),
NCT06508983,,,CSG-301-301,,SG301 Injection; pomalidomide; dexamethasone,sg301 injection,"Hangzhou Sumgen Biotech Co., Ltd.",,A Clinical Study Comparing SG301 Plus Pomalidomide and Dexamethasone to Placebo Plus Pomalidomide and Dexamethasone in Relapsed or Refractory Multiple Myeloma Patients,Relapsed/Refractory Multiple Myeloma,RECRUITING,2027-03-31,Adverse events （stage 1） | Recommended stage 2 dose of SG301 (Stage 1) | Progression Free Survival (Stage 2),
NCT07202052,,RATIONAL-PT; Core,TRU-RPT-22,TRU-RPT-22,Intravenous immunoglobulin; Subcutaneous immunoglobulin; Trimethoprim / Sulfamethoxazole; co-trimoxazole; Amoxicillin clavulanic acid; Ciprofloxacin; Intravenous immunoglobulin (IVIG),,Monash University,,Role of Antibiotic Therapy or Immunoglobulin On iNfections in hAematoLogy Platform Trial (RATIONAL-PT),Myeloma; Non-Hodgkin's Lymphoma; Leukemia,RECRUITING,2027-03-31,Event-free survival (EFS),
NCT07202065,,Dose Ig; Dose-Ig,TRU-RPT-22 Dose-Ig,,Immune Globulin Intravenous; IVIG,,Monash University,,Role of Antibiotic Therapy or Immunoglobulin On iNfections in hAematoLogy Dosing Immunoglobulin (Dose Ig),Myeloma; Non Hodgkin&#39;s Lymphoma; Leukemia,RECRUITING,2027-03-31,Event-free survival (EFS).,
NCT07202078,,Start Ig,TRU-RPT-22 Start-Ig,,Trimethoprim / Sulfamethoxazole; Co-Trimoxazole; Immune Globulin Intravenous; Immune Globulin Subcutaneous,,Monash University,,Role of Antibiotic Therapy or Immunoglobulin On iNfections in hAematoLogy: Starting Immunoglobulin (Start Ig),Myeloma; Non Hodgkin&#39;s Lymphoma; Leukemia,RECRUITING,2027-03-31,Event-free survival (EFS).,
NCT07202091,,Stop Ig; Stop-Ig,TRU-RPT-22 Stop-Ig,,Trimethoprim Sulfamethoxazole; Co-Trimoxazole; Amoxycillin/clavulanic acid; Ciprofloxacin; Immune Globulin Intravenous; Immune Globulin Subcutaneous,,Monash University,,Role of Antibiotic Therapy or Immunoglobulin On iNfections in hAematoLogy Immunoglobulin Stopping or Extension (Stop Ig),Myeloma; Leukemia; Non Hodgkin&#39;s Lymphoma,RECRUITING,2027-03-31,Event-free survival (EFS).,
NCT02685397,PCS IX,,PCS IX,,Leuprolide Acetate; Eligard; Lupron; Goserelin Acetate; ZOLADEX; Triptorelin; Trelstar; Enzalutamide; Xtandi; Stereotactic Body Radiation Therapy; SBRT,,Sir Mortimer B. Davis - Jewish General Hospital,,Management of Castration-Resistant Prostate Cancer with Oligometastases,Castration-resistant Prostate Cancer Patients with Oligometastases,ACTIVE_NOT_RECRUITING,2027-04,Radiographic Progression-free Survival,
NCT04540692,NEOSAMBA,,GBECAM 0419,LACOG 0419,Docetaxel or Paclitaxel; Taxotere or Taxol; Cyclophosphamide + Doxorrubicin; Citoxan + Rubidox,docetaxel or paclitaxel,Latin American Cooperative Oncology Group,Grupo Brasileiro de Estudos do Câncer de Mama (GBECAM),Evaluation of Sequencing of Anthracyclines and Taxanes for Locally Advanced HER2-negative Breast Cancer,Breast Cancer,ACTIVE_NOT_RECRUITING,2027-04,Invasive disease-free survival (IDFS),
NCT05445778,GLORIOSA,,IMGN853-0421,2022-501606-35,Mirvetuximab soravtansine plus Bevacizumab; MIRV; Bevacizumab,mirvetuximab soravtansine plus bevacizumab,AbbVie,GOG Foundation,"Mirvetuximab Soravtansine With Bevacizumab Versus Bevacizumab as Maintenance in Platinum-sensitive Epithelial Ovarian, Fallopian Tube, or Peritoneal Cancer",Ovarian Cancer; Peritoneal Cancer; Fallopian Tube Cancer,ACTIVE_NOT_RECRUITING,2027-04,Assess Progression-free survival (PFS),
NCT05678621,RATIONALISE,,TRU-RLS-21,,trimethoprim-sulfamethoxazole (co-trimoxazole); amoxycillin/clavulanic acid and ciprofloxacin; Immunoglobulins,trimethoprim-sulfamethoxazole,Monash University,,Role of Antibiotic Therapy or Immunoglobulin On iNfections in hAematoLogy: Immunoglobulin Stopping or Extension,Haematological Malignancy; Hypogammaglobulinemia,RECRUITING,2027-04,"Event-free survival (EFS), defined as time from randomisation until occurrence of a Grade 3 or higher infection (as defined by CTCAE Version 5), or death from any cause.",
NCT05696626,ELAINEIII,,SMX 22-002,,Lasofoxifene in combination with abemaciclib; Fulvestrant in combination with abemaciclib,lasofoxifene in combination with abemaciclib,LeonaBio,,Evaluation of Lasofoxifene Combined With Abemaciclib Compared With Fulvestrant Combined With Abemaciclib in Locally Advanced or Metastatic ER+/HER2- Breast Cancer With an ESR1 Mutation,Metastatic Breast Cancer,RECRUITING,2027-04,Progression free survival (PFS),
NCT06418776,,,IMPACT-AML,,Intensive therapy; Low intensity therapy,,"National Research Center for Hematology, Russia","St. Petersburg State Pavlov Medical University; Federal State Budgetary Institution, V. A. Almazov Federal North-West Medical Research Centre, of the Ministry of Health",IMPACT-AML: Randomized Pragmatic Clinical Trial for Relapsed or Refractory AML,Refractory Acute Myeloid Leukemia; Early Relapses of Acute Myeloid Leukemia,RECRUITING,2027-04,Event-free survival of patients with R/R AML depending on the use of high or low intensity therapy exposure before alloHSCT,
NCT01953588,,,A011106,U10CA031946; NCI-2013-01340,fulvestrant; Faslodex®; anastrozole; Arimidex®,,Alliance for Clinical Trials in Oncology,National Cancer Institute (NCI),Fulvestrant and/or Anastrozole in Treating Postmenopausal Patients With Stage II-III Breast Cancer Undergoing Surgery,Estrogen Receptor-positive Breast Cancer; HER2-negative Breast Cancer; Invasive Ductal Breast Carcinoma; Invasive Lobular Breast Carcinoma; Recurrent Breast Cancer; Stage II Breast Cancer; Stage IIIA Breast Cancer; Stage IIIB Breast Cancer; Stage IIIC Breast Cancer,ACTIVE_NOT_RECRUITING,2027-04-01,Rate of endocrine resistant disease-(First Phase) | Recurrence-free survival (RFS)-(Second Phase),
NCT03574571,,mCRPC,18-150,2018-002944-10,Docetaxel 75 mg/m2; Docetaxel 60 mg/m2; Radium-223,docetaxel,Memorial Sloan Kettering Cancer Center,Bayer,A Study to Test Radium-223 With Docetaxel in Patients With Prostate Cancer,Prostate Cancer,ACTIVE_NOT_RECRUITING,2027-04-01,Overall survival,
NCT05271240,,GBM,22-0014,,Repeated Superselective Intraarterial Cerebral infusion (SIACI) of Bevacizumab (Avastin) with Temozolomide and Radiation; IA BV+TMZ/RT; Intraarterial Bevacizumab; Temozolomide and Radiation Alone; TMZ/RT alone,repeated superselective intraarterial cerebral infusion of bevacizumab with temozolomide and radiation,Northwell Health,,Repeated Superselective Intraarterial Cerebral Infusion (SIACI) of Bevacizumab With Temozolomide and Radiation Compared to Temozolomide and Radiation Alone in Newly Diagnosed GBM,"Glioblastoma; Glioblastoma Multiforme; Glioma, Malignant; GBM; Brain Cancer; Glioblastoma, IDH-wildtype; Glioblastoma Multiforme, Adult",RECRUITING,2027-04-01,Overall survival (OS),
NCT05709249,,,2022NL-203-02,,XLJDOD compound granule,,"Jiangsu Famous Medical Technology Co., Ltd.",Jiangsu Province Hospital of Traditional Chinese Medicine; Ministry of Science and Technology of the People´s Republic of China,Xian-Lian-Jie-Du Optimization Decoction As an Adjuvant Treatment for Prevention of Recurrence of Colon Cancer,Colon Cancer,RECRUITING,2027-04-01,Two-year disease-free survival (DFS),
NCT06775756,,,CerviReduce,,IMRT with reduced-dose and reduced-volume cervical prophylactic irradiation,,Fujian Cancer Hospital,,Reducing Dose and Irradiated Volume in Cervical Prophylactic Irradiation for Nasopharyngeal Cancer,Nasopharyngeal Carcinoma,NOT_YET_RECRUITING,2027-04-01,Regional failure-free survival,
NCT03319667,IMROZ,,EFC12522,U1111-1194-2121; 2024-514417-34; 2017-002238-21,Isatuximab SAR650984; Sarclisa; Bortezomib; Velcade®; Lenalidomide; Dexamethasone,,Sanofi,,"A Study to Investigate the Clinical Benefit of Isatuximab in Combination With Bortezomib, Lenalidomide and Dexamethasone in Adults With Newly Diagnosed Multiple Myeloma Not Eligible for Transplant",Plasma Cell Myeloma,ACTIVE_NOT_RECRUITING,2027-04-05,Progression free survival (PFS),
NCT06364904,,,SYSKY-2024-123-02,,"Tislelizumab, Cisplatin, Gemcitabine and Trilaciclib; Tislelizumab, Cisplatin, Gemcitabine","tislelizumab, cisplatin, gemcitabine and trilaciclib",Sun Yat-Sen Memorial Hospital of Sun Yat-Sen University,,"A Clinical Trail to Determine the Safety and Efficacy of the Combination of Tislelizumab With Cisplatin and Gemcitabine, With or Without Trilaciclib for Patients With Untreated Unresectable and Metastatic Urothelial Carcinoma.",Bladder Cancer,NOT_YET_RECRUITING,2027-04-15,Percentage of Participants With Progression-Free Survival(PFS) | Percentage of Participants With Incidence of Grade 3/4 Neutropenia,
NCT03839771,HOVON150AML,,HO150,2018-000451-41,AG-120; Ivosidenib; AG-221; Enasidenib,ag-120,Stichting Hemato-Oncologie voor Volwassenen Nederland,University of Ulm,"A Study of Ivosidenib or Enasidenib in Combination With Induction Therapy and Consolidation Therapy, Followed by Maintenance Therapy in Patients With Newly Diagnosed Acute Myeloid Leukemia or Myedysplastic Syndrome EB2, With an IDH1 or IDH2 Mutation, Respectively, Eligible for Intensive Chemotherapy",Acute Myeloid Leukemia; Myelodysplastic Syndrome With Excess Blasts-2,ACTIVE_NOT_RECRUITING,2027-04-17,Event-free survival (EFS),
NCT05774951,CAMBRIA-1,,D8531C00002,2022-501024-20-00,Camizestrant; AZD9833; Tamoxifen; Anastrozole; Letrozole; Exemestane,camizestrant,AstraZeneca,,A Study of Camizestrant in ER+/HER2- Early Breast Cancer After at Least 2 Years of Standard Adjuvant Endocrine Therapy,"Breast Cancer, Early Breast Cancer",RECRUITING,2027-04-20,Invasive breast cancer-free survival (IBCFS),
NCT04031677,STRASS2,RPS,EORTC 1809-STBSG,EA7211; ASSG45; JCOG2214INT,Surgery; Preoperative chemotherapy; neoadjuvant chemotherapy,preoperative chemotherapy,European Organisation for Research and Treatment of Cancer - EORTC,"Canadian Cancer Trials Group; ECOG-ACRIN Cancer Research Group; Anticancer Fund, Belgium; Australia and New Zealand Sarcoma Association; Japan Clinical Oncology Group",Surgery With or Without Neoadjuvant Chemotherapy in High Risk RetroPeritoneal Sarcoma,Retroperitoneal Sarcoma; Liposarcoma; Leiomyosarcoma,RECRUITING,2027-04-21,Disease free survival,
NCT05352178,SPARKLE,,S65935,2022-000066-18,Radiotherapy (SBRT) and/or surgery (metastasectomy); Androgen deprivation therapy; Androgen receptor targeted therapy,androgen deprivation therapy,Universitaire Ziekenhuizen KU Leuven,,Metastasis-directed Therapy for Oligorecurrent Prostate Cancer,Prostate Cancer; Prostate Cancer Recurrent; Prostate Cancer Metastatic; Metastatic Cancer; Oligometastatic Disease; Oligometastasis; Hormone Sensitive Prostate Cancer,RECRUITING,2027-04-25,Poly-metastatic free survival (PMFS),
NCT03836261,AMPLIFY,,ACE-CL-311,D8221C00001; 2023-509349-11-00; 2018-002443-28,"Acalabrutinib; Calquence (acalabrutinib); Venetoclax; Venclyxto, Venclexta; Chemoimmunotherapy; Obinutuzumab; Gazyva, Gazyvaro",acalabrutinib,Acerta Pharma BV,AstraZeneca,"Study of Acalabrutinib (ACP-196) in Combination With Venetoclax (ABT-199), With and Without Obinutuzumab (GA101) Versus Chemoimmunotherapy for Previously Untreated CLL",Chronic Lymphocytic Leukemia,ACTIVE_NOT_RECRUITING,2027-04-30,To evaluate the efficacy of acalabrutinib with venetoclax (Arm A) compared to chemoimmunotherapy fludarabine/cyclophosphamide/rituximab [FCR] or bendamustine/rituximab [BR] (Arm C): PFS,
NCT04402788,,,NCI-2020-03472,NCI-2020-03472; NRG-LU007; U10CA180868,"Atezolizumab; MPDL 3280A; MPDL 328OA; MPDL-3280A; MPDL3280A; MPDL328OA; RG 7446; RG-7446; RG7446; RO 5541267; RO-5541267; RO5541267; Tecentriq; Biospecimen Collection; Biological Sample Collection; Biospecimen Collected; Sample Collection; Specimen Collection; Computed Tomography; CAT; CAT Scan; Computed Axial Tomography; Computerized Axial Tomography; Computerized axial tomography (procedure); Computerized Tomography; Computerized Tomography (CT) scan; CT; CT Scan; Diagnostic CAT Scan; Diagnostic CAT Scan Service Type; tomography; Magnetic Resonance Imaging; Magnetic Resonance; Magnetic Resonance Imaging (MRI); Magnetic resonance imaging (procedure); Magnetic Resonance Imaging Scan; Medical Imaging, Magnetic Resonance / Nuclear Magnetic Resonance; MR; MR Imaging; MRI; MRI Scan; MRIs; NMR Imaging; NMRI; Nuclear Magnetic Resonance Imaging; sMRI; Structural MRI; Positron Emission Tomography; Medical Imaging, Positron Emission Tomography; PET; PET Scan; Positron emission tomography (procedure); Positron Emission Tomography Scan; Positron-Emission Tomography; PT; Radiation Therapy; Cancer Radiotherapy; Energy Type; ENERGY_TYPE; Irradiate; Irradiated; Irradiation; Radiation; Radiation Therapy, NOS; Radiotherapeutics; Radiotherapy; RT; Therapy, Radiation",,National Cancer Institute (NCI),NRG Oncology,"Testing the Addition of Radiation Therapy to the Usual Immune Therapy Treatment (Atezolizumab) for Extensive Stage Small Cell Lung Cancer, The RAPTOR Trial",Extensive Stage Lung Small Cell Carcinoma,SUSPENDED,2027-04-30,Progression-free survival (PFS) (Phase II) | Overall survival (OS) (Phase III),
NCT07004075,,,FCN-159-010,,"Luvometinib; Chemotherapeutic Agent COG-V/C Carboplatin + Vindesine, Carboplatin, Temozolomide",luvometinib,Shanghai Fosun Pharmaceutical Industrial Development Co. Ltd.,,FCN-159 Monotherapy Versus Chemotherapy by Investigator's Choice in Pediatric Low-grade Glioma Patients With BRAF Alteration,Low-grade Glioma; Pediatric Low-grade Gliomas; pLGG With BRAF Alteration,NOT_YET_RECRUITING,2027-04-30,Compare the progression free survival (PFS) of FCN-159 versus chemotherapy by IRC,
NCT05429632,MO-TRANS,,Priothera SAS,,mocravimod,,Priothera SAS,,Mocravimod as Adjunctive and Maintenance Treatment in AML Patients Undergoing Allo-HCT,Adult Acute Myeloid Leukemia,RECRUITING,2027-05,Relapse-free survival (RFS),
NCT06670196,,,SKB264-Ⅲ-15,,SKB264; Osimertinib,skb264,"Sichuan Kelun-Biotech Biopharmaceutical Co., Ltd.",,"A Study of SKB264 in Combination With Osimertinib Versus Osimertinib in Patients With Epidermal Growth Factor Receptor (EGFR) Mutations, Locally Advanced or Metastatic Non-Squamous Non-Small Cell Lung Cancer",Non-Small Cell Lung Cancer,ACTIVE_NOT_RECRUITING,2027-05,Progression Free Survival (PFS) assessed by Blinded Independent Central Review (BICR),
NCT06828354,,,SHR-A1811-315,,SHR-A1811; Paclitaxel Injection; Doxorubicin Hydrochloride Liposome Injection; Gemcitabine Hydrochloride for Injection; Topotecan Hydrochloride for Injection,shr-a1811,"Jiangsu HengRui Medicine Co., Ltd.",,A Study of SHR-A1811 in Subjects With Ovarian Cancer,Ovarian Cancer,RECRUITING,2027-05,Progression free survival (PFS),
NCT06928389,NSCLC,,AK112-305 (HARMONi-8A),,"Ivonescimab, docetaxel; AK112, docetaxel","ivonescimab, docetaxel",Akeso,,Ivonescimab in Combination With Docetaxel in Advanced Non-Small Cell Lung Cancer,Non-Small Cell Lung Cancer,RECRUITING,2027-05,Overall Survival (OS),
NCT06954246,,SCLC,MHB088C-P-301,,MHB088C for Injection; Topotecan; Irinotecan; Paclitaxel,mhb088c for injection,"Qilu Pharmaceutical Co., Ltd.",,A Study of MHB088C Injection Versus Treatment of Physician's Choice in Subjects With Relapsed Small Cell Lung Cancer,Small Cell Lung Cancer Extensive Stage,RECRUITING,2027-05,Overall Survival,
NCT06957886,,,BL-M07D1-304,,"BL-M07D1; Capecitabine, Eribulin, Gemcitabine, Paclitaxel, or Albumin paclitaxel",bl-m07d1,"Sichuan Baili Pharmaceutical Co., Ltd.","Baili-Bio (Chengdu) Pharmaceutical Co., Ltd.",A Study of BL-M07D1 Versus Investigator's Choice of Chemotherapy in Patients With HER2-low Recurrent/Metastatic Breast Cancer,HER2-low Breast Cancer,RECRUITING,2027-05,Progression-free survival (PFS),
NCT05738616,,LEN-TAC Study,HX-IRB-AF-03-V1.0,,Lenvatinib combined with TACE and Camrelizumab,,Wen Tianfu,,Lenvatinib Combined With TACE and Camrelizumab in Conversion Resection for Advanced Hepatocellular Carcinoma (LEN-TAC Study),Advanced Hepatocellular Carcinoma,RECRUITING,2027-05-01,Overall survival,
NCT05861505,,,NL78220.029.21,,Neoadjuvant systemic therapy (CAPOX+/-B FOLFOX+/-B FOLFIRI+/-B); Repeat local treatment,neoadjuvant systemic therapy,"Amsterdam UMC, location VUmc",,COLLISION RELAPSE Trial,Colorectal Cancer; Liver Metastases; Liver Metastasis Colon Cancer; Chemotherapy Effect; Surgery; Recurrence,RECRUITING,2027-05-01,Overall survival (OS) per patient,
NCT06250972,PTCA199-11,,PTCA199-11,,"Gemcitabine, Nab-paclitaxel, Irinotecan; Intensity-Modulated Radiation Therapy (IMRT)",,Fudan University,,Radiotherapy to Patients With CA19-9-elevated Advanced Pancreatic Cancer,Pancreatic Adenocarcinoma,RECRUITING,2027-05-01,"progression-free survival, PFS",
NCT06402708,,FUSCC-Thymic 3,2403293-1,,Chemotherapy; Radiotherapy,chemotherapy,Fudan University,,Postoperative Adjuvant Chemotherapy for Thymic Cancer (FUSCC-Thymic 3),Thymic Carcinoma,RECRUITING,2027-05-01,Disease free survival,
NCT04380636,,MK-7339-012/KEYLYNK-012; NSCLC,7339-012,MK-7339-012; KEYLYNK-012; 205352; 2023-503591-25-00; U1111-1287-5477; 2019-003237-41,Pembrolizumab; KEYTRUDA®; MK-3475; Olaparib; LYNPARZA®; MK-7339; AZD2281; KU-0059436; Etoposide; VEPESID®; Carboplatin; PARAPLATIN®; Cisplatin; PLATINOL®; Paclitaxel; TAXOL®; Pemetrexed; ALIMTA®; Thoracic Radiotherapy; Durvalumab; IMFINZI®,pembrolizumab,Merck Sharp & Dohme LLC,,Study of Pembrolizumab With Concurrent Chemoradiation Therapy Followed by Pembrolizumab With or Without Olaparib in Stage III Non-Small Cell Lung Cancer (NSCLC) (MK-7339-012/KEYLYNK-012),"Lung Neoplasms; Carcinoma, Non-Small-Cell Lung",ACTIVE_NOT_RECRUITING,2027-05-05,Progression-Free Survival (PFS) According to Response Evaluation Criteria in Solid Tumors Version 1.1 (RECIST 1.1) as Assessed by Blinded Independent Central Review (BICR) | Overall Survival (OS),
NCT06074588,,MK-2870-004,2870-004,2023-503539-16-00; jRCT2031240108; U1111-1287-4913,"Sacituzumab tirumotecan; SKB264, MK-2870; Docetaxel; TAXOTERE®; Pemetrexed; ALIMTA®",sacituzumab tirumotecan,Merck Sharp & Dohme LLC,,Sacituzumab Tirumotecan (MK-2870) Versus Chemotherapy in Previously Treated Advanced or Metastatic Nonsquamous Non-small Cell Lung Cancer (NSCLC) With EGFR Mutations or Other Genomic Alterations (MK-2870-004),Non-small Cell Lung Cancer (NSCLC),ACTIVE_NOT_RECRUITING,2027-05-10,Overall Survival (OS) of Participants with NSCLC with Epidermal Growth Factor Receptor (EGFR) Mutations,
NCT04848753,,,JS001-042-III-ESCC,,Toripalimab combined with cisplatin and paclitaxel,,"Shanghai Junshi Bioscience Co., Ltd.",,Perioperative Toripalimab (JS001) Combined With Neoadjuvant Chemotherapy in Patients With Resectable Locally Advanced Thoracic Esophageal Squamous Cell Carcinoma,Resectable Locally Advanced Thoracic Esophageal Squamous Cell Carcinoma,ACTIVE_NOT_RECRUITING,2027-05-12,To compare IRC-assessed events-free survival (EFS) in 2 arms,
NCT06953999,,,AK112-310,,"Ivonescimab, AK117, Albumin-bound Paclitaxel, Gemcitabine","ivonescimab, ak117, albumin-bound paclitaxel, gemcitabine",Akeso,,A Phase III Study of Ivonescimab + Chemo With/Without AK117 in Metastatic Pancreatic Cancer,Pancreatic Cancer,RECRUITING,2027-05-14,Overall response (OS),
NCT06383780,,,SYSKY-2023-901-01,,GP combined with Tislelizumab; TPC combined with Tislelizumab,tpc combined with tislelizumab,XIANG YANQUN,,Tislelizumab in Combination With GP or TPC Regimen for the Treatment of Nasopharyngeal Carcinoma With Bone Metastasis.,Nasopharyngeal Carcinoma,RECRUITING,2027-05-15,1-year progression-free survival rate,
NCT05624554,,,1026-008,2022-501481-21-00; MK-1026-008; U1111-1274-2574; 2021-006593-23,Nemtabrutinib; MK-1026; ARQ 531; Fludarabine; Cyclophosphamide; Bendamustine; Rituximab; RITUXAN®/MabThera; Truxima; Rituximab biosimilar; Ruxience; Riabni,nemtabrutinib,Merck Sharp & Dohme LLC,,"A Study of Nemtabrutinib vs Chemoimmunotherapy for Participants With Previously Untreated Chronic Lymphocytic Leukemia/Small Lymphocytic Lymphoma (CLL/SLL) Without TP53 Aberrations (MK-1026-008, BELLWAVE-008)",Chronic Lymphocytic Leukemia; Small Lymphocytic Lymphoma,ACTIVE_NOT_RECRUITING,2027-05-19,Progression-Free Survival (PFS) per International Workshop on Chronic Lymphocytic Leukemia (iwCLL) Criteria 2018 as Assessed by Blinded Independent Central Review (BICR),
NCT05173987,,KEYNOTE-C93/GOG-3064/ENGOT-en15,3475-C93,MK-3475-C93; KEYNOTE-C93; GOG-3064; ENGOT-en15; jRCT2011210065; 2023-506361-56-00; U1111-1292-6057; 2021-003185-12,pembrolizumab; KEYTRUDA®; MK-3475; carboplatin; PARAPLATIN®; paclitaxel; TAXOL®; docetaxel; TAXOTERE®; cisplatin; PLATINOL-AQ®,pembrolizumab,Merck Sharp & Dohme LLC,European Network of Gynaecological Oncological Trial Groups (ENGOT); GOG Foundation,Study of Pembrolizumab (MK-3475) Versus Chemotherapy in Mismatch Repair Deficient (dMMR) Advanced or Recurrent Endometrial Carcinoma (MK-3475-C93/KEYNOTE-C93/GOG-3064/ENGOT-en15),Endometrial Neoplasms,ACTIVE_NOT_RECRUITING,2027-05-27,Progression-Free Survival (PFS) per Response Evaluation Criteria in Solid Tumors Version 1.1 (RECIST 1.1) as Assessed by Blinded Independent Central Review (BICR) | Overall Survival,
NCT05973773,REZILIENT3,,TAS6417-301,2023-503575-21,TAS6417; Zipalertinib; CLN-081,tas6417,"Taiho Oncology, Inc.",,REZILIENT3 (REsearching ZIpaLertinib In Egfr Non-small Cell Lung Cancer Tumors),Advanced or Metastatic NSCLS With Exon 20 Insertion Mutation,ACTIVE_NOT_RECRUITING,2027-05-27,Part A and B: The rate and severity of treatment emergent AEs | Part A and Part B: Progression-free survival (PFS) by blinded independent central review (BICR) | Part A: The rate and severity of DLTs according to the NCI-Common Terminology Criteria of Adverse Events (CTCAE) v5.0 during Cycle 1,
NCT06409429,,,IST-Nim-PC-45,,Nimotuzumab; h-R3; GX,nimotuzumab,Tianjin Medical University Cancer Institute and Hospital,,Nimotuzumab Combined With GX as Postoperative Adjuvant Therapy in Pancreatic Cancer,Pancreatic Cancer,NOT_YET_RECRUITING,2027-05-30,relapse-free survival (RFS),
NCT02305654,InPACT,,ICR CTSU/2014/10048,CRUK/13/005; 13580965; EA8134; IRCI004; 2015-001199-23,ILND - Inguinal Lymph Node Dissection; Paclitaxel; Taxol; Ifosfamide; Mitoxana; Cisplatin; Intensity modulated radiation treatment (IMRT); Prophylactic PLND - pelvic lymph node dissection,paclitaxel,"Institute of Cancer Research, United Kingdom",National Cancer Institute (NCI); ECOG-ACRIN Cancer Research Group,International Penile Advanced Cancer Trial (International Rare Cancers Initiative Study),"Squamous Cell Carcinoma of the Penis, Usual Type",ACTIVE_NOT_RECRUITING,2027-05-31,Overall survival,
NCT02595944,ANVIL,An ALCHEMIST Treatment Trial,NCI-2015-01916,NCI-2015-01916; s16-02074; EA5142; U10CA180820,"Biospecimen Collection; Biological Sample Collection; Biospecimen Collected; Sample Collection; Specimen Collection; Computed Tomography; CAT; CAT Scan; Computed Axial Tomography; Computerized Axial Tomography; Computerized axial tomography (procedure); Computerized Tomography; Computerized Tomography (CT) scan; CT; CT Scan; Diagnostic CAT Scan; Diagnostic CAT Scan Service Type; tomography; Echocardiography Test; EC; Echocardiography; Nivolumab; ABP 206; BCD-263; BMS 936558; BMS-936558; BMS936558; CMAB819; MDX 1106; MDX-1106; MDX1106; NIVO; Nivolumab Biosimilar ABP 206; Nivolumab Biosimilar BCD-263; Nivolumab Biosimilar CMAB819; ONO 4538; ONO-4538; ONO4538; Opdivo; Observation Activity; Observation; Positron Emission Tomography; Medical Imaging, Positron Emission Tomography; PET; PET Scan; Positron emission tomography (procedure); Positron Emission Tomography Scan; Positron-Emission Tomography; PT",nivolumab,National Cancer Institute (NCI),,Nivolumab After Surgery and Chemotherapy in Treating Patients With Stage IB-IIIA Non-small Cell Lung Cancer (An ALCHEMIST Treatment Trial),Stage IB Lung Non-Small Cell Carcinoma AJCC v7; Stage II Lung Non-Small Cell Cancer AJCC v7; Stage IIIA Lung Non-Small Cell Cancer AJCC v7,ACTIVE_NOT_RECRUITING,2027-05-31,Disease-free survival (DFS) | Overall survival (OS),
NCT05085028,REFINE-Lung,NSCLC,C/41/2021,2021-004908-18,Pembrolizumab 25 MG/ML [Keytruda],,Imperial College London,"National Institute for Health Research, United Kingdom; Medical Research Council; University College, London",A Randomised Open-label Phase III Trial of REduced Frequency Pembrolizumab immuNothErapy for First-line Treatment of Patients With Advanced Non-small Cell Lung Cancer (NSCLC),"Lung Cancer, Nonsmall Cell",RECRUITING,2027-05-31,Overall survival at 2 years,
NCT05342194,,ICC,JS001-039-III-ICC,,Toripalimab; Tuoyi; Lenvatinib mesylate capsules; LENVIMA; Oxaliplatin for injection; Gemcitabine hydrochloride; Cisplatin,toripalimab,"Shanghai Junshi Bioscience Co., Ltd.",,Toripalimab Plus Lenvatinib and Gemcitabine-based Chemotherapy in 1L Treatment of Advanced ICC: a Phase III Study,Intrahepatic Cholangiocarcinoma,RECRUITING,2027-05-31,Overall survival (OS) in Arm A compared with Arm C (OS A vs. C),
NCT07103668,,,IMC002-RT02-RCT,,CAR T cells; Control,car t cells,"Suzhou Immunofoco Biotechnology Co., Ltd",,A Phase III Randomized Study in CLDN18.2-positive Unresectable Locally Advanced Gastric Cancer Patients,Gastric Adenocarcinoma,RECRUITING,2027-05-31,PFS,
NCT07823049,,,XNW28012-III-01,,XNW28012 for injection; XNW28012 Mimetic for Injection,,Evopoint Biosciences Inc.,,Study of XNW28012 in Subjects With Metastatic Pancreatic Cancer Who Received Prior Systemic Therapy,Pancreatic Cancer,RECRUITING,2027-05-31,The time from the date of subject enrollment to the date of death from any cause,
NCT02859038,,SUNNY,SGOG OV4B,SOC-2,"Upfront cytoreductive surgery; Primary debulking surgery, PDS; Interval debulking surgery; NACT-IDS",,Shanghai Gynecologic Oncology Group,,Study of Upfront Surgery Versus Neoadjuvant Chemotherapy in Patients With Advanced Ovarian Cancer (SUNNY),Epithelial Ovarian Cancer; Fallopian Tube Cancer; Primary Peritoneal Carcinoma,ACTIVE_NOT_RECRUITING,2027-06,Overall survival,
NCT03206671,B-NHL 2013,,UKM12_0020,2013-003253-21,Rituximab window; Additional doses of Rituximab; Cyclophosphamide; Cytarabine; Dexamethasone; Doxorubicin hydrochloride; Vindesine Sulfate; Etoposide; Ifosfamide; Methotrexate; Prednisolone; Vincristine,rituximab window,University Hospital Muenster,"Deutsche Krebshilfe e.V., Bonn (Germany)",Treatment Protocol of the NHL-BFM and the NOPHO Study Groups for Mature Aggressive B-cell Lymphoma and Leukemia in Children and Adolescents,Mature B-cell Non-Hodgkin Lymphoma,ACTIVE_NOT_RECRUITING,2027-06,Event-free survival (EFS) | Immune reconstitution rate (only in R3/R4 patients),
NCT03257033,TIGeR-PaC,,RR3 [CP-03-001],,Gemcitabine; Gemzar; nab-paclitaxel; Abraxane; RenovoCath,,RenovoRx,,Intra-arterial Gemcitabine vs. IV Gemcitabine and Nab-Paclitaxel Following Radiotherapy for LAPC,Locally Advanced Pancreatic Cancer,ACTIVE_NOT_RECRUITING,2027-06,Overall Survival,
NCT03651206,ROCSAN,,ENGOT-en8,,Niraparib; Niraparib + TSR-042 (Dostarlimab); Chemotherapy Drugs,niraparib,ARCAGY/ GINECO GROUP,"Tesaro, Inc.",Recurrent Ovarian CarcinoSarcoma Anti-pd-1 Niraparib,Ovarian Carcinosarcoma; Endometrial Carcinosarcoma,RECRUITING,2027-06,Response Rate (RR) at 4 months | Overall survival (OS),
NCT03663725,StrateGlio,,StrateGlio-1802,2022-500451-23-00; 2018-000410-38,Intensified protocol; Stupp protocol,intensified protocol,Centre Oscar Lambret,Association de Neuro-Oncologues d'Expression Francaise; Erasme University Hospital,Treatment Intensification With Temozolomide in Adults With a Glioblastoma,Glioblastoma,ACTIVE_NOT_RECRUITING,2027-06,Overall Survival (OS),
NCT03897127,,,AMLSG 30-18,,Cytarabine; Daunorubicin; CPX-351,cpx-351,University of Ulm,Jazz Pharmaceuticals,Study of Standard Intensive Chemotherapy Versus Intensive Chemotherapy With CPX-351 in Adult Patients With Newly Diagnosed AML and Intermediate- or Adverse Genetics,Acute Myeloid Leukemia,ACTIVE_NOT_RECRUITING,2027-06,Overall survival (OS) in the restricted set of de novo patients,
NCT03980054,,,HR-BLTN-III-EBC,,Pyrotinib,pyrotinib,"Jiangsu HengRui Medicine Co., Ltd.",,A Study of Evaluating The Effects Of Pyrotinib After Adjuvant Trastuzumab In Women With Early Stage Breast Cancer,Breast Cancer,ACTIVE_NOT_RECRUITING,2027-06,Invasive Disease-free Survival (iDFS),
NCT04919226,COMPOSE,,DP-1111-02CT,,177Lu-Edotreotide (Peptide Receptor Radionuclide Therapy) PRRT; 177Lu-DOTATOC 177Lu-Edo; CAPTEM (Capecitabine and Temozolomide); Amino-Acid Solution; Arginine-Lysine Solution; Everolimus; FOLFOX (Folinic acid + Fluorouracil + Oxaliplatin),177lu-edotreotide prrt,ITM Solucin GmbH,,Lutetium 177Lu-Edotreotide Versus Best Standard of Care in Well-differentiated Aggressive Grade-2 and Grade-3 GastroEnteroPancreatic NeuroEndocrine Tumors (GEP-NETs) - COMPOSE,Neuroendocrine Tumors,ACTIVE_NOT_RECRUITING,2027-06,Progression-Free Survival,
NCT05342792,,,SL-B2022-202-02,,PD-1 antibody; Tislelizumab; Capecitabine,pd-1 antibody,Sun Yat-sen University,"Tongji Hospital; Union Hospital, Tongji Medical College, Huazhong University of Science and Technology; Xiangya Hospital of Central South University; Affiliated Cancer Hospital of Guizhou Medical University; Cancer Hospital of Guangxi Medical University; First People's Hospital of Foshan; Chongqing University Cancer Hospital; Hubei Cancer Hospital; Hunan Cancer Hospital; The Affiliated Nanjing Drum Tower Hospital of Nanjing University Medical School; Fifth Affiliated Hospital, Sun Yat-Sen University; Shandong Provincial Hospital",Metronomic Capecitabine With or Without PD-1 Antibody as Adjuvant Therapy in High-risk Nasopharyngeal Carcinoma,Nasopharyngeal Carcinoma,RECRUITING,2027-06,failure-free survival,
NCT05578976,EPCORE DLBCL-2,DLBCL,M20-621,2023-505277-32,Epcoritamab; ABBV-GMAB-3013; Cyclophosphamide; Rituximab; Vincristine; Doxorubicin; Prednisone,epcoritamab,Genmab,,"A Study to Evaluate Change in Disease Activity of Subcutaneous (SC) Epcoritamab Combined With Intravenous and Oral Rituximab, Cyclophosphamide, Doxorubicin Hydrochloride, Vincristine, and Prednisone (R-CHOP) or R-CHOP in Adult Participants With Newly Diagnosed Diffuse Large B-Cell Lymphoma (DLBCL)",Diffuse Large B-Cell Lymphoma,ACTIVE_NOT_RECRUITING,2027-06,Number of Participants with Progression-Free Survival (PFS) with an International Prognostic Index (IPI) of 3-5,
NCT05615818,SAFIR-ABC10,,UC-GMP-2201 - PRODIGE 78,2022-000190-19; 2022-502403-30-00,Futibatinib; Ivosidenib; Tibsovo; Zanidatamab; Trastuzumab; Zercepac; Neratinib; Nerlynx; Encorafenib; Braftovi; Binimetinib; Mektovi; Niraparib; Zejula; Cisplatin; Gemcitabine,futibatinib,UNICANCER,"Cancer Research UK & UCL Cancer Trials Centre; Belgian Group of Digestive Oncology; National Cancer Institute, France; Cancer Research UK; Taiho Oncology, Inc.; Servier; Zymeworks BC Inc.; Accord Healthcare, Inc.; Pierre Fabre Medicament",Personalized Medicine for Advanced Biliary Cancer Patients,Biliary Tract Neoplasms,RECRUITING,2027-06,Progression-free survival (PFS),
NCT05633654,,,GS-US-595-6184,2024-512279-10,Sacituzumab govitecan-hziy (SG); GS-0132; IMMU-132; Trodelvy™; Pembrolizumab; KEYTRUDA®; Capecitabine; Xeloda,sacituzumab govitecan-hziy,Gilead Sciences,"Alliance Foundation Trials, LLC.; NSABP Foundation Inc; GBG Forschungs GmbH",Study of Sacituzumab Govitecan-hziy and Pembrolizumab Versus Treatment of Physician's Choice in Patients With Triple Negative Breast Cancer Who Have Residual Invasive Disease After Surgery and Neoadjuvant Therapy (ASCENT-05/AFT-65 OptimICE-RD/GBG 119/NSABP B-63),Triple Negative Breast Cancer,RECRUITING,2027-06,Invasive Disease-free Survival (iDFS),
NCT06437977,neoR-TORCH,,IS24056,,SBRT; Toripalimab; Toripalimab IV 240mg + platinum-based doublet chemotherapy,,Shanghai Chest Hospital,,Neoadjuvant Therapy of SBRT Sequencial With Toripalimab and Chemotherapy in Resectable Stage II-III NSCLC Patients(neoR-TORCH),Stage II-III Non-small Cell Lung Cancer,RECRUITING,2027-06,2-year Event Free Survival Rate | pCR rate,
NCT06476184,SALVOVAR,,2023-508260-30-01,RECF-005636,Carboplatin; Paclitaxel,,ARCAGY/ GINECO GROUP,Horizon 2020 - European Commission,Utility of Adjusting Chemotherapy Dose & Dosing Schedule With the SALVage Weekly Dose-dense Regimen in Patients With Poor Prognostic OVARian Cancers Based on the Tumor Unfavorable Primary Chemosensitivity and Incomplete Debulking Surgery,Ovarian Cancer,RECRUITING,2027-06,Percentage of patients operated with late complete debulking surgery | Overall survival (OS),
NCT06726265,,TACTI-004,TACTI-004,2024-513621-23-00; KEYNOTE-F91; MK-3475-F91; IMP321-P026,eftilagimod alfa; IMP321; LAG-3Ig; efti; eftilagimod alpha; carboplatin plus paclitaxel; cisplatin or carboplatin + pemetrexed; pembrolizumab (KEYTRUDA®),eftilagimod alfa,Immutep S.A.S.,Merck Sharp & Dohme LLC,Study of Eftilagimod Alfa (Efti) in Combination With Pembrolizumab and Chemotherapy Versus Placebo in Combination With Pembrolizumab and Chemotherapy in Participants With Metastatic Non-Small Cell Lung Cancer (NSCLC) (TACTI-004),Advanced/Metastatic Non-Small Cell Lung Cancer (NSCLC),ACTIVE_NOT_RECRUITING,2027-06,Determination of Overall survival (OS) | Determination of Progression free survival (PFS) per Response Evaluation Criteria in Solid Tumors Version 1.1 (RECIST 1.1),
NCT06732323,,,ESG401-302,,ESG401; Investigator's Choice Chemotherapy,esg401,"Qilu Pharmaceutical Co., Ltd.",,A Phase III Study of ESG401 for Unresectable Recurrent or Metastatic Triple-Negative Breast Cancer,Triple-Negative Breast Cancer (TNBC),RECRUITING,2027-06,Progression Free Survival (PFS) assessed by Blinded Independent Central Review (BICR) | Overall Survival (OS),
NCT06857175,,PANKU-Bladder01,BL-B01D1-309,,BL-B01D1; iza-bren; izalontamab brengitecan; BMS-986507; Docetaxel or Paclitaxel,bl-b01d1,"Sichuan Baili Pharmaceutical Co., Ltd.","Baili-Bio (Chengdu) Pharmaceutical Co., Ltd.",A Study Comparing BL-B01D1 With Chemotherapy of Physician's Choice in Patients With Recurrent or Metastatic Urothelial Carcinoma(PANKU-Bladder01),Urothelial Carcinoma,RECRUITING,2027-06,Progression-free survival (PFS) | Overall survival (OS),
NCT06994195,,PANKU-GYN01,BL-B01D1-310,,"BL-B01D1; iza-bren; izalontamab brengitecan; BMS-986507; Liposomal doxorubicin, Paclitaxel or Topotecan",bl-b01d1,"Sichuan Baili Pharmaceutical Co., Ltd.","Baili-Bio (Chengdu) Pharmaceutical Co., Ltd.",A Study Comparing BL-B01D1 With the Investigator's Choice of Chemotherapy in Patients With Platinum-resistant Recurrent Epithelial Ovarian Cancer(PANKU-GYN01),Epithelial Ovarian Cancer; Fallopian Tube Cancer; Primary Peritoneal Cancer,RECRUITING,2027-06,Progression-free survival (PFS) | Overall survival (OS),
NCT07138846,,,MRG004A-002,,MRG004A plus best supportive care,mrg004a plus best supportive care,"Lepu Biopharma Co., Ltd.",,A Study Comparing MRG004A Plus Best Supportive Care Versus Placebo and Best Supportive Care in the Treatment of Patients With Advanced Pancreatic Cancer,Advanced Pancreatic Cancer,NOT_YET_RECRUITING,2027-06,Overall Survival (OS),
NCT07152405,,,BL-M07D1-305,,BL-M07D1; Investigator's choice of chemotherapy,bl-m07d1,"Sichuan Baili Pharmaceutical Co., Ltd.","Baili-Bio (Chengdu) Pharmaceutical Co., Ltd.",A Study of BL-M07D1 Versus Investigator's Choice of Chemotherapy in Patients With HER2-positive Locally Advanced or Metastatic Gastric or Gastro-esophageal Junction Adenocarcinoma,Gastric Adenocarcinoma; Gastroesophageal Junction Adenocarcinoma,RECRUITING,2027-06,Overall survival (OS) | Progression-free survival (PFS),
NCT07262567,,,GFH375X1301,,"GFH375; Chemotherapy; Irinotecan Hydrochloride Liposome Injection; Fluorouracil Injection; Calcium Folinate; Tegafur,Gimeracil and Oteracil Potassium Capsules; Gemcitabine Hydrochloride for Injection; Paclitaxel for Injection(Albumin Bound)",gfh375,Genfleet Therapeutics (Shanghai) Inc.,,Phase III Study to Compare GFH375 and Chemotherapy in Patients With KRAS G12D-Mutant Metastatic Pancreatic Cancer,Metastatic Pancreatic Cancer,RECRUITING,2027-06,OS | PFS,
NCT02997228,,,NCI-2016-01961,NCI-2016-01961; NRG-GI004/S1610; NRG-GI004; U10CA180868,"Atezolizumab; MPDL 3280A; MPDL 328OA; MPDL-3280A; MPDL3280A; MPDL328OA; RG 7446; RG-7446; RG7446; RO 5541267; RO-5541267; RO5541267; Tecentriq; Bevacizumab; ABP 215; ABP-215; ABP215; Alymsys; Anti-VEGF; Anti-VEGF Humanized Monoclonal Antibody; Anti-VEGF Monoclonal Antibody SIBP04; Anti-VEGF rhuMAb; Avastin; Avegra; Avzivi; Aybintio; BAT 1706; BAT-1706; BAT1706; BAT1706 Biosimilar; Bevacizumab awwb; Bevacizumab Biosimilar ABP 215; Bevacizumab Biosimilar BAT1706; Bevacizumab Biosimilar BEVZ92; Bevacizumab Biosimilar BI 695502; Bevacizumab Biosimilar CBT 124; Bevacizumab Biosimilar CT-P16; Bevacizumab Biosimilar FKB238; Bevacizumab Biosimilar GB-222; Bevacizumab Biosimilar HD204; Bevacizumab Biosimilar HLX04; Bevacizumab Biosimilar IBI305; Bevacizumab Biosimilar LY01008; Bevacizumab Biosimilar MB02; Bevacizumab Biosimilar MIL60; Bevacizumab Biosimilar Mvasi; Bevacizumab Biosimilar MYL-1402O; Bevacizumab Biosimilar QL 1101; Bevacizumab Biosimilar QL1101; Bevacizumab Biosimilar RPH-001; Bevacizumab Biosimilar SCT501; Bevacizumab Biosimilar Zirabev; Bevacizumab-adcd; Bevacizumab-aveg; Bevacizumab-awwb; Bevacizumab-aybi; Bevacizumab-bvzr; Bevacizumab-byva; Bevacizumab-equi; Bevacizumab-maly; Bevacizumab-nwgd; Bevacizumab-onbe; Bevacizumab-tnjn; BP102; BP102 Biosimilar; Byvasda; CT P16; CT-P16; CTP16; Equidacent; FKB 238; FKB-238; FKB238; HD204; IBI 305; IBI-305; IBI305; Immunoglobulin G1 (Human-Mouse Monoclonal rhuMab-VEGF Gamma-Chain Anti-Human Vascular Endothelial Growth Factor), Disulfide With Human-Mouse Monoclonal rhuMab-VEGF Light Chain, Dimer; Jobevne; MB 02; MB-02; MB02; Mvasi; MYL-1402O; Onbevzi; Oyavas; PF 06439535; PF-06439535; PF06439535; QL1101; Recombinant Humanized Anti-VEGF Monoclonal Antibody; rhuMab-VEGF; SCT501; SIBP 04; SIBP-04; SIBP04; Vegzelma; Zirabev; Biospecimen Collection; Biological Sample Collection; Biospecimen Collected; Sample Collection; Specimen Collection; Computed Tomography; CAT; CAT Scan; Computed Axial Tomography; Computerized Axial Tomography; Computerized axial tomography (procedure); Computerized Tomography; Computerized Tomography (CT) scan; CT; CT Scan; Diagnostic CAT Scan; Diagnostic CAT Scan Service Type; tomography; Fluorouracil; 5 Fluorouracil; 5 Fluorouracilum; 5 FU; 5-Fluoro-2,4(1H, 3H)-pyrimidinedione; 5-Fluorouracil; 5-Fluracil; 5-Fu; 5FU; AccuSite; Carac; Fluoro Uracil; Fluouracil; Flurablastin; Fluracedyl; Fluracil; Fluril; Fluroblastin; Ribofluor; Ro 2-9757; Ro-2-9757; Leucovorin; Folinic acid; Magnetic Resonance Imaging; Magnetic Resonance; Magnetic Resonance Imaging (MRI); Magnetic resonance imaging (procedure); Magnetic Resonance Imaging Scan; Medical Imaging, Magnetic Resonance / Nuclear Magnetic Resonance; MR; MR Imaging; MRI; MRI Scan; MRIs; NMR Imaging; NMRI; Nuclear Magnetic Resonance Imaging; sMRI; Structural MRI; Oxaliplatin; 1-OHP; Ai Heng; Aiheng; Dacotin; Dacplat; Diaminocyclohexane Oxalatoplatinum; Eloxatin; Eloxatine; Elplat; JM 83; JM-83; JM83; Oxalatoplatin; Oxalatoplatinum; RP 54780; RP-54780; RP54780; SR 96669; SR-96669; SR96669; Positron Emission Tomography; Medical Imaging, Positron Emission Tomography; PET; PET Scan; Positron emission tomography (procedure); Positron Emission Tomography Scan; Positron-Emission Tomography; PT; Quality-of-Life Assessment; Quality of Life Assessment; Questionnaire Administration",atezolizumab,National Cancer Institute (NCI),NRG Oncology,"Testing the Addition of Atezolizumab to Combination Chemotherapy or Atezolizumab Alone for Metastatic Colon or Rectal Cancer, the COMMIT Study",Metastatic Colorectal Adenocarcinoma; Stage IV Colorectal Cancer AJCC v7,ACTIVE_NOT_RECRUITING,2027-06-01,Progression free survival (PFS),
NCT03775265,,,NCI-2018-03264,NCI-2018-03264; S1806; U10CA180888,"Atezolizumab; MPDL 3280A; MPDL 328OA; MPDL-3280A; MPDL3280A; MPDL328OA; RG 7446; RG-7446; RG7446; RO 5541267; RO-5541267; RO5541267; Tecentriq; Biopsy of Bladder; Bladder Biopsy; Cisplatin; Abiplatin; Blastolem; Briplatin; CDDP; Cis-diammine-dichloroplatinum; Cis-diamminedichloridoplatinum; Cis-diamminedichloro Platinum (II); Cis-diamminedichloroplatinum; Cis-dichloroammine Platinum (II); Cis-platinous Diamine Dichloride; Cis-platinum; Cis-platinum II; Cis-platinum II Diamine Dichloride; Cismaplat; Cisplatina; Cisplatinum; Cisplatyl; Citoplatino; Citosin; Cysplatyna; DDP; Lederplatin; Metaplatin; Neoplatin; Peyrone's Chloride; Peyrone's Salt; Placis; Plastistil; Platamine; Platiblastin; Platiblastin-S; Platinex; Platinol; Platinol- AQ; Platinol-AQ; Platinol-AQ VHA Plus; Platinoxan; Platinum; Platinum Diamminodichloride; Platiran; Platistin; Platosin; Computed Tomography; CAT; CAT Scan; Computed Axial Tomography; Computerized Axial Tomography; Computerized axial tomography (procedure); Computerized Tomography; Computerized Tomography (CT) scan; CT; CT Scan; Diagnostic CAT Scan; Diagnostic CAT Scan Service Type; tomography; Cystoscopy; CS; Fluorouracil; 5 Fluorouracil; 5 Fluorouracilum; 5 FU; 5-Fluoro-2,4(1H, 3H)-pyrimidinedione; 5-Fluorouracil; 5-Fluracil; 5-Fu; 5FU; AccuSite; Carac; Fluoro Uracil; Fluouracil; Flurablastin; Fluracedyl; Fluracil; Fluril; Fluroblastin; Ribofluor; Ro 2-9757; Ro-2-9757; Gemcitabine; dFdC; dFdCyd; Difluorodeoxycytidine; Magnetic Resonance Imaging; Magnetic Resonance; Magnetic Resonance Imaging (MRI); Magnetic resonance imaging (procedure); Magnetic Resonance Imaging Scan; Medical Imaging, Magnetic Resonance / Nuclear Magnetic Resonance; MR; MR Imaging; MRI; MRI Scan; MRIs; NMR Imaging; NMRI; Nuclear Magnetic Resonance Imaging; sMRI; Structural MRI; Mitomycin; Ametycine; Jelmyto; MITO; Mito-C; Mito-Medac; Mitocin; Mitocin-C; Mitolem; Mitomycin C; Mitomycin pyelocalyceal; Mitomycin-C; Mitomycin-X; Mitomycine C; Mitosol; Mitozytrex; Mutamycin; Mutamycine; NCI-C04706; Quality-of-Life Assessment; Quality of Life Assessment; Radiation Therapy; Cancer Radiotherapy; Energy Type; ENERGY_TYPE; Irradiate; Irradiated; Irradiation; Radiation; Radiation Therapy, NOS; Radiotherapeutics; Radiotherapy; RT; Therapy, Radiation; Survey Administration; Transurethral Resection of Bladder Tumor; Transurethral resection (TURBT); TURBT",atezolizumab,National Cancer Institute (NCI),,Chemoradiotherapy With or Without Atezolizumab in Treating Patients With Localized Muscle Invasive Bladder Cancer,Bladder Urothelial Carcinoma; Muscle Invasive Bladder Carcinoma; Stage II Bladder Cancer AJCC v8; Stage IIIA Bladder Cancer AJCC v8,ACTIVE_NOT_RECRUITING,2027-06-01,Bladder intact event-free survival (BI-EFS),
NCT03895359,TACE,,TACE,,Stereotactic Body Radiation; Transarterial Chemoembolization; TACE,,London Health Sciences Centre Research Institute OR Lawson Research Institute of St. Joseph's,CancerCare Manitoba,Transarterial Chemoembolization (TACE) Versus TACE Plus Stereotactic Body Radiation Therapy (SBRT) in Liver Carcinoma,Hepatocellular Carcinoma,RECRUITING,2027-06-01,Overall Survival | Time to Intrahepatic Progression,
NCT04944914,,,SYSUCC-CMY-2021-,,camrelizumab; stereotactic body radiotherapy; SBRT,,Sun Yat-sen University,"Affiliated Cancer Hospital & Institute of Guangzhou Medical University; Zhongshan People's Hospital, Guangdong, China; Guangdong Provincial People's Hospital",Camrelizumab Plus Stereotactic Body Radiotherapy vs Camrelizumab Alone For Oligometastatic Nasopharyngeal Carcinoma,Nasopharyngeal Carcinoma,RECRUITING,2027-06-01,Median progression-free survival (PFS),
NCT06532006,,,HLX22-GC-301,,HLX22; Pembrolizumab; Trastuzumab; Oxaliplatin; Capecitabine,hlx22,Shanghai Henlius Biotech,Henlius USA,A Phase Ⅲ Clinical Study of HLX22 in Combination With Trastuzumab and Chemotherapy for the Treatment of Gastroesophageal Junction and Gastric Cancer,Gastroesophageal-junction Cancer; Monoclonal Antibody; Gastric Cancer; HER2-positive Gastric Cancer,RECRUITING,2027-06-01,Progression-Free Survival (PFS)per RECIST 1.1 assessed by IRRC(Independent Radiology Review Committee) | Overall Survival （OS）,
NCT07002346,INVIGORATE,,2025-TJ-OCCC,,QL1706 (bispecific antibody targeting PD-1 and CTLA-4); Bevacizumab; carboplatin; Paclitaxel,ql1706,Tongji Hospital,"Chinese Academy of Medical Sciences; Peking Union Medical College Hospital; Fudan University; Sun Yat-Sen University Cancer Center; Peking University Cancer Hospital & Institute; Peking University People's Hospital; First Affiliated Hospital, Sun Yat-Sen University; Second Affiliated Hospital, Sun Yat-Sen University; Second Affiliated Hospital, Zhejiang University, School of Medicine; Renmin Hospital of Wuhan University; Zhejiang Provincial People's Hospital; Cancer Hospital Chinese Academy of Medical Science, Shenzhen Center; Shanghai First Maternity and Infant Hospital; Hubei Cancer Hospital; Sir Run Run Shaw Hospital; Wuhan Central Hospital; Zhejiang Cancer Hospital; The First Affiliated Hospital of Zhengzhou University; Third Affiliated Hospital of Zhengzhou University; Henan Provincial People's Hospital; Henan Cancer Hospital; Jiangsu Cancer Institute & Hospital; The International Peace Maternity & Child Health Hospital of China welfare institute; Women's Hospital School Of Medicine Zhejiang University; Union Hospital, Tongji Medical College, Huazhong University of Science and Technology; First Affiliated Hospital of Zhejiang University",INVIGORATE: A Study of QL1706 and Bevacizumab in Advanced First-Line Ovarian Clear Cell Carcinoma,Ovarian Clear Cell Carcinoma,RECRUITING,2027-06-01,Progression-Free Survival (PFS),
NCT07134205,,,JMT101-017,,JMT101; Irinotecan; Regorafenib,jmt101,Shanghai JMT-Bio Inc.,,The Study of JMT101 Combined With Irinotecan as a ≥3rd-Line Treatment in Metastatic Colorectal Cancer,Metastatic Colorectal Cancer (mCRC),NOT_YET_RECRUITING,2027-06-01,Progression-free Survival (PFS),
NCT03180268,,,NRG-BN003,NCI-2016-01619; NRG-BN003; U10CA180868,"Biospecimen Collection; Biological Sample Collection; Biospecimen Collected; Specimen Collection; Clinical Observation; observation; Intensity-Modulated Radiation Therapy; IMRT; Intensity modulated radiation therapy (procedure); Intensity Modulated RT; Intensity-Modulated Radiotherapy; Radiation, Intensity-Modulated Radiotherapy; Laboratory Biomarker Analysis; Magnetic Resonance Imaging; Magnetic Resonance; Magnetic Resonance Imaging (MRI); Magnetic resonance imaging (procedure); Magnetic Resonance Imaging Scan; Medical Imaging, Magnetic Resonance / Nuclear Magnetic Resonance; MR; MR Imaging; MRI; MRI Scan; MRIs; NMR Imaging; NMRI; Nuclear Magnetic Resonance Imaging; sMRI; Structural MRI; Proton Beam Radiation Therapy; External beam radiation therapy protons (procedure); External Beam Radiotherapy (protons); PBRT; Proton; Proton EBRT; Proton External Beam Radiotherapy; Proton Radiation Therapy; PROTON Therapy; Radiation, Proton Beam; Quality-of-Life Assessment; Quality of Life Assessment",,NRG Oncology,National Cancer Institute (NCI),Observation or Radiation Therapy in Treating Patients With Newly Diagnosed Grade II Meningioma That Has Been Completely Removed by Surgery,Grade 2 Meningioma; Intracranial Meningioma,ACTIVE_NOT_RECRUITING,2027-06-15,Progression free survival (PFS),
NCT03067181,,,AGCT1531,NCI-2017-00178; AGCT1531; U10CA180886,"Best Practice; standard of care; standard therapy; Biopsy Procedure; Biopsy; BIOPSY_TYPE; Bx; Biospecimen Collection; Biological Sample Collection; Biospecimen Collected; Specimen Collection; Bleomycin Sulfate; Blanoxan; BleMomycine; Blenoxane; Bleo-cell; Bleo-S; Bleocin; Bleolem; Bleomycin Sulfas; Bleomycin Sulphate; Bleomycini Sulfas; Blexane; Oil Bleo; Carboplatin; Blastocarb; Carboplat; Carboplatin Hexal; Carboplatino; Carboplatinum; Carbosin; Carbosol; Carbotec; CBDCA; Displata; Ercar; JM-8; JM8; Nealorin; Novoplatinum; Paraplatin; Paraplatin AQ; Paraplatine; Platinwas; Ribocarbo; Cisplatin; Abiplatin; Blastolem; Briplatin; CDDP; Cis-diammine-dichloroplatinum; Cis-diamminedichloridoplatinum; Cis-diamminedichloro Platinum (II); Cis-diamminedichloroplatinum; Cis-dichloroammine Platinum (II); Cis-platinous Diamine Dichloride; Cis-platinum; Cis-platinum II; Cis-platinum II Diamine Dichloride; Cismaplat; Cisplatina; Cisplatinum; Cisplatyl; Citoplatino; Citosin; Cysplatyna; DDP; Lederplatin; Metaplatin; Neoplatin; Peyrone's Chloride; Peyrone's Salt; Placis; Plastistil; Platamine; Platiblastin; Platiblastin-S; Platinex; Platinol; Platinol- AQ; Platinol-AQ; Platinol-AQ VHA Plus; Platinoxan; Platinum; Platinum Diamminodichloride; Platiran; Platistin; Platosin; Computed Tomography; CAT; CAT Scan; Computed Axial Tomography; Computerized Axial Tomography; Computerized axial tomography (procedure); Computerized Tomography; Computerized Tomography (CT) scan; CT; CT Scan; Diagnostic CAT Scan; Diagnostic CAT Scan Service Type; tomography; Etoposide; Demethyl Epipodophyllotoxin Ethylidine Glucoside; EPEG; Lastet; Toposar; Vepesid; VP 16; VP 16-213; VP 16213; VP-16; VP-16-213; VP-16213; VP16; VP16213; Magnetic Resonance Imaging; Magnetic Resonance; Magnetic Resonance Imaging (MRI); Magnetic resonance imaging (procedure); Magnetic Resonance Imaging Scan; Medical Imaging, Magnetic Resonance / Nuclear Magnetic Resonance; MR; MR Imaging; MRI; MRI Scan; MRIs; NMR Imaging; NMRI; Nuclear Magnetic Resonance Imaging; sMRI; Structural MRI; Pulmonary Function Test; lung function test; PFT; Pulmonary Function Testing; Pulmonary Function Tests; Questionnaire Administration",bleomycin sulfate,Children's Oncology Group,National Cancer Institute (NCI),"Active Surveillance, Bleomycin, Etoposide, Carboplatin or Cisplatin in Treating Pediatric and Adult Patients With Germ Cell Tumors",Childhood Extracranial Germ Cell Tumor; Extragonadal Embryonal Carcinoma; Germ Cell Tumor; Malignant Germ Cell Tumor; Malignant Ovarian Teratoma; Stage I Ovarian Choriocarcinoma; Stage I Ovarian Embryonal Carcinoma AJCC v6 and v7; Stage I Ovarian Yolk Sac Tumor AJCC v6 and v7; Stage I Testicular Choriocarcinoma AJCC v6 and v7; Stage I Testicular Embryonal Carcinoma AJCC v6 and v7; Stage I Testicular Seminoma AJCC v6 and v7; Stage I Testicular Yolk Sac Tumor AJCC v6 and v7; Stage II Ovarian Choriocarcinoma; Stage II Ovarian Embryonal Carcinoma AJCC v6 and v7; Stage II Ovarian Yolk Sac Tumor AJCC v6 and v7; Stage II Testicular Choriocarcinoma AJCC v6 and v7; Stage II Testicular Embryonal Carcinoma AJCC v6 and v7; Stage II Testicular Yolk Sac Tumor AJCC v6 and v7; Stage III Ovarian Choriocarcinoma; Stage III Ovarian Embryonal Carcinoma AJCC v6 and v7; Stage III Ovarian Yolk Sac Tumor AJCC v6 and v7; Stage III Testicular Choriocarcinoma AJCC v6 and v7; Stage III Testicular Embryonal Carcinoma AJCC v6 and v7; Stage III Testicular Yolk Sac Tumor AJCC v6 and v7; Stage IV Ovarian Choriocarcinoma; Stage IV Ovarian Embryonal Carcinoma AJCC v6 and v7; Stage IV Ovarian Yolk Sac Tumor AJCC v6 and v7; Testicular Mixed Choriocarcinoma and Embryonal Carcinoma; Testicular Mixed Choriocarcinoma and Teratoma; Testicular Mixed Choriocarcinoma and Yolk Sac Tumor,RECRUITING,2027-06-30,Overall survival | Event-free survival,
NCT03178552,B-FAST,NSCLC,BO29554,2017-000076-28,Alectinib; RO5424802; Atezolizumab; RO5541267; Pemetrexed; Cisplatin; Carboplatin; Gemcitabine; Entrectinib; RO7102122; Cobimetinib; RO5514041; Vemurafenib; RO5185426; Bevacizumab; RO4876646; Divarasib; RO7435846; GDC-6036; Docetaxel,alectinib,Hoffmann-La Roche,,A Study to Evaluate the Efficacy and Safety of Multiple Targeted Therapies as Treatments for Participants With Non-Small Cell Lung Cancer (NSCLC),Non-Small Cell Lung Cancer,ACTIVE_NOT_RECRUITING,2027-06-30,Cohort A: Percentage of Participants with Confirmed Objective Response as Assessed by the Investigator Based on the Response Evaluation Criteria in Solid Tumors (RECIST) Version (v) 1.1 | Cohort B: Percentage of Participants with Confirmed Objective Response as Assessed by the Investigator Based on RECIST v1.1 | Cohort C: Progression Free Survival (PFS) as Assessed by the Investigator Based on RECIST v1.1 in bTMB PP1 | Cohort D: Percentage of Participants with Confirmed Objective Response as Assessed by the Investigator Based on RECIST v1.1 | Cohort E: Time in Response (TIR) as Assessed by the Investigator Based on RECIST v1.1 | Cohort F: Investigator-Assessed Objective Response Rate (ORR) Based on RECIST v1.1 | Cohort G: Incidence of Adverse Events (AEs),
NCT03550391,,,CCTG CE.7,NCI-2018-00395,Memantine; Hippocampal-avoidant (HA-WBRT) Radiotherapy; Stereotactic Radiosurgery (SRS),memantine,Canadian Cancer Trials Group,Alliance for Clinical Trials in Oncology; NRG Oncology,Stereotactic Radiosurgery Compared With Hippocampal-Avoidant Whole Brain Radiotherapy (HA-WBRT) Plus Memantine for 5 or More Brain Metastases,Brain Metastases,RECRUITING,2027-06-30,Overall Survival | Neurocognitive progression-free survival,
NCT03967977,,,BGB-A317-310,CTR20190543,Tislelizumab; BGB-A317; Cisplatin; Gemcitabine Hydrochloride; Carboplatin,,BeiGene,,Study of Tislelizumab in Combination With Chemotherapy Compared to Chemotherapy Alone for Participants With Urothelial Carcinoma,Urothelial Carcinoma,ACTIVE_NOT_RECRUITING,2027-06-30,Overall survival (OS) in the Intent to Treat (ITT) set,
NCT04550260,KUNLUN,,D910SC00001,2020-001001-22,Durvalumab; MEDI4736; cisplatin + fluorouracil; cisplatin + capecitabine; Radiation,durvalumab,AstraZeneca,,Study of Durvalumab Versus Placebo in Combination With Definitive Chemoradiation Therapy in Patient With ESCC,Esophageal Squamous Cell Carcinoma,ACTIVE_NOT_RECRUITING,2027-06-30,Progression free survival (PFS) per RECIST 1.1 as assessed by BICR,
NCT05920356,,CodeBreaK 202,20190341,2022-501863-41-00,Sotorasib; AMG 510; LUMYKRAS ®; LUMAKRAS ®; Pembrolizumab,sotorasib,Amgen,,A Study Evaluating Sotorasib Platinum Doublet Combination Versus Pembrolizumab Platinum Doublet Combination as a Front-Line Therapy in Participants With Stage IV or Advanced Stage IIIB/C Nonsquamous Non-Small Cell Lung Cancers (CodeBreaK 202),Non-Small Cell Lung Cancer (NSCLC),RECRUITING,2027-06-30,Progression-free Survival (PFS) | Overall Survival (OS),
NCT06123494,,,SHR-A1811-308,,SHR-A1811; Ramucirumab / Paclitaxel/ Docetaxel/ Irinotecan,shr-a1811,"Jiangsu HengRui Medicine Co., Ltd.",,SHR-A1811 for Subjects With Her2-positive Gastric Cancer and Gastroesophageal Junction Adenocarcinoma After Progression on or After First-line Anti-HER2 Therapy-containing Regimen,HER2-positive Advanced Gastric Cancer or Gastroesophageal Junction Adenocarcinoma,RECRUITING,2027-06-30,Overall survival (OS),
NCT06235203,,,adv-rNPC-RCT-Neo-V1,,"endoscopic surgery; Neoadjuvant therapy,Toripalimab Injection and Gemcitabine based therapy; Adjuvant therapy in experimental group,Toripalimab Injection and Gemcitabine based therapy; Adjuvant therapy in control group,Toripalimab Injection and Gemcitabine based therapy","neoadjuvant therapy,toripalimab injection and gemcitabine based therapy",Eye & ENT Hospital of Fudan University,Shanghai Zhongshan Hospital; Shanghai 6th People's Hospital; Changhai Hospital; Fujian Medical University Union Hospital; People's Hospital of Guangxi Zhuang Autonomous Region; Shenzhen Second People's Hospital,Neoadjuvant vs Adjuvant in Locally Advanced Recurrent NPC,Recurrent Nasopharyngeal Carcinoma,RECRUITING,2027-06-30,EFS,
NCT06383767,,,ESG401-301,,"ESG401; Eribulin, capecitabine, gemcitabine or vinorelbine (Treatment of Physician's Choice)",esg401,"Qilu Pharmaceutical Co., Ltd.",,A Phase III Study of ESG401 for Locally Advanced or Metastatic HR+/HER2- Breast Cancer,Metastatic Breast Cancer,RECRUITING,2027-06-30,Progression-free survival (PFS) assessed by IRC per RECIST 1.1,
NCT06696794,,,2024TJCR012,,Mitomycin C (MMC),mitomycin c,Shaogang Wang,,Investigating the Efficacy and Safety of Neoadjuvant Intravesical Instillation of Mitomycin C in Treating High-risk NMIBC Patients,Non-Muscle-Invasive Bladder Cancer (NMIBC),RECRUITING,2027-06-30,1-year recurrence-free survival rate,
NCT06709144,BLARCC,,IRB-2024-935（IIT）,2024IITZA001,SMA lymph node dissection; SMV lymph node dissection,,"Haixing Ju, MD","Jiangxi Provincial Cancer Hospital; Jiangsu Cancer Institute & Hospital; Liaoning Cancer Hospital & Institute; The First Affiliated Hospital of Soochow University; Shanxi Province Cancer Hospital; The First Affiliated Hospital of Shanxi Medical University; Shaoxing People's Hospital; Shaoxing Second Hospital; Ningbo No. 1 Hospital; Ningbo No.2 Hospital; Jinhua Central Hospital; Affiliated Hospital of Jiaxing University; The First People's Hospital of Huzhou; The Central Hospital of Lishui City; Lishui Country People's Hospital; Zhejiang University; Yuyao People's Hospital; The Third Affiliated Hospital of Wenzhou Medical University; First Affiliated Hospital of Wenzhou Medical University; Cancer Hospital of Guangxi Medical University; Ningbo Medical Center Lihuili Hospital; Ruijin Hospital; Second Affiliated Hospital of Wenzhou Medical University; First Affiliated Hospital of Zhejiang University; Second Affiliated Hospital, Zhejiang University, School of Medicine; Shanghai Cancer Hospital, China; The Affiliated Tumor Hospital of Harbin Medical University; Shanghai 10th People's Hospital; The Second Affiliated Hospital of Harbin Medical University; Xiangshan No.1 People' s Hospital; Zhejiang Province People's Hospital; Sir Run Run Shaw Hospital; Sun Yat-Sen University Cancer Center",Borderline of CME/D3 Dissection for Local Advanced Right-sided Colon Cancer,Colon Cancer,ACTIVE_NOT_RECRUITING,2027-06-30,3 year DFS,
NCT07066098,,G-HOPE-002,CIBI343B302,,IBI343,ibi343,Innovent Biologics (Suzhou) Co. Ltd.,,"A Multicenter Study of IBI343 Monotherapy Versus Placebo in Subjects With Previously Treated, Claudin (CLDN) 18.2-positive, Pancreatic Cancer(G-HOPE-002)",Pancreatic Cancer,RECRUITING,2027-06-30,overall survival(OS),
NCT04401748,Verona,Higher-Risk MDS,M15-954,2023-507153-16-00,Venetoclax; ABT-199; GDC-0199; Venclexta; Azacitidine; AZA,venetoclax,AbbVie,"Genentech, Inc.",Study Of Venetoclax Tablet With Intravenous or Subcutaneous Azacitidine to Assess Change in Disease Activity In Adult Participants With Newly Diagnosed Higher-Risk Myelodysplastic Syndrome,Myelodysplastic Syndrome (MDS),ACTIVE_NOT_RECRUITING,2027-07,Overall survival (OS),
NCT05188313,TRAP-2,,NL79276.018.21,,Trastuzumab; Pertuzumab; Paclitaxel; Carboplatin,trastuzumab,Academisch Medisch Centrum - Universiteit van Amsterdam (AMC-UvA),,TRAstuzumab and Pertuzumab for HER2+ Resectable Oesophageal Cancer,Esophageal Cancer; Esophageal Adenocarcinoma,RECRUITING,2027-07,Overall survival,
NCT06041477,HAIC,,SL-B2022-793-01,2023001,"Oxaliplatin,calcium folinic acid, levofolinic acid, 5-FU; Hepatic arterial infusion chemotherapy (HAIC); Concurrent Lenvatinib; Concurrent targeted therapy; Concurrent PD-1 antibody; Concurrent immunotherapy; Sequential Lenvatinib; Sequential targeted therapy; Sequential PD-1 antibody; Sequential immunotherapy",concurrent lenvatinib,Sun Yat-sen University,"The First Affiliated Hospital, Guangzhou University of Traditional Chinese Medicine; Affiliated Hospital of Guangdong Medical University; First People's Hospital of Foshan",Concurrently vs Sequentially Combined HAIC With Targeted and Immunotherapy in Potentially Resectable HCC,Hepatocellular Carcinoma; Chemotherapy Effect; Chemotherapeutic Toxicity,RECRUITING,2027-07,OS,
NCT06419621,,TNBC,PM8002-C013C-TNBC-R,,PM8002; Nab-Paclitaxel,pm8002,Biotheus Inc.,,PM8002 or Placebo Plus Nab-Paclitaxel as First-line Treatment in Inoperable Locally Advanced/Metastatic TNBC,Triple Negative Breast Cancer(TNBC),ACTIVE_NOT_RECRUITING,2027-07,Progression-Free Survival (PFS) assessed by Blinded Independent Review Committee (BIRC) | Overall Survival (OS),
NCT07071337,,,SKB264-Ⅲ-13,,SKB264; Nab-paclitaxel; Paclitaxel; Capecitabine,skb264,"Sichuan Kelun-Biotech Biopharmaceutical Co., Ltd.",,"A Study of SKB264 Versus Investigator's Choice of Chemotherapy in Subjects With Unresectable Locally Advanced, Relapsed, or Metastatic HR+/HER2- Breast Cancer Who Have Previously Failed Endocrine Therapy",Metastatic Breast Cancer,RECRUITING,2027-07,Progression Free Survival (PFS) assessed by Blinded Independent Central Review (BICR),
NCT07336953,,WGOG-PAN 006/ICSBR-2,WGOG-PAN 006/ICSBR-2,,GnP; SBRT; Serplulimab,serplulimab,West China Hospital,,"A Phase III, Randomized, Clinical Trial of GnP Combined With SBRT and Serplulimab Versus GnP as First-Line Treatment for Patients With Recurrent or Metastatic Pancreatic Cancer (WGOG-PAN 006/ICSBR-2)",PDAC - Pancreatic Ductal Adenocarcinoma,NOT_YET_RECRUITING,2027-07,Overall Survival (OS),
NCT07362459,,,SCTB14-A301,,SCTB14; Pembrolizumab,sctb14,Sinocelltech Ltd.,,A Study to Evaluate the Safety and Tolerability of SCTB14 as First-Line Therapy in Non-Small Cell Lung Cancer.,Non-Small Cell Lung Carcinoma (NSCLC),RECRUITING,2027-07,Progression-Free Survival (PFS) Assessed by Blinded Independent Central Review,
NCT04111978,MATAO,,ENGOT-ov54/Swiss-GO-2/MATAO,2024-511219-78-00; 2019-002264-27; ENGOT-ov54; Swiss-GO-2; AGO-OVAR 26; AGO 65,Letrozole 2.5mg; Femara,letrozole,Swiss GO Trial Group,"AGO Study Group; Arbeitsgemeinschaft Gynaekologische Onkologie Austria; Reliable Cancer Therapies; Krebsliga Schweiz; Stiftung Guido Feger; Hoffmann-La Roche; Helsana AG; Novartis Pharmaceuticals; Anticancer Fund, Belgium",MAintenance Therapy With Aromatase Inhibitor in Epithelial Ovarian Cancer (MATAO),Ovarian Neoplasm Epithelial; Fallopian Tube Neoplasms; Peritoneal Neoplasms; High-grade Serous Ovarian Carcinoma (HGSOC); Low-grade Serous Ovarian Carcinoma (LGSOC); Ovarian Endometrioid Carcinoma,RECRUITING,2027-07-01,Progression-free survival (PFS) for each study group,
NCT05876832,,ALIVE,XY0206AML3001,,XY0206; Salvage Chemotherapy,xy0206,Shijiazhuang Yiling Pharmaceutical Co. Ltd,,A Study of XY0206 Versus Salvage Chemotherapy In Patients With Relapsed or Refractory AML With FLT3-ITD-Mutation (ALIVE),Acute Myeloid Leukemia With FLT3/ITD Mutation,NOT_YET_RECRUITING,2027-07-01,Interim analysis: Complete remission(CR)/CR with partial hematologic recovery(CRh) rate in the experimental group. | The final analysis: Overall Survival(OS).,
NCT06752811,pompom,,Shanghai Yizhong,,paclitaxel polymeric micelles for injection; Gemcitabine Hydrochloride for Injection; Paclitaxel for Injection (albumin bound ),paclitaxel polymeric micelles for injection,"Shanghai Yizhong Pharmaceutical Co., Ltd.",,Polymeric Micellar Paclitaxel for Metastatic Pancreatic Cancer,Pancreatic Cancer Metastatic,RECRUITING,2027-07-01,Progression-Free-Survival,
NCT06841172,,,SDZLEC2025-025-02,,radiotherapy; RT; Systemic therapy (Continuation of current first-line systemic therapy); c-FLST; Systemic therapy (Early switch to second-line systemic therapy); s-SLST,systemic therapy,Shandong Cancer Hospital and Institute,,Continuation of First-line Therapy With Radiotherapy Versus Early Switch to Second-line Therapy in Oligoprogressive HCC,OligoProgressive Metastatic Disease; Hepatocellular Carcinoma (HCC); Radiotherapy; Systemic Therapy,RECRUITING,2027-07-01,Progression-free survival (PFS),
NCT06211036,DeLLphi-305,,20200041,2023-505989-29,Tarlatamab; AMG 757; Durvalumab,tarlatamab,Amgen,,"Study Comparing Tarlatamab and Durvalumab Versus Durvalumab Alone in First-Line Extensive-Stage Small-Cell Lung Cancer (ES-SCLC) Following Platinum, Etoposide and Durvalumab",Extensive-Stage Small-Cell Lung Cancer; Small-Cell Lung Cancer,ACTIVE_NOT_RECRUITING,2027-07-05,OS,
NCT07186621,,,NCC5448,,Sintilimab; radiotherapy; TACE,sintilimab,"Cancer Institute and Hospital, Chinese Academy of Medical Sciences","Peking University People's Hospital; Nanfang Hospital, Southern Medical University; Beijing 302 Hospital; Beijing Ditan Hospital; Eastern Hepatobiliary Surgery Hospital",Adjuvant Radiotherapy of Sintilimab Versus TACE for HCC,"Hepatocellular Carcinoma (HCC); Radiotherapy, Adjuvant; Immune Checkpoint Inhibitor; TACE; Narrow Margin",RECRUITING,2027-07-09,2-year RFS,
NCT06312176,,MK-2870-010,2870-010,MK-2870-010; 2023-504918-29-00; U1111-1289-8119; jRCT2031240476,Sacituzumab tirumotecan; MK-2870; Pembrolizumab; MK-3475; KEYTRUDA®; Paclitaxel; TAXOL®; Nab-paclitaxel; ABRAXANE®; Capecitabine; XELODA®; Liposomal doxorubicin; DOXIL®,sacituzumab tirumotecan,Merck Sharp & Dohme LLC,,A Study of Sacituzumab Tirumotecan (MK-2870) as a Single Agent and in Combination With Pembrolizumab (MK-3475) Versus Treatment of Physician's Choice in Participants With HR+/HER2- Unresectable Locally Advanced or Metastatic Breast Cancer (MK-2870-010),Breast Neoplasms,RECRUITING,2027-07-11,Progression-Free Survival (PFS) ( sacituzumab tirumotecan versus treatment of physician's choice [TPC]; pembrolizumab + sacituzumab tirumotecan versus TPC) | PFS (Sacituzumab tirumotecan + pembrolizumab versus TPC),
NCT05057494,MAJIC,,D8220C00027,2023-505866-27-00; 2021-003936-10,Acalabrutinib; Venetoclax; Obinutuzumab,acalabrutinib,AstraZeneca,,A Study of Acalabrutinib Plus Venetoclax Versus Venetoclax Plus Obinutuzumab in Previously Untreated Chronic Lymphocytic Leukemia or Small Lymphocytic Lymphoma,Chronic Lymphocytic Leukemia or Small Lymphocytic Lymphoma,ACTIVE_NOT_RECRUITING,2027-07-15,Progression-free Survival (PFS),
NCT05815927,PROLoNg,,EORTC-2014-HNCG,2023-504478-39-00,Pembrolizumab; stereotattic ablation radiotherapy (SABR); SBRT,,European Organisation for Research and Treatment of Cancer - EORTC,Swiss Cancer Institute; Merck Sharp & Dohme LLC,Pembrolizumab and Radiotherapy for Oligometastatic Head and Neck Cancer,Oligometastatic Squamous Cell Carcinoma of the Head and Neck,RECRUITING,2027-07-15,Progression-free survival by RECIST 1.1,
NCT04997837,,,FDRT-2021-63-2366,,PD-1 inhibitor; Oxaliplatin; Capecitabine; Tegafur-gimeracil-oteracil potassium; 5-FU; Radiotherapy; Chemotherapy,pd-1 inhibitor,Fudan University,,Study of Adjuvant Chemotherapy With or Without PD-1 Inhibitors and Chemoradiotherapy in Resected pN3 Gastric (G) or GEJ Adenocarcinoma,Gastric Cancer,RECRUITING,2027-07-21,3-year DFS rate,
NCT07062965,,,C4551002,2025-520566-22-00,PF-07248144; Fulvestrant; Everolimus; Exemestane,,Pfizer,,"A Study to Learn About the Study Medicine Called PF-07248144 in Combination With Fulvestrant in People With HR-positive, HER2-negative Advanced or Metastatic Breast Cancer Who Progressed After a Prior Line of Treatment.",Breast Cancer,RECRUITING,2027-07-22,Progression Free Survival (PFS) as determined by blinded independent central review (BICR) per Response Evaluation Criteria in Solid Tumors (RECIST) v1.1,
NCT07088263,,,SYSUCC-081,,"Gemcitabine, Vinorelbine, Eribulin, or Utidelone",,Sun Yat-sen University,,Adaptive Chemotherapy for the Treatment of Advanced Breast Cancer,Breast Neoplasms,RECRUITING,2027-07-24,progression-free survival (PFS),
NCT06103864,,TROPION-Breast05,D7630C00001,,"Dato-DXd; Datopotamab deruxtecan (Dato-DXd, DS-1062a); Durvalumab; MEDI4736; Paclitaxel; Nab-paclitaxel; Gemcitabine; Carboplatin; Pembrolizumab",dato-dxd,AstraZeneca,Daiichi Sankyo,A Phase III Study of Dato-DXd With or Without Durvalumab Compared With Investigator's Choice of Chemotherapy in Combination With Pembrolizumab in Patients With PD-L1 Positive Locally Recurrent Inoperable or Metastatic Triple-negative Breast Cancer (TROPION-Breast05),Breast Cancer,RECRUITING,2027-07-28,Progression Free Survival (PFS),
NCT04996017,AtezoMeso,Atezomeso,GOIRC -03-2019,,Atezolizumab 1200 mg in 20 ML Injection,atezolizumab,Gruppo Oncologico Italiano di Ricerca Clinica,,Atezolizumab Versus Placebo for the Adjuvant Treatment of Malignant Pleural Mesothelioma (Atezomeso),Mesotheliomas Pleural,RECRUITING,2027-07-30,To evaluate the efficacy of atezolizumab in patients with MPM in terms of DFS,
NCT05455320,MonumenTAL-3,,CR109082,64407564MMY3002; 2021-000202-22; 2023-503467-41-00,Talquetamab; JNJ-64407564; Daratumumab; Pomalidomide; Dexamethasone,talquetamab,"Janssen Research & Development, LLC",,A Study Comparing Talquetamab in Combination With Daratumumab or in Combination With Daratumumab and Pomalidomide Versus Daratumumab in Combination With Pomalidomide and Dexamethasone in Participants With Multiple Myeloma That Returns After Treatment or is Resistant to Treatment,Multiple Myeloma,ACTIVE_NOT_RECRUITING,2027-07-30,Progression-Free Survival (PFS),
NCT05794906,ARASTEP,,21492,2022-501343-33-00,"Darolutamide (BAY1841788, Nubeqa); ADT",darolutamide,Bayer,,A Study to Compare Darolutamide Given With Androgen Deprivation Therapy (ADT) and Placebo Given With ADT in Men With Hormone Sensitive Prostate Cancer and Raise of Prostate Specific Antigen (PSA) Levels After Local Therapies,Biochemically Recurrent Prostate Cancer,ACTIVE_NOT_RECRUITING,2027-07-30,Radiological progression-free survival (rPFS) by Prostate-specific membrane antigen (PSMA) positron emission tomography/computed tomography (PET/CT) assessed by Blinded independent central review (BICR),
NCT06635824,,ABBIL1TY NSCLC-06,GCT1046-06,2024-512998-27-00; jRCT2051240178; 1010602; NL-OMON57246,Acasunlimab; GEN1046; DuoBody®-PD-L1×4-1BB; Pembrolizumab; Docetaxel,acasunlimab,Genmab,,Trial to Evaluate Acasunlimab and Pembrolizumab Combination Superiority Over Standard of Care Docetaxel in Non-Small Cell Lung Cancer (ABBIL1TY NSCLC-06),"PD-L1-positive, Locally Advanced (Unresectable Stage IIIB/C) or Metastatic NSCLC",ACTIVE_NOT_RECRUITING,2027-07-30,Overall Survival (OS),
NCT04055493,ADAPTcycle,,WSG-AM08 (ADAPTcycle),,Ribociclib 200Mg Oral Tablet; Kisqali,ribociclib,Women's Cancer Study Group GmbH,"Novartis; Genomic Health®, Inc.","Adj. Marker-adjusted Personalized Therapy Comparing ET+Ribociclib vs Chemotherapy in Intermediate Risk, HR+/HER2- EBC",Breast Cancer Female,ACTIVE_NOT_RECRUITING,2027-07-31,invasive disease-free survival (iDFS) | distant disease-free survival (dDFS),
NCT05985798,,,MIIR-13,,Sin-Bev-TACE; Len-TACE,sin-bev-tace,Second Affiliated Hospital of Guangzhou Medical University,"Affiliated Hospital of Guangdong Medical University; Zhongshan People's Hospital, Guangdong, China; Lecong Hospital, Shunde District, Foshan; First People's Hospital of Foshan; Affiliated Cancer Hospital & Institute of Guangzhou Medical University",Sintilimab+Bevacizumab+TACE vs. Lenvatinib+TACE for Advanced HCC,Hepatocellular Carcinoma Non-resectable,RECRUITING,2027-07-31,Overall survival (OS),
NCT06095583,,LS-SCLC,JS004-008-III-SCLC,,Tifcemalimab injection; toripalimab injection,tifcemalimab injection,"Shanghai Junshi Bioscience Co., Ltd.",,Phase 3 Study of Toripalimab Alone or in Combination With Tifcemalimab as Consolidation Therapy in Patients With Limited-stage Small Cell Lung Cancer (LS-SCLC),Limited-stage Small Cell Lung Cancer (LS-SCLC),RECRUITING,2027-07-31,Overall survival (OS) | OS | Progression-free survival (PFS) | Progression-free survival (PFS),
NCT06675214,,,ZDWY.BYAFZZX.074,,Full course of PD-1/PD-L1 blockades; Cisplatin-based induction chemotherapy; Standard-dose IMRT; Gradient Fractionated IMRT; Concurrent Chemotherapy,,Sun Yat-sen University,,"Under Whole-course of Immunotherapy, Gradient Fractionated RT with CCT Versus CFRT with CCT for LANPC Who Achieved PR Post Induction Chemotherapy.",Nasopharyngeal Carcinoma; De-escalation Therapy,RECRUITING,2027-07-31,Progress-Free Survival (PFS),
NCT06908304,,,THIO-104,2024-520164-33-00,6-Thio-2'-Deoxyguanosine; 6-thio-dG; THIO; ateganosine; Cemiplimab; LIBTAYO®; Docetaxel; Taxotere; Docecad; Vinorelbine; Navelbine; Vinorelbine tartrate; Gemcitabine alone; Gemzar,6-thio-2'-deoxyguanosine,Maia Biotechnology,,A Phase III Study With THIO + Cemiplimab vs Chemotherapy as 3rd Line Treatment in Advanced/Metastatic NSCLC,"Carcinoma, Non-Small -Cell Lung",RECRUITING,2027-07-31,Overall Survival,
NCT03576417,NIVOPOSTOP,,GORTEC 2018-01,,Cisplatin; Nivolumab; RT; IMRT,nivolumab,Groupe Oncologie Radiotherapie Tete et Cou,For Drug Consulting; Eurofins,A Trial Evaluating the Addition of Nivolumab to Cisplatin-RT for Treatment of Cancers of the Head and Neck,Squamous Cell Carcinoma of Head and Neck,ACTIVE_NOT_RECRUITING,2027-08,Disease free survival,
NCT04415853,,,PCD-DZ650-20-001,,Lerotinib; Z650; Irinotecan/Tegafur; Irinotecan Hydrochloride Injection/Tegafur Gimeracil Oteracil Potassium Capsule,lerotinib,"Sunshine Lake Pharma Co., Ltd.",,Study of Larotinib in Unresectable Advanced or Recurrent Esophageal Cancer,Esophageal Cancer,RECRUITING,2027-08,Overall survival,
NCT06319456,,,APG2575CC301,,Lisaftoclax (APG-2575); Acalabrutinib; Fludarabine; Cyclophosphamide，CTX; Rituximab; Chlorambucil,lisaftoclax,Ascentage Pharma Group Inc.,,A Study of Lisaftoclax (APG-2575) Combined With Acalabrutinib Versus Immunochemotherapy for Newly Diagnosed CLL/SLL.,CLL/SLL,RECRUITING,2027-08,Progress Free Survival (PFS),
NCT06464991,FUMANBA-03,,CT103AC004,,Equecabtagene Autoleucel Injection; FUCASO; Daratumumab; Pomalidomide; Bortezomib; Dexamethasone,equecabtagene autoleucel injection,"Nanjing IASO Biotechnology Co., Ltd.",,A Phase III Study of Eque-cel in Subjects With Len-refractory RRMM (FUMANBA-03),Multiple Myeloma,RECRUITING,2027-08,Progression-Free Survival (PFS) as assessed by Independent Review Committee (IRC),
NCT06563479,,,24-200,,FMISO-PET Scan; Chemoradiation; Assessments,chemoradiation,Memorial Sloan Kettering Cancer Center,,A Study Comparing Personalized Radiation Therapy With Standard Radiation Therapy in People With HPV-Positive Throat Cancer,HPV-Related Squamous Cell Carcinoma,RECRUITING,2027-08,overall survival,
NCT07024173,,,HRS-8080-303,,HRS-8080 Tablet; Fulvestrant injection; Exemestane tablets; Everolimus Tablets; Anastrozole Tablets; Letrozole Tablets,hrs-8080 tablet,"Shandong Suncadia Medicine Co., Ltd.",,A Phase 3 Study of HRS-8080 Versus Treatment Chosen by Physicians in Locally Advanced and Metastatic Breast Cancer,Locally Advanced Breast Cancer; Metastatic Breast Cancer,RECRUITING,2027-08,Progression free survival (PFS) evaluated by the blinded independent central review (BICR).,
NCT07483684,,,TQB2102-III-03,,TQB2102 Injection; Trifluridine /Tipiracil (TAS-102) tablets / Fruquintinib / Regorafenib tablets,tqb2102 injection,"Chia Tai Tianqing Pharmaceutical Group Nanjing Shunxin Pharmaceutical Co., Ltd.",,"A Clinical Study to Evaluate Injection TQB2102 for the Treatment of Patients With HER2 IHC3+ Advanced Colorectal Cancer Who Progressed After Treatment With Oxaliplatin, Irinotecan and Fluoropyrimidine-Based Drugs",HER2 IHC3+ Advanced Colorectal Cancer,NOT_YET_RECRUITING,2027-08,Progression-Free Survival (PFS) assessed by IRC based on RECIST v1.1,
NCT04973319,,,Shengjing-LCG008,,Pyrotinib; Trastuzumab and pertuzumab; Trastuzumab; pertuzumab,pyrotinib,Shengjing Hospital,,Trastuzumab Combined With Pertuzumab for Adjuvant Treatment of Breast Cancer After Neoadjuvant Therapy,Breast Cancer,NOT_YET_RECRUITING,2027-08-01,Invasive Disease-Free Survival (IDFS),
NCT05496166,,,LungMate-015,,chemotherapy and SHR-1316(Adebrelimab) comnined with surgery or radiotherapy,,"Shanghai Pulmonary Hospital, Shanghai, China","Jiangsu HengRui Medicine Co., Ltd.",The Efficiency of Surgery and Radiotherapy After SHR-1316 (Adebrelimab) and Platinum-containing Doublet Induction Therapy for Limited-stage Small Cell Lung Cancer,Limited Stage Small Cell Lung Cancer,NOT_YET_RECRUITING,2027-08-01,progression-free survival,
NCT05587374,GEMSTONE,,AK104-IIT-019,,Cadonilimab; PD-1/CTLA-4 bi-specific antibody; Gemcitabine; GEM; Cisplatin; DDP; Intensity-modulated radiotherapy; IMRT,cadonilimab,Sun Yat-sen University,"Akeso Pharmaceuticals, Inc.",Cadonilimab (PD-1/CTLA-4 Bispecific Blockade) and Chemoradiotherapy in Nasopharyngeal Carcinoma (GEMSTONE),Nasopharyngeal Carcinoma; Nasopharyngeal Cancer,ACTIVE_NOT_RECRUITING,2027-08-01,Failure-free survival (FFS) in intention-to-treat population | Overall survival (OS) in intention-to-treat population,
NCT05317416,MagnetisMM-7,,C1071007,MagnetisMM-7; 2023-508897-27-00,Elranatamab; Lenalidomide,elranatamab,Pfizer,,Study With Elranatamab Versus Lenalidomide in Patients With Newly Diagnosed Multiple Myeloma After Transplant,Multiple Myeloma,ACTIVE_NOT_RECRUITING,2027-08-04,Progression Free Survival,
NCT07185672,PReCedeNT,PReCedeNT Trial,TMCIEC3258,,Peptide Receptor Radionuclide Therapy with Lu177 DOTATATE; PRRT; Capecitabine plus temozolamide; CAPE-TEM,capecitabine plus temozolamide,Tata Memorial Hospital,,PRRT Versus PRRT Plus Chemotherapy in GEP NET (PReCedeNT Trial),Neuroendocrine Neoplasia's (NENs); Neuroendocrine Tumor GEP Grade 1-3; Neuroendocrine Gastroenteropancreatic Tumour,RECRUITING,2027-08-07,Progression free survival,
NCT06356129,GOLSEEK-1,,CA073-1020,2023-510178-15; U1111-1300-8493,Golcadomide; BMS-986369; CC-99282; Rituximab; Cyclophosphamide; Doxorubicin; Vincristine; Prednisone,golcadomide,Celgene,,Study to Compare the Effectiveness and Safety of Golcadomide Plus R-CHOP vs Placebo Plus R-CHOP in Participants With Previously Untreated High-risk Large B-cell Lymphoma,Large B-cell Lymphoma,ACTIVE_NOT_RECRUITING,2027-08-09,Progression-free survival (PFS) assessed by the Investigator,
NCT06457906,SHARP,SHARP Trial,NCC3982,,Experimental group (SRS/SRT/Hypo-RT); Controled group (HA-WBRT),experimental group,"Cancer Institute and Hospital, Chinese Academy of Medical Sciences",,SRS/SRT/Hypo-RT Versus HA-WBRT for No More Than 10 Brain Metastases in SCLC,Small-cell Lung Cancer; Brain Metastases; SRS; Stereotactic Radiotherapy; Whole Brain Radiotherpay; Hippocampal-avoidance,RECRUITING,2027-08-30,Cognitive function scores | Meadian OS time,
NCT07132684,,,IIT2025095,,Daunorubicin/Idarubicin; Cytarabine; Azacitidine; Venetoclax,,"Institute of Hematology & Blood Diseases Hospital, China",,Comparison of VA and D/IA Induction Regimens in Elderly Fit Acute Myeloid Leukemia Patients,"AML, Adult",RECRUITING,2027-08-30,Overall Survival (OS),
NCT03201861,,,SHPD004,,"Paclitaxel, Cisplatin; Taxol; EC to docetaxel or paclitaxel","paclitaxel, cisplatin",RenJi Hospital,,Addition of Cisplatin to Adjuvant Chemotherapy for Early Stage Breast Cancer in High-Risk Women,Tubular Breast Cancer; Mucinous Breast Cancer; Invasive Duct Carcinoma of Breast,RECRUITING,2027-08-31,Number of Participants With Disease-Free Survival (DFS) Events,
NCT04649489,TALENTOP,,ML42435,,Atezolizumab & Bevacizumab; Bevacizumab; Surgery followed by atezolizumab and bevacizumab; Atezolizumab,,Jia Fan,,"A Study to Evaluate Efficacy and Safety of Hepatic Resection for Liver Cancer With PVTT, HVTT or IVCTT After Initial Ate/Bev",Venous Thrombosis,ACTIVE_NOT_RECRUITING,2027-08-31,TTF,
NCT05062005,,,NCICCRTvCRT,,Induction Chemotherapy; Concurrent Chemotherapy; Definitive Radiotherapy,,"First Affiliated Hospital, Sun Yat-Sen University",,ICCRT vs. CRT for Locally Advanced Nasopharyngeal Carcinoma,Locally Advanced Nasopharyngeal Carcinoma,RECRUITING,2027-08-31,FFS (Failure-free Survival),
NCT05145660,,,NCC-2021C-257,,intensity-modulated radiotherapy (IMRT) with reduced-volume; intensity-modulated radiotherapy; Chemotherapy,,Yi Junlin,,Optimization of Cervical Nodal CTV for Early and Medium Stage NPC,Nasopharyngeal Carcinoma,ACTIVE_NOT_RECRUITING,2027-08-31,Regional-recurrence-free survival,non-inferiority mentioned
NCT05487391,,,QL1706-304,,QL1706 injection; Vinorelbine Tartrate; Paclitaxel; Cisplatin; Carboplatin; Pemetrexed,ql1706 injection,"Qilu Pharmaceutical Co., Ltd.",,A Study of QL1706 Combined With Platinum-containing Chemotherapy in Adjuvant Treatment of Stage II-IIIB Non-small Cell Lung Cancer After Complete Surgical Resection.,"Carcinoma, Non-Small-Cell Lung",RECRUITING,2027-08-31,"Disease-free Survival (DFS) in the PD-L1 ≥1% Population, Assessed by Investigator. | Disease-free Survival (DFS) in the ITT Population, Assessed by Investigator.",
NCT05671510,PRESERVE-003,,PRESERVE-003,2023-505311-20-01,Gotistobart; A humanized anti-CTLA4 IgG1 monoclonal antibody; ONC-392; BNT316; Docetaxel; Docefrez; Taxotere,gotistobart,"OncoC4, Inc.",BioNTech SE,ONC-392 Versus Docetaxel in Metastatic NSCLC That Progressed on PD-1/PD-L1 Inhibitors,Non Small Cell Lung Cancer,ACTIVE_NOT_RECRUITING,2027-08-31,Overall Survival (OS),
NCT05863351,,SOAR,EA8211,NCI-2023-02060; EA8211; U10CA180820,"Computed Tomography; CAT; CAT Scan; Computed Axial Tomography; Computerized Axial Tomography; Computerized Tomography; CT; CT Scan; tomography; Magnetic Resonance Imaging; Magnetic Resonance; Magnetic Resonance Imaging Scan; Medical Imaging, Magnetic Resonance / Nuclear Magnetic Resonance; MR; MR Imaging; MRI; MRI Scan; NMR Imaging; NMRI; Nuclear Magnetic Resonance Imaging; Questionnaire Administration; Stereotactic Ablative Radiotherapy; SABER; SABR/SBRT; Systemic Therapy",,ECOG-ACRIN Cancer Research Group,National Cancer Institute (NCI),"Focused Radiation Versus Systemic Therapy for Kidney Cancer Patients With Limited Metastasis, SOAR Study",Metastatic Renal Cell Carcinoma; Stage IV Renal Cell Cancer AJCC v8,ACTIVE_NOT_RECRUITING,2027-08-31,Overall survival (OS) | Incidence of adverse events (AEs),
NCT06084936,GLOBRYTE,,GO43878,,Obinutuzumab; Glofitamab; Rituximab; Bendamustine; Lenalidomide; Tocilizumab,obinutuzumab,Hoffmann-La Roche,,A Study to Evaluate Glofitamab as a Single Agent vs. Investigator's Choice in Participants With Relapsed/Refractory Mantle Cell Lymphoma,Lymphoma,RECRUITING,2027-08-31,Progression-free survival (PFS),
NCT07443397,,,NCC5213,,Anlotinib; Whole-brain Radiotherapy,anlotinib,"Cancer Institute and Hospital, Chinese Academy of Medical Sciences",,Anlotinib Plus Whole-Brain Radiotherapy for Brain Metastases in SCLC Patients.,Whole-Brain Radiotherapy,RECRUITING,2027-08-31,Intracranial progression-free survival,
NCT00734877,TT4B,S-TT3,103668,,M-VTD-PACE; Melphalan; Velcade; Thalidomide; Dexamethasone; Cisplatin; Adriamycin; Cyclophosphamide; Etoposide; TT3-LITE Regimen (L-TT3); Velcade (bortezomib),tt3-lite regimen,University of Arkansas,"Millennium Pharmaceuticals, Inc.","UARK 2013-13, Total Therapy 4B - Formerly 2008-01 - A Phase III Trial for Low Risk Myeloma",Multiple Myeloma,ACTIVE_NOT_RECRUITING,2027-09,Progression-free survival rate,
NCT01442246,,,AFU-GETUG 20 - UC-0160/1003,2010-022037-29,Leuprorelin Acetate; Eligard®,leuprorelin acetate,UNICANCER,Astellas Pharma Inc,Evaluation of Adjuvant Hormonal Treatment for 24 Months After Radical Prostatectomy in High Risk of Recurrence Patients.,Metastases,ACTIVE_NOT_RECRUITING,2027-09,"The principal criterion is the evaluation of effectiveness in terms of survival without metastases to 10 years, of adjuvant treatment with leuprorelin acetate (Eligard® 45 mg) for 24 months after radical prostatectomy.",
NCT04309409,NivoMela,,CA209-7DL,,Nivolumab; Opdivo,nivolumab,"University Hospital, Essen",,"Adjuvant Nivolumab Treatment in Stage II (IIA, IIB, IIC) High-risk Melanoma",Malignant Melanoma Stage II,ACTIVE_NOT_RECRUITING,2027-09,Relapse-Free Survival (RFS) rates,
NCT04520074,,ACTS-2,FDUSCC-ACTS2,,"Etoposide, Cyclophosphamide, Carboplatin/Cisplatin","etoposide, cyclophosphamide, carboplatin/cisplatin",Fudan University,,Adjuvant Chemotherapy of Three-step Regimen in BRCA1/2 Wide Type Ovarian Cancer (ACTS-2),Ovarian Cancer,RECRUITING,2027-09,Progression-Free-Survival (PFS),
NCT04608318,CLL17,CLL,CLL17,2022-500439-35-00; 2019-003854-99,"Ibrutinib; Imbruvica; Venetoclax; ABT-199, Venclyxto; Obinutuzumab; GA101, Gazyvaro",ibrutinib,German CLL Study Group,"Stichting Hemato-Oncologie voor Volwassenen Nederland; Nordic CLL Study Group (NCLLSG); Swiss Group for Clinical Cancer Research (SAKK); Cancer Trials Ireland; Gruppo Italiano Malattie EMatologiche dell'Adulto; Grupo Español de Leucemia Linfocítica Crónica (GELLC); The Israeli CLL Study Group (ICLLSG); Janssen Pharmaceutica N.V., Belgium; AbbVie; Hoffmann-La Roche",Ibrutinib Monotherapy Versus Fixed-duration Venetoclax Plus Obinutuzumab Versus Fixed-duration Ibrutinib Plus Venetoclax in Patients With Previously Untreated Chronic Lymphocytic Leukaemia (CLL),Chronic Lymphoid Leukemia,ACTIVE_NOT_RECRUITING,2027-09,Investigator-assessed progression-free survival (PFS),
NCT04722848,,,ALL2820,,Ponatinib + Blinatumomab; Chemotherapy + Imatinib,ponatinib + blinatumomab,Gruppo Italiano Malattie EMatologiche dell'Adulto,,Sequential Treatment With Ponatinib and Blinatumomab vs Chemotherapy and Imatinib in Newly Diagnosed Adult Ph+ ALL,"Acute Lymphoblastic Leukemia (Philadelphia Chromosome Positive); ALL, Adult; Philadelphia-Positive ALL",ACTIVE_NOT_RECRUITING,2027-09,Number of patients who are event-free,
NCT05904119,LEGATO,,EORTC-2227-BTG,,Lomustine; Reirradiation,,European Organisation for Research and Treatment of Cancer - EORTC,Swiss Cancer Institute,Lomustine With and Without Reirradiation for First Progression of Glioblastoma: a Randomized Phase III Study,First Progression of Glioblastoma,RECRUITING,2027-09,Overall Survival (OS),
NCT06006117,,,MARSUN,,"Mosunetuzumab (SC); Mosunetuzumab; Rituximab (R); Rituximab; Bendamustine; CHOP (cyclophosphamide, hydroxydaunorubicin [doxorubicin], Oncovin [vincristine], prednisone); CHOP; Lenalidomide",mosunetuzumab,The Lymphoma Academic Research Organisation,,Mosunetuzumab-Lenalidomide Versus Investigator Choices in Patients With Relapsed or Refractory Marginal Zone Lymphoma,Marginal Zone Lymphoma,RECRUITING,2027-09,Progression-free survival (PFS) as determined by investigator,
NCT06382948,ADELA,,MedOPP545,2024-512926-27-00,Everolimus; Zortress; Votubia; RAD001; Certican; Afinitor; Elacestrant; ER-306323; RAD1901; Selective estrogen receptor degrader/selective estrogen receptor modulator (SERD/SERM) RAD1901; Auxiliary Medicinal Product - Dexamethasone; Auxiliary Medicinal Product - Luteinizing hormone-releasing hormone (LHRH) analogues,everolimus,MedSIR,"Stemline Therapeutics, Inc.","Elacestrant + Everolimus in Patients ER+/HER2-, ESR1mut, Advanced Breast Cancer Progressing to ET and CDK4/6i.",Advanced Breast Cancer; ER-positive Breast Cancer; HER2-negative Breast Cancer; ESR1 Gene Mutation,RECRUITING,2027-09,"To demonstrate superiority of elacestrant+everolimus vs. elacestrant+placebo in prolonging PFS based on a BIRC in patients with ER[+]/HER2[-], ESR1-mutated, ABC that have previously received ET+CDK4/6i (all patients).",
NCT06523673,OPPRESS,,OPPRESS,,Stereotactic Body Radiotherapy; SBRT; Stereotactic Ablative Radiotherapy (SABR); second-line systemic therapy; docetaxel-based chemotherapy; albumin-bound paclitaxel-based chemotherapy; immunotherapy,,"Second Affiliated Hospital, Zhejiang University, School of Medicine",,Stereotactic Body Radiotherapy for Oligo-Progression Metastatic Non-Small Cell Lung Cancer,Metastatic Non-Small Cell Lung Cancer; NSCLC Stage IV; OligoProgressive Metastatic Disease,RECRUITING,2027-09,progression-free survival (PFS),
NCT06592326,,,9MW2821-CP302,,9MW2821; Toripalimab; Toripalimab injection; Gemcitabine; Gemcitabine Hydrochloride for Injection; Cisplatin/Carboplatin; Cisplatin for injection/Carboplatin Injection,9mw2821,"Mabwell (Shanghai) Bioscience Co., Ltd.",,9MW2821 in Combination With Toripalimab vs Standard Chemotherapy in Locally Advanced or Metastatic Urothelial Cancer,Urothelial Carcinoma,RECRUITING,2027-09,BICR-PFS | OS,
NCT07181239,,,CM336-021209,,CM336 Injection; Standard Of Care( SOC),cm336 injection,Keymed Biosciences Co.Ltd,,Study of CM336 in Relapsed or Refractory Multiple Myeloma Patients,Multiple Myeloma (MM),NOT_YET_RECRUITING,2027-09,PFS,
NCT07604766,RAINFOL-02,,GCT1184-02 Extension Study,CTR20253987,Rina-S; PRO1184; Rinatabart Sesutecan; GEN1184; Paclitaxel; Topotecan; Pegylated liposomal doxorubicin (PLD); Gemcitabine,rina-s,Genmab,,An Extension Study to Assess the Efficacy of Rina-S Compared to Treatment of Investigator's Choice in Participants With Platinum Resistant Ovarian Cancer in China,Platinum-resistant Ovarian Cancer,RECRUITING,2027-09,Progression-Free Survival (PFS),
NCT03488693,TAILOR RT,,CCTG MA.39,NCI-2017-02047,Radiation; No Radiation,,Canadian Cancer Trials Group,Alliance for Clinical Trials in Oncology; Eastern Cooperative Oncology Group; NRG Oncology; SWOG Cancer Research Network,Regional Radiotherapy in Biomarker Low-Risk Node Positive and T3N0 Breast Cancer,Breast Cancer,ACTIVE_NOT_RECRUITING,2027-09-01,compare the breast cancer recurrence-free interval (BCRFI) between patients that received regional RT or not,
NCT04096066,KRdvsRd,,EMN20,,Carfilzomib; Kyprolis; Lenalidomide; Revlimid; Dexamethasone,carfilzomib,Fondazione EMN Italy Onlus,,A Trial That Compare Two Treatments in Newly Diagnosed Myeloma Patients Not Eligible for Transplant,Multiple Myeloma; New Diagnosis Tumor,ACTIVE_NOT_RECRUITING,2027-09-01,Minimal residual disease (MRD) | Progression-free survival (PFS),
NCT05976568,,,QL1706-308,,QL1706; Bevacizumab; Oxaliplatin injection; Capecitabine; Sintilimab,ql1706,"Qilu Pharmaceutical Co., Ltd.",,A Study of QL1706 in Combination With Bevacizumab and/or Chemotherapy as First-line Treatment in Patients With Advanced Hepatocellular Carcinoma,Hepatocellular Carcinoma,NOT_YET_RECRUITING,2027-09-01,Objective Response Rate (ORR) (Phase II) | Incidence of Adverse Events (AEs) (Phase II) | Overall Survival (OS) (Phase III),
NCT06459687,,,ZKAB001-LEES-2024-01,,Socazolimab+cisplatin/carboplatin+paclitaxel+Bevacizumab,socazolimab+cisplatin/carboplatin+paclitaxel+bevacizumab,Lee's Pharmaceutical Limited,,"Phase III Study of Socazolimab as First-Line Treatment in Persistent, Recurrent, or Metastatic Cervical Cancer",Cervical Cancer,RECRUITING,2027-09-01,Overall survival,
NCT06764485,rechARge,,CA071-1000,2024-517422-25; U1111-1311-0532,BMS-986365; Enzalutamide; Abiraterone; Docetaxel; Predinsone/Prednisolone,bms-986365,Celgene,,A Study to Compare the Efficacy and Safety of BMS-986365 Versus the Investigator's Choice of Therapy in Participants With Metastatic Castration-resistant Prostate Cancer,Metastatic Castration-resistant Prostate Cancer,ACTIVE_NOT_RECRUITING,2027-09-12,Radiographic progression-free survival (rPFS) by blinded independent central review (BICR) using Response Evaluation Criteria in Solid Tumors (RECIST) 1.1 (soft tissue) and Prostate Cancer Clinical Trials Working Group 3 (PCWG3) (bone) criteria,
NCT05629585,,TROPION-Breast03,D926XC00001,2023-505552-22-00; 2022-002680-30,"Dato-DXd; Datopotamab deruxtecan (Dato-DXd, DS-1062a); Durvalumab; MEDI4736; Capecitabine; XELODA®, Capecitabine Cell Pharm, Capecitabine EG, Capecitabine Accord; Pembrolizumab; KEYTRUDA®",dato-dxd,AstraZeneca,"Daiichi Sankyo; SWOG Clinical Trials Partnerships, LLC",A Study of Dato-DXd With or Without Durvalumab Versus Investigator's Choice of Therapy in Patients With Stage I-III Triple-negative Breast Cancer Without Pathological Complete Response Following Neoadjuvant Therapy (TROPION-Breast03),Breast Cancer,ACTIVE_NOT_RECRUITING,2027-09-20,Invasive disease-free survival (iDFS) for Dato-DXd + durvalumab vs. ICT,
NCT06649292,,,SHR-A1904-302,,"SHR-A1904; Paclitaxel, Docetaxel, Irinotecan",shr-a1904,"Shanghai Hengrui Pharmaceutical Co., Ltd.",,SHR-A1904 Compared With Investigator's Choice of Therapy in Claudin18.2 Positive Patitens With Second-line Advanced or Metastatic Gastric or Gastroesophageal Junction Adenocarcinoma,Second-line Advanced or Metastatic Gastric or Gastroesophageal Junction Adenocarcinoma,RECRUITING,2027-09-20,Overall Survival,
NCT06008106,,,HL-085-301,,"tunlametinib; paclitaxel +carboplatin, or temozolomide +cisplatin, or dacarbazine +cisplatin",tunlametinib,"Shanghai Kechow Pharma, Inc.",,Comparing Tunlametinib Capsules and Combination Chemotherapy in Advanced NRAS-mutant Melanoma,Melanoma,RECRUITING,2027-09-22,Progression-free Survival(PFS),
NCT05139017,,MK-2140-003; waveLINE-003,2140-003,VLS-101; MK-2140-003; waveLINE-003; 2022-502646-27-00; U1111-1285-0898; jRCT2011250068,"Zilovertamab vedotin; MK-2140; VLS-101; Rituximab; Rituxan®/mabthera; Truxima® (rituximab-abbs); RUXIENCE®, RIABNI®; Gemcitabine; Gemzar®; Oxaliplatin; Eloxatin®; Bendamustine; Bendeka®; Treanda®; Belrapzo®; Granulocyte Colony-Stimulating Factor (G-CSF)",zilovertamab vedotin,Merck Sharp & Dohme LLC,,A Study of Zilovertamab Vedotin (MK-2140) in Combination With Standard of Care in Participants With Relapsed or Refractory Diffuse Large B-Cell Lymphoma (rrDLBCL) (MK-2140-003),DLBCL; Diffuse Large B-Cell Lymphoma,RECRUITING,2027-09-24,Number of participants who experienced dose-limiting toxicities (DLTs) in Part 1 | Number of participants who experienced an adverse event (AE) | Number of participants who discontinued study treatment due to an AE | Overall survival (OS) | Progression-free survival (PFS),
NCT03793179,,,NCI-2018-03695,NCI-2018-03695; EA5163; U10CA180820,"Biospecimen Collection; Biological Sample Collection; Biospecimen Collected; Sample Collection; Specimen Collection; Carboplatin; Blastocarb; Carboplat; Carboplatin Hexal; Carboplatino; Carboplatinum; Carbosin; Carbosol; Carbotec; CBDCA; Displata; Ercar; JM-8; JM8; Nealorin; Novoplatinum; Paraplatin; Paraplatin AQ; Paraplatine; Platinwas; Ribocarbo; Computed Tomography; CAT; CAT Scan; Computed Axial Tomography; Computerized Axial Tomography; Computerized axial tomography (procedure); Computerized Tomography; Computerized Tomography (CT) scan; CT; CT Scan; Diagnostic CAT Scan; Diagnostic CAT Scan Service Type; tomography; Magnetic Resonance Imaging; Magnetic Resonance; Magnetic Resonance Imaging (MRI); Magnetic resonance imaging (procedure); Magnetic Resonance Imaging Scan; Medical Imaging, Magnetic Resonance / Nuclear Magnetic Resonance; MR; MR Imaging; MRI; MRI Scan; MRIs; NMR Imaging; NMRI; Nuclear Magnetic Resonance Imaging; sMRI; Structural MRI; Pembrolizumab; BCD-201; GME 751; GME751; Keytruda; Lambrolizumab; MK 3475; MK-3475; MK3475; Pembrolizumab Biosimilar BCD-201; Pembrolizumab Biosimilar GME751; Pembrolizumab Biosimilar QL2107; Pembrolizumab Biosimilar RPH-075; Pembrolizumab Biosimilar SB27; QL2107; RPH 075; RPH-075; RPH075; SB 27; SB-27; SB27; SCH 900475; SCH-900475; SCH900475; Pemetrexed; MTA; Multitargeted Antifolate; Pemfexy; Positron Emission Tomography; Medical Imaging, Positron Emission Tomography; PET; PET Scan; Positron emission tomography (procedure); Positron Emission Tomography Scan; Positron-Emission Tomography; PT",,National Cancer Institute (NCI),,Testing the Timing of Pembrolizumab Alone or With Chemotherapy as First Line Treatment and Maintenance in Non-small Cell Lung Cancer,Lung Non-Squamous Non-Small Cell Carcinoma; Stage IIIB Lung Cancer AJCC v8; Stage IIIC Lung Cancer AJCC v8; Stage IV Lung Cancer AJCC v8,ACTIVE_NOT_RECRUITING,2027-09-30,Overall survival (OS),
NCT03914625,,B-LLy,NCI-2019-02187,NCI-2019-02187; AALL1731; U10CA180886,"Asparaginase Erwinia chrysanthemi; Asparaginase Erwinia chrysanthemi (Recombinant)-rywn; Asparaginase Erwinia chrysanthemi, Recombinant-rywn; Asparaginase Erwinia chrysanthemi-rywn; Crisantaspase; Crisantaspase Biobetter JZP-458; Crisantaspasum; Enrylaze; Erwinase; Erwinaze; JZP 458; JZP-458; JZP458; PF743; RC-P JZP-458; Recombinant Asparaginase erwinia chrysanthemi JZP-458; Recombinant Crisantaspase JZP-458; Recombinant Erwinia asparaginase JZP-458; Rylaze; Blinatumomab; AMG 103; AMG-103; AMG103; Anti-CD19 x Anti-CD3 Bispecific Monoclonal Antibody; Anti-CD19/Anti-CD3 Recombinant Bispecific Monoclonal Antibody MT103; Blincyto; MEDI 538; MEDI-538; MEDI538; MT 103; MT-103; MT103; Cyclophosphamide; (-)-Cyclophosphamide; 2H-1,3,2-Oxazaphosphorine, 2-[bis(2-chloroethyl)amino]tetrahydro-, 2-oxide, monohydrate; Asta B 518; B 518; B-518; B518; Carloxan; Ciclofosfamida; Ciclofosfamide; Cicloxal; Clafen; Claphene; CP monohydrate; CTX; CYCLO-cell; Cycloblastin; Cycloblastine; Cyclophospham; Cyclophosphamid monohydrate; Cyclophosphamide Monohydrate; Cyclophosphamidum; Cyclophosphan; Cyclophosphane; Cyclophosphanum; Cyclostin; Cyclostine; Cytophosphan; Cytophosphane; Cytoxan; Fosfaseron; Frindovyx; Genoxal; Genuxal; Ledoxina; Mitoxan; Neosar; Revimmune; Syklofosfamid; WR 138719; WR- 138719; WR-138719; WR138719; Cytarabine; .beta.-Cytosine arabinoside; 1-.beta.-D-Arabinofuranosyl-4-amino-2(1H)pyrimidinone; 1-.beta.-D-Arabinofuranosylcytosine; 1-Beta-D-arabinofuranosyl-4-amino-2(1H)pyrimidinone; 1-Beta-D-arabinofuranosylcytosine; 1.beta.-D-Arabinofuranosylcytosine; 2(1H)-Pyrimidinone, 4-Amino-1-beta-D-arabinofuranosyl-; 2(1H)-Pyrimidinone, 4-amino-1.beta.-D-arabinofuranosyl-; Alexan; Ara-C; ARA-cell; Arabine; Arabinofuranosylcytosine; Arabinosylcytosine; Aracytidine; Aracytin; Aracytine; Beta-Cytosine Arabinoside; CHX-3311; Cytarabinum; Cytarbel; Cytosar; Cytosine Arabinoside; Cytosine-.beta.-arabinoside; Cytosine-beta-arabinoside; Erpalfa; Starasid; Tarabine PFS; U 19920; U-19920; Udicil; WR-28453; Dexamethasone; Aacidexam; Adexone; Aknichthol Dexa; Alba-Dex; Alin; Alin Depot; Alin Oftalmico; Amplidermis; Anemul mono; Auricularum; Auxiloson; Baycadron; Baycuten; Baycuten N; Cortidexason; Cortisumman; Decacort; Decadrol; Decadron; Decadron DP; Decalix; Decameth; Decasone R.p.; Dectancyl; Dekacort; Deltafluorene; Deronil; Desamethasone; Desameton; Dexa-Mamallet; Dexa-Rhinosan; Dexa-Scheroson; Dexa-sine; Dexacortal; Dexacortin; Dexafarma; Dexafluorene; Dexalocal; Dexamecortin; Dexameth; Dexamethasone Intensol; Dexamethasonum; Dexamonozon; Dexapos; Dexinoral; Dexone; Dinormon; Dxevo; Fluorodelta; Fortecortin; Gammacorten; Hemady; Hexadecadrol; Hexadrol; LenaDex; Lokalison-F; Loverine; Methylfluorprednisolone; Millicorten; Mymethasone; Orgadrone; Spersadex; TaperDex; Visumetazone; ZoDex; Doxorubicin Hydrochloride; 5,12-Naphthacenedione, 10-[(3-amino-2,3,6-trideoxy-alpha-L-lyxo-hexopyranosyl)oxy]-7,8, 9,10-tetrahydro-6,8,11-trihydroxy-8-(hydroxyacetyl)-1-methoxy-, hydrochloride, (8S-cis)- (9CI); ADM; Adriacin; Adriamycin; Adriamycin Hydrochloride; Adriamycin PFS; Adriamycin RDF; ADRIAMYCIN, HYDROCHLORIDE; Adriamycine; Adriblastina; Adriblastine; Adrimedac; Chloridrato de Doxorrubicina; DOX; DOXO-CELL; Doxolem; Doxorubicin HCl; Doxorubicin.HCl; Doxorubin; Farmiblastina; FI 106; FI-106; FI106; hydroxydaunorubicin; Rubex; Leucovorin Calcium; Adinepar; Calcifolin; Calcium (6S)-Folinate; Calcium Folinate; Calcium Leucovorin; Calfolex; Calinat; Cehafolin; Citofolin; Citrec; Citrovorum Factor; Cromatonbic Folinico; Dalisol; Disintox; Divical; Ecofol; Emovis; Factor, Citrovorum; Flynoken A; Folaren; Folaxin; FOLI-cell; Foliben; Folidan; Folidar; Folinac; Folinate Calcium; folinic acid; Folinic Acid Calcium Salt Pentahydrate; Folinoral; Folinvit; Foliplus; Folix; Imo; Lederfolat; Lederfolin; Leucosar; leucovorin; Rescufolin; Rescuvolin; Tonofolin; Wellcovorin; Mercaptopurine; 3H-Purine-6-thiol; 6 MP; 6 Thiohypoxanthine; 6 Thiopurine; 6-Mercaptopurine; 6-Mercaptopurine Monohydrate; 6-MP; 6-Purinethiol; 6-Thiopurine; 6-Thioxopurine; 6H-Purine-6-thione, 1,7-dihydro- (9CI); 7-Mercapto-1,3,4,6-tetrazaindene; Alti-Mercaptopurine; Azathiopurine; Bw 57-323H; Flocofil; Ismipur; Leukerin; Leupurin; Mercaleukim; Mercaleukin; Mercaptina; Mercaptopurinum; Mercapurin; Mern; NCI-C04886; Puri-Nethol; Purimethol; Purine, 6-mercapto-; Purine-6-thiol (8CI); Purine-6-thiol, monohydrate; Purinethiol; Purinethol; U-4748; WR-2785; Mercaptopurine Oral Suspension; 6-MP Oral Suspension; Purixan; Xaluprine; Methotrexate; Abitrexate; Alpha-Methopterin; Amethopterin; Brimexate; CL 14377; CL-14377; Emtexate; Emthexat; Emthexate; Farmitrexat; Fauldexato; Folex; Folex PFS; Jylamvo; Lantarel; Ledertrexate; Lumexon; Maxtrex; Medsatrexate; Metex; Methoblastin; Methotrexate LPF; Methotrexate Methylaminopterin; Methotrexatum; Metotrexato; Metrotex; Mexate; Mexate-AQ; MTX; Novatrex; Rheumatrex; Texate; Tremetex; Trexeron; Trixilem; WR-19039; Pegaspargase; L-Asparaginase with Polyethylene Glycol; Oncaspar; Oncaspar-IV; PEG-Asparaginase; PEG-L-Asparaginase; PEG-L-Asparaginase (Enzon - Kyowa Hakko); PEGLA; Polyethylene Glycol L-Asparaginase; Polyethylene Glycol-L-Asparaginase; Prednisolone; (11beta)-11,17,21-Trihydroxypregna-1,4-diene-3,20-dione; .delta.1-Hydrocortisone; Adnisolone; Aprednislon; Capsoid; Cortalone; Cortisolone; Dacortin H; Decaprednil; Decortin H; Delta(1)Hydrocortisone; Delta- Cortef; Delta-Cortef; Delta-Diona; Delta-F; Delta-Phoricol; Delta1-dehydro-hydrocortisone; Deltacortril; Deltahydrocortisone; Deltasolone; Deltidrosol; Dhasolone; Di-Adreson-F; Dontisolon D; Estilsona; Fisopred; Frisolona; Gupisone; Hostacortin H; Hydeltra; Hydeltrasol; Klismacort; Kuhlprednon; Lenisolone; Lepi-Cortinolo; Linola-H N; Linola-H-Fett N; Longiprednil; Metacortandralone; Meti Derm; Meticortelone; Opredsone; Panafcortelone; Precortisyl; Pred-Clysma; Predeltilone; Predni-Coelin; Predni-Helvacort; Prednicortelone; Prednisolonum; Prelone; Prenilone; Sterane; Prednisone; .delta.1-Cortisone; 1, 2-Dehydrocortisone; Adasone; Cortancyl; Dacortin; DeCortin; Decortisyl; Decorton; Delta 1-Cortisone; Delta-Dome; Deltacortene; Deltacortisone; Deltadehydrocortisone; Deltasone; Deltison; Deltra; Econosone; Lisacort; Meprosona-F; Metacortandracin; Meticorten; Ofisolona; Orasone; Panafcort; Panasol-S; Paracort; Perrigo Prednisone; PRED; Predicor; Predicorten; Prednicen-M; Prednicort; Prednidib; Prednilonga; Predniment; Prednisone Intensol; Prednisonum; Prednitone; Promifen; Rayos; Servisone; SK-Prednisone; Radiation Therapy; Cancer Radiotherapy; Energy Type; ENERGY_TYPE; Irradiate; Irradiated; Irradiation; Radiation; Radiation Therapy, NOS; Radiotherapeutics; Radiotherapy; RT; Therapy, Radiation; Thioguanine; 2-Amino 6MP; 2-Amino-1,7-dihydro-6H-purine-6-thione; 2-Amino-6-mercaptopurine; 2-Amino-6-purinethiol; 2-Aminopurin-6-thiol; 2-Aminopurine-6(1H)-thione; 2-Aminopurine-6-thiol; 2-Aminopurine-6-thiol Hemihydrate; 2-Mercapto-6-aminopurine; 6-Amino-2-mercaptopurine; 6-Mercapto-2-aminopurine; 6-Mercaptoguanine; 6-TG; 6H-Purine-6-thione, 2-amino-1,7-dihydro- (9CI); BW 5071; Lanvis; Tabloid; Thioguanine Hemihydrate; Thioguanine Hydrate; Tioguanin; Tioguanine; Wellcome U3B; WR-1141; X 27; Vincristine Sulfate; Kyocristine; Leurocristine Sulfate; Leurocristine, sulfate; Oncovin; Vincasar; Vincosid; Vincrex; Vincristine, sulfate",blinatumomab,National Cancer Institute (NCI),,A Study to Investigate Blinatumomab in Combination With Chemotherapy in Patients With Newly Diagnosed B-Lymphoblastic Leukemia,B Acute Lymphoblastic Leukemia; B Lymphoblastic Lymphoma; Down Syndrome,ACTIVE_NOT_RECRUITING,2027-09-30,Disease free survival (DFS) in randomization eligible patients with higher risk features (SR-High) or standard risk average (SR-Avg) B-ALL patients based on randomization with addition of blinatumomab | DFS in boys in the SR-favorable subset of SR B-ALL with or without Down syndrome (DS),
NCT04628767,,,NCI-2020-09850,NCI-2020-09850; EA8192; U10CA180820,"Biopsy Procedure; Biopsy; BIOPSY_TYPE; Bx; Biospecimen Collection; Biological Sample Collection; Biospecimen Collected; Sample Collection; Specimen Collection; Cisplatin; Abiplatin; Blastolem; Briplatin; CDDP; Cis-diammine-dichloroplatinum; Cis-diamminedichloridoplatinum; Cis-diamminedichloro Platinum (II); Cis-diamminedichloroplatinum; Cis-dichloroammine Platinum (II); Cis-platinous Diamine Dichloride; Cis-platinum; Cis-platinum II; Cis-platinum II Diamine Dichloride; Cismaplat; Cisplatina; Cisplatinum; Cisplatyl; Citoplatino; Citosin; Cysplatyna; DDP; Lederplatin; Metaplatin; Neoplatin; Peyrone's Chloride; Peyrone's Salt; Placis; Plastistil; Platamine; Platiblastin; Platiblastin-S; Platinex; Platinol; Platinol- AQ; Platinol-AQ; Platinol-AQ VHA Plus; Platinoxan; Platinum; Platinum Diamminodichloride; Platiran; Platistin; Platosin; Computed Tomography; CAT; CAT Scan; Computed Axial Tomography; Computerized Axial Tomography; Computerized axial tomography (procedure); Computerized Tomography; Computerized Tomography (CT) scan; CT; CT Scan; Diagnostic CAT Scan; Diagnostic CAT Scan Service Type; tomography; Doxorubicin Hydrochloride; 5,12-Naphthacenedione, 10-[(3-amino-2,3,6-trideoxy-alpha-L-lyxo-hexopyranosyl)oxy]-7,8, 9,10-tetrahydro-6,8,11-trihydroxy-8-(hydroxyacetyl)-1-methoxy-, hydrochloride, (8S-cis)- (9CI); ADM; Adriacin; Adriamycin; Adriamycin Hydrochloride; Adriamycin PFS; Adriamycin RDF; ADRIAMYCIN, HYDROCHLORIDE; Adriamycine; Adriblastina; Adriblastine; Adrimedac; Chloridrato de Doxorrubicina; DOX; DOXO-CELL; Doxolem; Doxorubicin HCl; Doxorubicin.HCl; Doxorubin; Farmiblastina; FI 106; FI-106; FI106; hydroxydaunorubicin; Rubex; Durvalumab; Imfinzi; Immunoglobulin G1, Anti-(Human Protein B7-H1) (Human Monoclonal MEDI4736 Heavy Chain), Disulfide with Human Monoclonal MEDI4736 Kappa-chain, Dimer; MEDI 4736; MEDI-4736; MEDI4736; Gemcitabine Hydrochloride; dFdCyd; Difluorodeoxycytidine Hydrochloride; Gemcitabine HCI; Gemzar; LY 188011; LY-188011; LY188011; Magnetic Resonance Imaging; Magnetic Resonance; Magnetic Resonance Imaging (MRI); Magnetic resonance imaging (procedure); Magnetic Resonance Imaging Scan; Medical Imaging, Magnetic Resonance / Nuclear Magnetic Resonance; MR; MR Imaging; MRI; MRI Scan; MRIs; NMR Imaging; NMRI; Nuclear Magnetic Resonance Imaging; sMRI; Structural MRI; Methotrexate; Abitrexate; Alpha-Methopterin; Amethopterin; Brimexate; CL 14377; CL-14377; Emtexate; Emthexat; Emthexate; Farmitrexat; Fauldexato; Folex; Folex PFS; Jylamvo; Lantarel; Ledertrexate; Lumexon; Maxtrex; Medsatrexate; Metex; Methoblastin; Methotrexate LPF; Methotrexate Methylaminopterin; Methotrexatum; Metotrexato; Metrotex; Mexate; Mexate-AQ; MTX; Novatrex; Rheumatrex; Texate; Tremetex; Trexeron; Trixilem; WR-19039; Pegfilgrastim; Cegfila; Dulastin; Dyrupeg; Filgrastim SD-01; filgrastim-SD/01; Fulphila; Fylnetra; G-Lasta; Grasustek; HSP-130; Jinyouli; Neulasta; Neulastim; Neupopeg; Nyvepria; PEG-filgrastim; Pegcyte; Pegfilgrastim Biosimilar HSP-130; Pegfilgrastim Biosimilar Nyvepria; Pegfilgrastim Biosimilar Pegcyte; Pegfilgrastim Biosimilar PF-06881894; Pegfilgrastim Biosimilar Udenyca; Pegfilgrastim Biosimilar Ziextenzo; Pegfilgrastim-apgf; Pegfilgrastim-bmez; Pegfilgrastim-cbqv; Pegfilgrastim-cegf; Pegfilgrastim-dyru; Pegfilgrastim-fpgk; Pegfilgrastim-gras; Pegfilgrastim-jmdb; Pegfilgrastim-pbbk; Pegfilgrastim-pelg; Pegfilgrastim-pelm; Pegylated G-CSF; Pegylated GCSF; Pegylated Granulocyte Colony Stimulating Factor; Pelgraz; Pelmeg; PF-06881894; SD-01; SD-01 sustained duration G-CSF; Stimufend; Tripegfilgrastim; Udenyca; Ziextenzo; Therapeutic Conventional Surgery; Vinblastine Sulfate; 29060 LE; 29060-LE; Exal; Velban; Velbe; Velsar; VINCALEUKOBLASTINE",durvalumab,National Cancer Institute (NCI),,Testing the Addition of MEDI4736 (Durvalumab) to Chemotherapy Before Surgery for Patients With High-Grade Upper Urinary Tract Cancer,Renal Pelvis and Ureter Urothelial Carcinoma,RECRUITING,2027-09-30,Event-free survival (EFS) (Cisplatin eligible cohort: Arms A and B) | Pathologic complete response (pCR) (Cisplatin ineligible cohort: Arm C),
NCT06613035,,,IIT2024062,,Selinexor; Melphalan; Intravenous Busulfan; Fludarabine,selinexor,"Institute of Hematology & Blood Diseases Hospital, China",,"Twice-per-weekSelinexor, 2 Days Melphalan",Acute Myeloid Leukemia,NOT_YET_RECRUITING,2027-09-30,1-year RFS,
NCT07633873,,,SYS6010-022,,SYS6010 injection; Enlonstobart injection; SG001; Tislelizumab injection; Tevimbra; Paclitaxel+Carboplatin or Pemetrexed + Cisplatin/Carboplatin; TP regimen or AP regimen,sys6010 injection,"CSPC Megalith Biopharmaceutical Co.,Ltd.",,SYS6010 Combined With Enlonstobart Versus Immunotherapy+ Platinum-based Chemotherapy for Patients With PD-L1-Positive Locally Advanced or Metastatic NSCLC（SYNSTAR 04）,Non-Small Cell Lung Cancer,NOT_YET_RECRUITING,2027-09-30,Progression Free Survival (PFS) assessed by IRC,
NCT02215265,PATHOS,,2014/VCC/0014,,Cisplatin; Postoperative radiotherapy,,Lisette Nixon,"UNICANCER; AdventHealth; University of Leipzig; Princess Alexandra Hospital, Brisbane, Australia; Stanford University",Post-operative Adjuvant Treatment for HPV-positive Tumours (PATHOS),Human Papillomavirus (HPV)-Positive Oropharyngeal Cancer,ACTIVE_NOT_RECRUITING,2027-10,MDADI/Overall survival co-primary endpoint,non-inferiority mentioned
NCT05514054,EMBER-4,,18459,J2J-MC-JZLH; 2022-501007-28,Imlunestrant; LY3484356; Tamoxifen; Anastrozole; Letrozole; Exemestane,imlunestrant,Eli Lilly and Company,,A Study of Imlunestrant Versus Standard Endocrine Therapy in Participants With Early Breast Cancer,Breast Neoplasms,ACTIVE_NOT_RECRUITING,2027-10,Invasive Disease-Free Survival (IDFS),
NCT06737822,SurVIC,,2023/5784,,TPF or TPX Regimen (2# ICT) --> Surgery and Adjuvant Treatment; Surgery and Adjuvant Treatment,tpf or tpx regimen --> surgery and adjuvant treatment,"All India Institute of Medical Sciences, Jodhpur","All India Institute of Medical Sciences, Rishikesh; All India Institute of Medical Sciences, Bhubaneswar; All India Institute of Medical Sciences, Bathinda; King George's Medical University; Shri Mahant Indiresh Hospital, Dehradun; Geetanjali Medical College, Udaipur",Upfront Surgery Vs Induction Chemotherapy Followed By Surgery In Oral Cancers:,Oral Cancer; Head and Neck Neoplasms,RECRUITING,2027-10,Disease Free Survival,
NCT06900543,CHEERS,HCC,NRT6003-HCC-2024,CTR20250792,NRT6003 Injection; Yttrium-90 carbon microspheres; cTACE; transarterial chemoembolization,nrt6003 injection,Chengdu New Radiomedicine Technology Co. LTD.,,"Chinese HCC Efficacy Evaluation, Response and Safety Study of TareSphere",Unresectable Hepatocellular Carcinoma,ACTIVE_NOT_RECRUITING,2027-10,Time to Progression (TTP),
NCT07265674,Beacon-BTC,,JPH203-P3-BTC,,"Nanvuranlat; Physician's Best Choice; FOLFOX Regimen (Leucovorin, 5-Flurouracil and Oxaliplatin; FOLFIRI Regimen (Leucovorin, 5-Flurouracil and Irinotecan); Best Supportive Care (BSC)",nanvuranlat,"J-Pharma Co., Ltd.","Uniphar Development, LLC",A Study to Select a Dose Regimen (Part A) and to Investigate Overall Survival (Part B) With Nanvuranlat Compared With Physician's Best Choice in Participants Aged 18 Years or Older With Biliary Tract Cancer,Advanced Biliary Tract Cancer; Biliary Tract Cancer (BTC),RECRUITING,2027-10,Part A: Preliminary Overall Survival (OS) | Part B: Overall Survival,
NCT06047080,,,GO44145,,Glofitamab; Polatuzumab vedotin; Rituximab; Cyclophosphamide; Doxorubicin; Prednisone,glofitamab,Hoffmann-La Roche,,"An Open-Label Study Comparing Glofitamab and Polatuzumab Vedotin + Rituximab, Cyclophosphamide, Doxorubicin, and Prednisone Versus Pola-R-CHP in Previously Untreated Patients With Large B-Cell Lymphoma",Large B-Cell Lymphoma,ACTIVE_NOT_RECRUITING,2027-10-01,Progression-free survival (PFS) as determined by Independent Review Facility (IRF),
NCT07284134,,,JS107-006-III-GC,,JS107 for Injection; Irinotecan; Paclitaxel; Docetaxel,js107 for injection,"Shanghai Junshi Bioscience Co., Ltd.",,JS107 vs Investigator's Choice as Second-line or Later Therapy for Advanced CLDN18.2-Positive Gastricor GEJ Adenocarcinoma.,Advanced Gastric or Gastroesophageal Junction Adenocarcinoma,RECRUITING,2027-10-13,BICR-PFS | Overall Survival,
NCT07044336,,Bluestar-Endometrial01,D6900C00003,GOG-3110; ENGOT-en28,Puxitatug Samrotecan; Puxi-Sam; Doxorubicin; ADRIAMYCIN®; Paclitaxel; TAXOL®,puxitatug samrotecan,AstraZeneca,,Puxitatug Samrotecan (AZD8205) Monotherapy vs Chemotherapy in B7-H4-selected Endometrial Cancer (Bluestar-Endometrial01),Endometrial Cancer; Malignant Solid Tumour,RECRUITING,2027-10-15,Progression Free Survival (PFS) for Arm A vs Arm B | Overall survival (OS) for Arm A vs Arm B,
NCT06112314,PRISM-MEL-301,,IMC-F106C-301,2023-505306-42,Brenetafusp; IMC-F106C; Nivolumab; OPDIVO; Nivolumab + Relatlimab; OPDUALAG,brenetafusp,Immunocore Ltd,,IMC-F106C Regimen Versus Nivolumab Regimens in Previously Untreated Advanced Melanoma (PRISM-MEL-301),Advanced Melanoma,RECRUITING,2027-10-16,Progression-Free Survival (PFS),
NCT04302454,ADOPT,,RT2019-13,,Radiotherapy; MDRT; Metastase-directed radiotherapy; SBRT; Stereotactic body radiotherapy; Leuprorelin; Eligard,leuprorelin,University Medical Center Groningen,Dutch Cancer Society,Androgen Deprivation Therapy for Oligo-recurrent Prostate Cancer in Addition to radioTherapy,Prostate Cancer,ACTIVE_NOT_RECRUITING,2027-10-21,Metastases progression-free survival (MPFS),
NCT04624204,,MK 7339-013/KEYLYNK-013; LS-SCLC,7339-013,MK-7339-013; jRCT2031200296; 2023-504959-27-00; U1111-1290-4870; 2019-003616-31,"Pembrolizumab 200 mg; MK-3475; KEYTRUDA®; Pembrolizumab 400 mg; Olaparib 300 mg BID; MK-7339; LYNPARZA®; Etoposide 100 mg/m^2; Platinum, investigator's choice; Standard Thoracic Radiotherapy; Prophylactic Cranial Irradiation (PCI)",pembrolizumab,Merck Sharp & Dohme LLC,,"Placebo-controlled, Study of Concurrent Chemoradiation Therapy With Pembrolizumab Followed by Pembrolizumab and Olaparib in Newly Diagnosed Treatment-Naïve Limited-Stage Small Cell Lung Cancer (LS-SCLC) (MK 7339-013/KEYLYNK-013)",Small Cell Lung Cancer,ACTIVE_NOT_RECRUITING,2027-10-28,Overall Survival: the time from randomization to death due to any cause,
NCT06452277,SOHO-02,HER2,22615,2024-511319-91-00,Sevabertinib; Pembrolizumab; Cisplatin; Carboplatin; Pemetrexed,sevabertinib,Bayer,,"A Study to Learn More About How Well Sevabertinib Works and How Safe it is Compared With Standard Treatment, in Participants Who Have Advanced Non-small Cell Lung Cancer (NSCLC) With Mutations of the Human Epidermal Growth Factor Receptor 2 (HER2)","Advanced Non-small Cell Lung Cancer, HER2 Mutation",RECRUITING,2027-10-28,Progression free survival (PFS) per RECIST 1.1 as assessed by BICR,
NCT04794777,,,PSMA recidiv,,Individualised therapy; Standard salvage therapy,individualised therapy,Stefan Carlsson,,"Comparing ""Salvage"" Radiotherapy and Individualized PSMA PET/CT Targeted Treatment in With Relapsing Prostate Cancer",Prostate Cancer,RECRUITING,2027-10-30,Primary PSA progression free survival,
NCT06612814,,,SCHBCC-N080,,Fluzoparib; Dalpiciclib; Fulvestrant/AI,fluzoparib,Zhimin Shao,First Hospital of China Medical University; Sun Yat-sen University; Chongqing University Cancer Hospital; Fujian Medical University Union Hospital; Ningbo Medical Center Lihuili Hospital; Shanghai First Maternity and Infant Hospital; Affiliated Hospital of Nantong University; Peking University Cancer Hospital & Institute; First Affiliated Hospital Xi'an Jiaotong University; Liaoning Cancer Hospital & Institute; Northern Jiangsu People's Hospital; Shanghai 6th People's Hospital,PARP Inhibitor With CDK4/ 6 Inhibitor and Endocrine Therapy in HR+/ HER2-Advanced Breast Cancer,Breast Cancer Metastatic,ACTIVE_NOT_RECRUITING,2027-10-30,PFS,
NCT05256225,,,NCI-2022-01540,NCI-2022-01540; NRG-GY026; U10CA180868,"Biospecimen Collection; Biological Sample Collection; Biospecimen Collected; Sample Collection; Specimen Collection; Carboplatin; Blastocarb; Carboplat; Carboplatin Hexal; Carboplatino; Carboplatinum; Carbosin; Carbosol; Carbotec; CBDCA; Displata; Ercar; JM-8; JM8; Nealorin; Novoplatinum; Paraplatin; Paraplatin AQ; Paraplatine; Platinwas; Ribocarbo; Computed Tomography; CAT; CAT Scan; Computed Axial Tomography; Computerized Axial Tomography; Computerized axial tomography (procedure); Computerized Tomography; Computerized Tomography (CT) scan; CT; CT Scan; Diagnostic CAT Scan; Diagnostic CAT Scan Service Type; tomography; Echocardiography Test; EC; Echocardiography; High-Dose-Rate Vaginal Cuff Brachytherapy; HDR-VCB; Hyaluronidase-zzxf/Pertuzumab/Trastuzumab; Pertuzumab and Trastuzumab hyaluronidase; Pertuzumab, Trastuzumab, and Hyaluronidase-zzxf; Pertuzumab/Trastuzumab/Hyaluronidase-zzxf; Phesgo; Multigated Acquisition Scan; Blood Pool Scan; Equilibrium Radionuclide Angiography; Gated Blood Pool Imaging; MUGA; Radionuclide Ventriculography; RNVG; SYMA Scanning; Synchronized Multigated Acquisition Scanning; Paclitaxel; Anzatax; Asotax; Bristaxol; Praxel; Taxol; Taxol Konzentrat; Survey Administration; Trastuzumab/Hyaluronidase-oysk; Herceptin Hylecta; Trastuzumab and Hyaluronidase; Trastuzumab and Hyaluronidase-oysk; Trastuzumab and Recombinant Human Hyaluronidase PH20; Trastuzumab and rHuPH20; Trastuzumab-Hyaluronidase-oysk",hyaluronidase-zzxf/pertuzumab/trastuzumab,National Cancer Institute (NCI),NRG Oncology,Testing the Addition of Herceptin Hylecta or Phesgo to the Usual Chemotherapy for HER2 Positive Endometrial Serous Carcinoma or Carcinosarcoma,Endometrial Carcinoma; Endometrial Clear Cell Adenocarcinoma; Endometrial Dedifferentiated Carcinoma; Endometrial Endometrioid Adenocarcinoma; Endometrial Mixed Cell Adenocarcinoma; Endometrial Serous Adenocarcinoma; Endometrial Undifferentiated Carcinoma; Uterine Corpus Malignant Mixed Mesodermal (Mullerian) Tumor,ACTIVE_NOT_RECRUITING,2027-10-31,Progression free survival | Overall survival | Incidence of dose limiting toxicities,
NCT06203600,,PARAMUNE,NCI-2023-11064,NCI-2023-11064; S2303; U10CA180888,"Biospecimen Collection; Biological Sample Collection; Biospecimen Collected; Sample Collection; Specimen Collection; Computed Tomography; CAT; CAT Scan; Computed Axial Tomography; Computerized Axial Tomography; Computerized axial tomography (procedure); Computerized Tomography; Computerized Tomography (CT) scan; CT; CT Scan; Diagnostic CAT Scan; Diagnostic CAT Scan Service Type; tomography; Magnetic Resonance Imaging; Magnetic Resonance; Magnetic Resonance Imaging (MRI); Magnetic resonance imaging (procedure); Magnetic Resonance Imaging Scan; Medical Imaging, Magnetic Resonance / Nuclear Magnetic Resonance; MR; MR Imaging; MRI; MRI Scan; MRIs; NMR Imaging; NMRI; Nuclear Magnetic Resonance Imaging; sMRI; Structural MRI; Nivolumab; ABP 206; BCD-263; BMS 936558; BMS-936558; BMS936558; CMAB819; MDX 1106; MDX-1106; MDX1106; NIVO; Nivolumab Biosimilar ABP 206; Nivolumab Biosimilar BCD-263; Nivolumab Biosimilar CMAB819; ONO 4538; ONO-4538; ONO4538; Opdivo; Paclitaxel; Anzatax; Asotax; Bristaxol; Praxel; Taxol; Taxol Konzentrat; Questionnaire Administration; Ramucirumab; Anti-VEGFR-2 Fully Human Monoclonal Antibody IMC-1121B; Cyramza; IMC 1121B; IMC-1121B; IMC1121B; LY 3009806; LY-3009806; LY3009806; Monoclonal Antibody HGS-ETR2",nivolumab,National Cancer Institute (NCI),,"Adding Nivolumab to Usual Treatment for People With Advanced Stomach or Esophageal Cancer, PARAMUNE Trial",Advanced Esophageal Adenocarcinoma; Advanced Gastric Adenocarcinoma; Advanced Gastroesophageal Junction Adenocarcinoma; Clinical Stage II Esophageal Adenocarcinoma AJCC v8; Clinical Stage III Esophageal Adenocarcinoma AJCC v8; Clinical Stage III Gastric Cancer AJCC v8; Clinical Stage III Gastroesophageal Junction Adenocarcinoma AJCC v8; Clinical Stage IV Esophageal Adenocarcinoma AJCC v8; Clinical Stage IV Gastric Cancer AJCC v8; Clinical Stage IV Gastroesophageal Junction Adenocarcinoma AJCC v8; Metastatic Esophageal Adenocarcinoma; Metastatic Gastric Adenocarcinoma; Metastatic Gastroesophageal Junction Adenocarcinoma; Unresectable Esophageal Adenocarcinoma; Unresectable Gastric Adenocarcinoma; Unresectable Gastroesophageal Junction Adenocarcinoma,RECRUITING,2027-10-31,Progression free survival (PFS) (Phase II) | Overall survival (OS) (Phase III),
NCT07109531,,,ASKC202-301,,ASKC202+ Limertinib; Pemetrexed + Cisplatin /Carboplatin,askc202+ limertinib,"Jiangsu Aosaikang Pharmaceutical Co., Ltd.",,ASKC202 Combined With Limertinib Versus Platinum-based Chemotherapy in Treatment of Locally Advanced or Metastatic NSCLC With MET Amplification/Overexpression After Failure of EGFR-TKI Therapy,Locally Advanced or Metastatic NSCLC,RECRUITING,2027-10-31,Progression-Free Survival (PFS) by BIRC,
NCT07154368,,,JYP0322M302,,Pemetrexed injection; Cross-over to JYP0322; JYP0322 tablets,pemetrexed injection,"Guangzhou JOYO Pharma Co., Ltd",,JYP0322 Versus Platinum Based Doublet Chemotherapy in ROS1 Positive Patients Previously Treated With ROS1-TKIs.,Non Small Cell Lung Cancer,NOT_YET_RECRUITING,2027-10-31,Progression Free Survival (PFS) by BICR Assessment,
NCT02659293,,,IRB15-1286,,Lenalidomide; Revlimid; Carfilzomib; Kyprolis; Dexamethasone; Lenalidomide (Control),lenalidomide,University of Chicago,,"Trial of Carfilzomib, Lenalidomide, Dexamethasone Versus Lenalidomide Alone After Stem-cell Transplant for Multiple Myeloma",Multiple Myeloma,ACTIVE_NOT_RECRUITING,2027-11,Progression free survival rates in participants receiving drug combination,
NCT04662255,BRUIN-MCL-321,MCL; BRUIN MCL-321,18072,J2N-OX-JZNM; LOXO-BTK-20019,Pirtobrutinib; LOXO-305; LY3527727; Ibrutinib; Imbruvica; Acalabrutinib; Calquence; Zanubrutinib; Brukinsa,pirtobrutinib,"Loxo Oncology, Inc.",Eli Lilly and Company,Study of BTK Inhibitor LOXO-305 Versus Approved BTK Inhibitor Drugs in Patients With Mantle Cell Lymphoma (MCL),"Lymphoma, Mantle-Cell",ACTIVE_NOT_RECRUITING,2027-11,To compare progression-free survival (PFS) of pirtobrutinib as monotherapy (Arm A) to investigator choice of covalent BTK inhibitor monotherapy (Arm B) in patients with previously treated mantle cell lymphoma (MCL),
NCT05008809,,FIRE-9 - PORT / AIO-KRK-0418,FIRE-9 - PORT,AIO-KRK-0418; 2020-006144-18,"mFOLFOX6; Folinic acid, Oxaliplatin, 5-fluorouracil (FU); mFOLFOXIRI; Folinic acid, Oxaliplatin, 5-FU, Irinotecan; FOLFIRI; Folinic acid, 5-FU; CAPOX; Capecitaine, Oxaliplatin",mfolfox6,Dominik Paul Modest,German Research Foundation; Institut für Klinische Krebsforschung IKF GmbH at Krankenhaus Nordwest,Post-resection/Ablation Chemotherapy in Patients With Metastatic Colorectal Cancer (FIRE-9 - PORT / AIO-KRK-0418),Colorectal Cancer,RECRUITING,2027-11,Progression-free survival (PFS) time,
NCT06119581,SUNRAY-01,,18612,J3M-MC-JZQB; U1111-1288-0565; 2023-503412-33-00,LY3537982; Olomorasib; Pembrolizumab; Cisplatin; Carboplatin; Pemetrexed,ly3537982,Eli Lilly and Company,,A Study of First-Line Olomorasib (LY3537982) and Pembrolizumab With or Without Chemotherapy in Patients With Advanced KRAS G12C-Mutant Non-small Cell Lung Cancer,"Carcinoma, Non-Small-Cell Lung; Neoplasm Metastasis",RECRUITING,2027-11,Dose Optimization and Safety Lead-In Part B: Number of Participants with a Treatment Emergent Adverse Event(s) (TEAE) | Part A and Part B: Progression-Free Survival (PFS),
NCT06561048,,,CPI-818-004,,Soquelitinib; CPI-818; Belinostat; Beleodaq®; Pralatrexate; Folotyn®,soquelitinib,"Corvus Pharmaceuticals, Inc.",,"Soquelitinib vs Standard of Care in Participants With Relapsed/Refractory Peripheral T-cell Lymphoma Not Otherwise Specified, Follicular Helper T-cell Lymphomas, or Systemic Anaplastic Large-cell Lymphoma","Peripheral T-Cell Lymphoma, Not Otherwise Specified; Angioimmunoblastic T-cell Lymphoma; Follicular T-Cell Lymphoma; Nodal Peripheral T-Cell Lymphoma With TFH Phenotype; Systemic Anaplastic Large Cell Lymphoma; Lymphoma, T-Cell, Peripheral; Lymphoma, T-Cell",RECRUITING,2027-11,Progression-free survival,
NCT07570823,,,SCTB35-B301,,SCTB35 injection; Rituxumab; Gemcitabine; Oxaliplatin,sctb35 injection,Sinocelltech Ltd.,,A Study to Evaluate the Safety and Efficacy of SCTB35 in Combination With Gemcitabine and Oxaliplatin in Patients With Relapsed or Refractory Diffuse Large B-Cell Lymphoma,DLBCL - Diffuse Large B Cell Lymphoma,RECRUITING,2027-11,Adverse Events | Progression free survival (PFS),
NCT04862663,CAPItello-292,,D361DC00001,2020-004637-20,Capivasertib; Fulvestrant; Palbociclib; Ribociclib; Abemaciclib,capivasertib,AstraZeneca,,Capivasertib + CDK4/6i + Fulvestrant for Advanced/Metastatic HR+/HER2- Breast Cancer (CAPItello-292),Locally Advanced (Inoperable) or Metastatic Breast Cancer,ACTIVE_NOT_RECRUITING,2027-11-01,"Phase Ib: 1. The number of participants with dose-limiting toxicity, as defined in the protocol. | Phase Ib: 2. The number of participants with treatment-related adverse events. | Phase Ib: 3. The number of participants with treatment-related serious adverse events. | Phase III: 1. Progression Free Survival (PFS).",
NCT05687266,AVANZAR,,D926NC00001,2021-004606-21,"Datopotamab deruxtecan; Dato-DXd, Datroway; Durvalumab; MEDI4736, Imfinzi; Carboplatin; Pembrolizumab; Cisplatin; Pemetrexed; Paclitaxel",datopotamab deruxtecan,AstraZeneca,,"Phase III, Open-label, First-line Study of Dato-DXd in Combination With Durvalumab and Carboplatin for Advanced NSCLC Without Actionable Genomic Alterations",NSCLC,ACTIVE_NOT_RECRUITING,2027-11-01,Progression-Free Survival (PFS) by blinded independent central review (BICR) in the non-squamous TROP2 biomarker positive population | Overall Survival (OS) in the non-squamous TROP2 biomarker positive population | PFS by BICR in the non-squamous population | OS in the non-squamous population,
NCT06520683,SMALLER,,2024-FXY-219,,Tislelizumab; Tislelizumab (Tevimbra); Adjuvant chemotherapy,tislelizumab,Sun Yat-sen University,BeiGene,Adjuvant PD-1 Blockade for High-risk Stage-II DMMR/MSI-H Colorectal Cancer,Colorectal Cancer; Microsatellite Instability High,RECRUITING,2027-11-01,Disease-free survival (DFS),
NCT07099898,,SCLC,223674,2025-521627-78-00,Risvutatug rezetecan (Ris-Rez); Topotecan,risvutatug rezetecan,GlaxoSmithKline,,A Study of GSK5764227 in Participants With Relapsed Small Cell Lung Cancer (SCLC) [EMBOLD SCLC-301],"Neoplasms, Lung",RECRUITING,2027-11-05,Overall Survival (OS),
NCT04975997,EXCALIBER-RRMM,RRMM,CC-220-MM-002,U1111-1260-2872; 2020-000431-49,Dexamethasone; Daratumumab; DARZALEX FASPRO; Bortezomib; Iberdomide; CC-220; BMS-986382,daratumumab,Celgene,,"Open-label Study Comparing Iberdomide, Daratumumab and Dexamethasone (IberDd) Versus Daratumumab, Bortezomib, and Dexamethasone (DVd) in Participants With Relapsed or Refractory Multiple Myeloma (RRMM)",Multiple Myeloma,ACTIVE_NOT_RECRUITING,2027-11-16,Progression-free Survival (PFS) | Minimal Residual Disease (MRD) negative Complete Response (CR) at any time,
NCT06581380,,,JK-1201I-301,,JK-1201I; Topotecan,jk-1201i,"JenKem Technology Co., Ltd.",,JK-1201I Compared with Topotecan in Patients with Relapsed Extensive Stage Small Cell Lung Cancer,Small Cell Lung Cancer,NOT_YET_RECRUITING,2027-11-16,Overall survival (OS),
NCT07225946,KLK2-PASenger,,78278343PCR3003,2025-522713-29-00,Pasritamig; JNJ-78278343; Docetaxel; Prednisone/Prednisolone,pasritamig,"Janssen Research & Development, LLC",,A Study of Pasritamig With Docetaxel Versus Docetaxel in Participants With Metastatic Castration-Resistant Prostate Cancer,"Prostatic Neoplasms, Castration-Resistant",RECRUITING,2027-11-19,Radiographic Progression-Free Survival (rPFS) by computed tomography (CT)/magnetic resonance imaging (MRI) or bone scan Assessed by Blinded Independent Central Review (BICR),
NCT06669611,,,SYSKY-2024-869-01,,"Camrelizumab combined GP chemotherapy; Camrelizumab, cisplatin and gemcitabine; Camrelizumab combined TPC chemotherapy; camrelizumab plus nab-TPC chemotherapy, nab-paclitaxel, cisplatin and capecitabine",camrelizumab combined tpc chemotherapy,Sun Yat-sen University,,Nab-TPC vs GP Combined With Camrelizumab in the Treatment of Recurrent/Metastatic Nasopharyngeal Carcinoma,Nasopharyngeal Cancinoma (NPC),RECRUITING,2027-11-20,Progression-Free Survival,
NCT06079671,eVOLVECervical,eVOLVE-Cervical,D7984C00002,GOG-3092; ENGOT-cx19/GEICO; 165663; 2023-504374-38-00,Volrustomig; Saline,volrustomig,AstraZeneca,Gynecologic Oncology Group Foundation; European Network of Gynaecological Oncological Trial Groups (ENGOT),Study of Volrustomig in Women With High Risk Locally Advanced Cervical Cancer (eVOLVE-Cervical),Locally Advanced Cervical Cancer,RECRUITING,2027-11-26,Progression-free Survival (PFS) based on the investigator assessment in all randomized participants (FAS),
NCT05586074,,,HEC73543-AML-301,,"Clifutinib; HEC73543; LoDAC; Low Dose Cytarabine; Azacitidine; Decitabine; Ara-C±IDA; Cytarabine, Idarubicin; FLAG-IDA; Granulocyte-Colony Stimulating Factor (G-CSF), Fludarabine, Cytarabine, Idarubicin",clifutinib,"Sunshine Lake Pharma Co., Ltd.",,HEC73543 Versus Salvage Chemotherapy in R/R FLT3-ITD AML,"Leukemia, Acute Myeloid (AML)",RECRUITING,2027-11-30,OS | CR/CRh rate,
NCT06526624,,,HS-20093-302,,HS-20093,hs-20093,Hansoh BioMedical R&D Company,,A Study of HS-20093 vs Active Surveillance in Limited-Stage Small Cell Lung Cancer,Limited-stage Small-cell Lung Cancer,NOT_YET_RECRUITING,2027-11-30,Progression-free survival (PFS) According to RECIST v1.1 by Independent Review Committee (IRC) | Overall survival (OS),
NCT07234162,,JACKPOT19,DZ2022J0004,,Golidocitinib; Chidamide; Gemcitabine,golidocitinib,Dizal Pharmaceuticals,,A Phase 3 Multinational Study of Golidocitinib Versus Investigator's Choice in r/r PTCL (JACKPOT19),Peripheral T-cell Lymphoma,RECRUITING,2027-11-30,Progression-free survival (PFS) assessed by the Independent Review Committee (IRC) according to Lugano 2014,
NCT07260435,Apa/Enza-short,,EU CT 2023-506698-36,,ADT plus only 12 months of ARPI; ADT plus continued ARPI,adt plus only 12 months of arpi,Nick Beije,Stichting Treatmeds,Apa/Enza-short Study: Shorter Treatment With Androgen Receptor Pathway Inhibitor in Patients With Low-volume Metastatic Castration-sensitive Prostate Cancer,Prostate Cancer,RECRUITING,2027-11-30,Time to clinical progression free survival (cPFS) in both arms.,non-inferiority mentioned
NCT07384377,,,JSKN003-005,,"JSKN003; Physician choiced treatment, include: TAS-102, Regorafenib, Fruquintinib.",,Shanghai JMT-Bio Inc.,,"JSKN003 Versus Physician Choiced Treatment in Patients With HER2-positive and Advanced Colorectal Cancer Who Had Failed to Respond to Oxaliplatin, 5-Fu, and Irinotecan",HER2-positive Colorectal Cancer,NOT_YET_RECRUITING,2027-11-30,Progressive Free Survive (PFS) assessed by Independent Review Committee,
NCT02301286,ASPIRIN,,P14.152,,Acetylsalicylic acid; Aspirin,acetylsalicylic acid,Leiden University,Stichting voor Patienten met Kanker aan het Spijsverteringskanaal (SPKS); Dutch Colorectal Cancer Group; Stichting Geriatrische Oncologie Nederland (GeriOnNe); Fonds NutsOhra; Innovatiefonds Zorgverzekeraars,A Trial of Aspirin on Recurrence and Survival in Colon Cancer Patients,Colon Cancer; Adjuvant Therapy,ACTIVE_NOT_RECRUITING,2027-12,5 year overall survival,
NCT02999087,REACH,,GORTEC 2017-01,,Cetuximab; avelumab; Cisplatin; IMRT,avelumab,Groupe Oncologie Radiotherapie Tete et Cou,UNICANCER,Randomized Trial of Avelumab-cetuximab-radiotherapy Versus SOCs in LA SCCHN (REACH),HNSCC,ACTIVE_NOT_RECRUITING,2027-12,Progression free survival,
NCT03016819,APROMISS,,AL3818-US-004,,AL3818; Catequentenib; Anlotinib; Dacarbazine; DTIC; Midazolam 2 mg for CYP3A4 phenotyping; Digoxin (0.25mg); Rosuvastatin 10 mg tablet.,,"Advenchen Laboratories, LLC",,"Phase III Trial of Anlotinib, Catequentinib in Advanced Alveolar Soft Part Sarcoma, Leiomyosarcoma, Synovial Sarcoma (APROMISS)",Alveolar Soft Part Sarcoma; Leiomyosarcoma; Synovial Sarcoma; Soft-Tissue Sarcoma,RECRUITING,2027-12,Objective Response Rate (ORR) (ASPS) | Progression Free Survival (PFS) (LMS/SS) | Assess the ECG and the PK parameters of catequentinib hydrocoloride in probe substance (Indication E),
NCT03567889,NeoDREAM,,PH-L19IL2TNF-01/18,2023-507119-36-00,Daromun; Surgery; Adjuvant therapy,daromun,Philogen S.p.A.,,Efficacy of Daromun Neoadjuvant Intratumoral Treatment in Clinical Stage IIIB/C/D Melanoma Patients,Melanoma Stage IIIB; Melanoma Stage IIIC; Melanoma Stage IIID,RECRUITING,2027-12,Recurrence Free Survival (RFS),
NCT04136886,IMRT,,B2019-070-01,,Cisplatin; IMRT,,Sun Yat-sen University,JiangXi Province Tumor Hospital; Fujian Province Tumor Hospital; SiChuan Province Tumor Hospital; Hunan Province Tumor Hospital; YuNan Province Tumor Hospital; GuiZhou Province Tumor Hospital; Hainan Cancer Hospital; Tongji Hospital; Second Affiliated Hospital of Nanchang University; Wuhan University; First Hospital of FoShan City,Concurrent Chemotherapy for Recurrent T3/T4 Nasopharyngeal Carcinoma,Nasopharyngeal Carcinoma,RECRUITING,2027-12,Overall survival,
NCT04574960,NAUTICAL,,20-5149,,Gemcitabine; Gemzar; Cisplatin; Platinol; Carboplatin; Paraplatin,,"University Health Network, Toronto",Bladder Cancer Canada,Neoadjuvant Upper Tract Invasive Cancer Trial (NAUTICAL),Bladder Cancer; Bladder Urothelial Carcinoma,RECRUITING,2027-12,Feasibility of enrolling cT1-4N0 M0 UTUC patients in a randomized trial of neoadjuvant chemotherapy versus standard of care by assessing pilot trial recruitment rates | Disease-free survival (DFS) | Rate of complete pathologic response,
NCT05077215,,,HPC-EG-007-3.1,,EG-007; Pembrolizumab 100 mg/ 4 ml (25 mg/ml) Injection; Lenvatinib Capsules,eg-007,"Evergreen Therapeutics, Inc.",,Efficacy and Safety of a Repurposed Drug Added to the Combination of Len Plus Pem in Advanced Endometrial Cancer,Advanced Endometrial Cancer,NOT_YET_RECRUITING,2027-12,Progression-free survival (PFS),
NCT05294172,,,KL-A167-III-08,,KL-A167; Gemcitabine; Gemcitabine Hydrochloride for Injection; Cisplatin; Cisplatin injection,kl-a167,"Sichuan Kelun-Biotech Biopharmaceutical Co., Ltd.",,KL-A167 Injection Combined With Cisplatin and Gemcitabine vs Placebo Combined With Cisplatin and Gemcitabine in the Treatment of Recurrent or Metastatic Nasopharyngeal Carcinoma,Nasopharyngeal Carcinoma; Recurrent or Metastatic,ACTIVE_NOT_RECRUITING,2027-12,Progression-free survival (PFS),
NCT05734105,INSIGHT,,DCC-2618-03-003,2022-503058-37-00,"Ripretinib; QINLOCK, DCC-2618; Sunitinib; Sutent",ripretinib,"Deciphera Pharmaceuticals, LLC",,A Study of Ripretinib vs Sunitinib in Patients With Advanced GIST With Specific KIT Exon Mutations Who Were Previously Treated With Imatinib,GIST,ACTIVE_NOT_RECRUITING,2027-12,Progression-free Survival (PFS),
NCT05751512,,RM-SCCHN,MRG003-010,,MRG003; Cetuximab injection; Methotrexate Injection,mrg003,"Lepu Biopharma Co., Ltd.",,A Study to Evaluate MRG003 vs Cetuximab/Methotrexate in in the Treatment of Patients With RM-SCCHN,Squamous Cell Carcinoma of the Head and Neck,RECRUITING,2027-12,Overall Survival (OS),
NCT05941741,,,Low-dose RT in NPC,,Intensity Modulated Radiation Therapy; IMRT; Chemotherapy; Induction chemotherapy; Concurrent chemotherapy; Gemcitabine; Cisplatin; Immune checkpoint inhibitor; Cadonilimab; AK104; PD-1/CTLA-4 inhibitor; Low-dose radiotherapy,immune checkpoint inhibitor,Sun Yat-sen University,,IC Plus Low-dose Radiation Plus Cadonilimab in LANPC,Nasopharyngeal Carcinoma; Immune Checkpoint Inhibitor; Radiotherapy; Chemotherapy,RECRUITING,2027-12,Progression free survival,
NCT06072612,BRIA-ABC,,BC-IMT-04,,SV-BR-1-GM; Part of the Bria-IMT regimen; Cyclophosphamide; Interferon infiltration of the inoculation site; Retifanlimab; Treatment of Physician's Choice,sv-br-1-gm,BriaCell Therapeutics Corporation,,Study of the Bria-IMT Regimen and CPI vs Physicians' Choice in Advanced Metastatic Breast Cancer.,Breast Cancer; Metastatic Breast Cancer; Breast Neoplasm; Breast Cancer Metastatic; End Stage Cancer,RECRUITING,2027-12,Overall Survival,
NCT06158841,CERVINO,,M22-574,2023-506668-15-00,Etentamig; ABBV-383; Carfilzomib; Pomalidomide; Elotuzumab; Selinexor; Bortezomib; Dexamethasone,etentamig,AbbVie,,Study Assessing Activity of Intravenous (IV) Etentamig Monotherapy Versus Standard Available Therapies in Adult Participants With Relapsed or Refractory Multiple Myeloma,Multiple Myeloma,ACTIVE_NOT_RECRUITING,2027-12,Progression Free Survival (PFS) | Objective Response Rate (ORR),
NCT06263231,INVINCIBLE-3,,IT-03,,INT230-6; Eribulin; Trabectedin; Pazopanib,int230-6,"Intensity Therapeutics, Inc.",Premier Research,A Study to Investigate Efficacy & Safety of Intratumoral INT230-6 Compared to US Standard of Care in Adults With Soft Tissue Sarcomas (INVINCIBLE-3),"Sarcoma,Soft Tissue",RECRUITING,2027-12,Overall Survival (OS),
NCT06388733,,,IVY P3-24-021,,Niraparib; Zejula; Temozolomide; Temodar; TMZ,niraparib,Ivy Brain Tumor Center,GlaxoSmithKline,"A Study Comparing Niraparib With Temozolomide in Adult Participants With Newly-diagnosed, MGMT Unmethylated Glioblastoma","Glioblastoma; GBM; Brain Neoplasms, Adult, Malignant; Brain Tumor",ACTIVE_NOT_RECRUITING,2027-12,Overall survival,
NCT06475599,,,TQB2450-III-13,,Anlotinib hydrochloride capsule + TQB2450 injection; Chemotherapy drug,anlotinib hydrochloride capsule + tqb2450 injection,"Chia Tai Tianqing Pharmaceutical Group Co., Ltd.",,Anlotinib Hydrochloride Capsules Combined With TQB2450 in the Treatment of Endometrial Cancer,Endometrial Cancer,NOT_YET_RECRUITING,2027-12,Progression-free survival (PFS) assessed by independent imaging review committee (IRC),
NCT06520345,,ProstACT Global,177Lu-TLX591-203,,177Lu-TLX591; Lutetium (177Lu) rosopatamab tetraxetan; Enzalutamide; Abiraterone; Docetaxel,177lu-tlx591,Telix Pharmaceuticals (Innovations) Pty Limited,,The Study of 177Lu-TLX591 Plus SOC Versus SOC Alone in Patients With mCRPC (ProstACT Global),Metastatic Castration-resistant Prostate Cancer,RECRUITING,2027-12,Radiographic Progression-free Survival,
NCT06956001,,,ALSC013AST2818,,Firmonertinib Mesilate Tablets; Pemetrexed Disodium for Injection; Cisplatin for injection; Carboplatin Injection,firmonertinib mesilate tablets,"Allist Pharmaceuticals, Inc.",,Firmonertinib Versus Platinum Based Chemotherapy as First-line Treatment for NSCLC With EGFR PACC or EGFR l861q Mutation,EGFR; NSCLC (Advanced Non-small Cell Lung Cancer),RECRUITING,2027-12,Progression-free survival (PFS) assessed by the Independent Review Committee (BICR) according to RECIST v1.1.,
NCT07104032,IGNITE,PCNSL,ONO-4059-17,2025-523389-26-00,Tirabrutinib; ONO-4059; Rituximab; Temozolomide,tirabrutinib,"Ono Pharmaceutical Co., Ltd.","Deciphera Pharmaceuticals, LLC",IGNITE: Study of Tirabrutinib vs Rituximab/Temozolomide for Relapsed/Refractory Primary Central Nervous System Lymphoma (PCNSL),Relapsed/Refractory Primary Central Nervous System Lymphoma,RECRUITING,2027-12,Progression Free Survival (PFS),
NCT07106528,,,K8538,,Organoid Drug Sensitivity Testing-Guided Therapy; Topotecan,organoid drug sensitivity testing-guided therapy,Peking Union Medical College Hospital,,Organoid-guided vs Topotecan Therapy in Relapsed Extensive-Stage Small Cell Lung Cancer,Extensive-stage Small Cell Lung Cancer (ES-SCLC); Extensive-stage Small Cell Lung Cancer (SCLC); Small Cell Lung Cancer ( SCLC ),NOT_YET_RECRUITING,2027-12,Progression-Free Survival (PFS),
NCT07138209,,,QLS32015-301,,QLS32015; Pomalidomide; Selinexor; Dexamethasone,qls32015,"Qilu Pharmaceutical Co., Ltd.",,"A Study Comparing QLS32015 Monotherapy Versus Pomalidomide, Dexamethasone (Pd) or Selinexor, Dexamethasone (Sd) in Participants With Relapsed or Refractory Multiple Myeloma",Relapsed or Refractory Multiple Myeloma,RECRUITING,2027-12,Progression-free Survival (PFS),
NCT07178795,,,BL-M07D1-306,,BL-M07D1; Pembrolizumab; Pemetrexed; Carboplatin; Cisplatin,bl-m07d1,"Sichuan Baili Pharmaceutical Co., Ltd.","Baili-Bio (Chengdu) Pharmaceutical Co., Ltd.",A Study of BL-M07D1 vs Pembrolizumab-platinum Chemotherapy in First-line Treatment of HER2-mutant Advanced or Metastatic Non-squamous NSCLC,Non-squamous Non-small Cell Lung Cancer,RECRUITING,2027-12,Progression-free survival (PFS),
NCT07297329,,,SCTC21C-A301,,SCTC21C; Bortezomib; Lenalidomide; Dexamethasone,sctc21c,Sinocelltech Ltd.,,"A Study to Evaluate the Safety and Efficacy of SCTC21C in Combination With Bortezomib, Lenalidomide and Dexamethasone in Patients With Newly Diagnosed Multiple Myeloma Not Eligible for Transplant",Multiple Myeloma (MM),RECRUITING,2027-12,Progression free survival (PFS) | Minimal residual disease (MRD) negativity rate for participants with CR,
NCT07311694,,,HRS-4357-301,,HRS-4357 injection; Enzalutamide；Abiraterone,hrs-4357 injection,"Jiangsu HengRui Medicine Co., Ltd.",,"A Phase III Study Comparing HRS-4357 With Novel Androgen Receptor Pathway Inhibitors in Patients With Progressive, PSMA-Positive Metastatic Castration-Resistant Prostate Cancer",PSMA-Positive Progressive Metastatic Castration-Resistant Prostate Cancer,RECRUITING,2027-12,radiographic progression-free survival (rPFS) assessed by the BIRC.,
NCT07418749,,,SHR-A2102-310,,SHR-A2102 for Injection; Pemetrexed Disodium for Injection; Gemcitabine Hydrochloride for Injection; Topotecan Hydrochloride for Injection; Paclitaxel for Injection (Albumin bound),shr-a2102 for injection,"Suzhou Suncadia Biopharmaceuticals Co., Ltd.",,A Study of SHR-A2102 Versus Investigator's Choice of Chemotherapy in Patients With Platinum-based Chemotherapy and PD-(L)1 Inhibitor Treatment Failed Recurrent or Metastatic Cervical Cancer,Recurrent Cervical Cancer; Metastatic Cervical Cancer,RECRUITING,2027-12,Overall survival (OS),
NCT07556848,,,9MW2821-CP305,,9MW2821; Chemotherapy,9mw2821,"Mabwell (Shanghai) Bioscience Co., Ltd.",,A Study of 9MW2821 Versus Chemotherapy in Participants With Previously Treated Locally Advanced or Metastatic Triple-Negative Breast Cancer,Locally Advanced or Metastatic Triple-negative Breast Cancer,NOT_YET_RECRUITING,2027-12,Overall Survival,
NCT07730489,,,BL-M07D1-310,,BL-M07D1; Regorafenib; Fruquintinib; TAS-102,bl-m07d1,"Sichuan Baili Pharmaceutical Co., Ltd.","Baili-Bio (Chengdu) Pharmaceutical Co., Ltd.","A Study Comparing BL-M07D1 With Physician's Choice Therapy in Patients With HER2 IHC3+ Advanced Colorectal Cancer Who Failed Prior Treatment With Oxaliplatin, Fluorouracil and Irinotecan",Colorectal Cancer,NOT_YET_RECRUITING,2027-12,BICR-assessed Progression-free Survival (PFS),
NCT07768189,TEMPO-1,,CRB-701-02,2026-527123-94-00,CRB-701; capcitabine; Cetuximab (EGFR inhibitor); Docetaxel,crb-701,Corbus Pharmaceuticals Inc.,"CSPC Megalith Biopharmaceutical Co.,Ltd.",A Study to Evaluate CRB-701 Compared to Investigator's Choice Therapy in Previously Treated Oropharyngeal Squamous Cell Carcinoma,Oropharyngeal Carcinoma (OPC),RECRUITING,2027-12,Objective Response Rate (%) | Overall Survival (months),
NCT03367702,,,NRG-GU005,NCI-2017-01398; NRG-GU005; U10CA180868,"Intensity-Modulated Radiation Therapy; IMRT; Intensity modulated radiation therapy (procedure); Intensity Modulated RT; Intensity-Modulated Radiotherapy; Radiation, Intensity-Modulated Radiotherapy; Quality-of-Life Assessment; Quality of Life Assessment; Questionnaire Administration; Stereotactic Body Radiation Therapy; SABR; SBRT; Stereotactic Ablative Body Radiation Therapy",,NRG Oncology,National Cancer Institute (NCI),Stereotactic Body Radiation Therapy or Intensity-Modulated Radiation Therapy in Treating Patients With Stage IIA-B Prostate Cancer,Stage II Prostate Adenocarcinoma AJCC v7,ACTIVE_NOT_RECRUITING,2027-12-01,Incidence of patients-reported gastrointestinal and genitourinary toxicity | Disease free survival,
NCT04135664,,,Chest201908,,esophagectomy; chemoradiation; active surveillance,,Shanghai Chest Hospital,,Comparison of Esophagectomy and Chemoradiation for Patients With cN0-pT1b Stage Esophageal Squamous Cell Carcinoma,Esophageal Cancer,RECRUITING,2027-12-01,5-year overall survival rate,
NCT05678933,,PTCL-TFH,AC-CHOP Study,,Azacitidine; Chidamide; Cyclophosphamide; Epirubicin; Vincristine; Prednisone,azacitidine,Tianjin Medical University Cancer Institute and Hospital,,AC-CHOP Versus CHOP in Patients With Previously Untreated PTCL-TFH,Peripheral T-cell Lymphoma Targeted Therapy,ENROLLING_BY_INVITATION,2027-12-01,Progression-free survival (PFS),
NCT06612151,,TAISHAN-302,YL201-CN-302-01,,YL201; topotecan hydrochloride for injection,yl201,"MediLink Therapeutics (Suzhou) Co., Ltd.",,A Phase III Study of YL201 in Relapsed Small Cell Lung Cancer (TAISHAN-302),Small Cell Lung Cancer,ACTIVE_NOT_RECRUITING,2027-12-01,To compare the OS of YL201 versus topotecan hydrochloride in subjects with relapsed SCLC.,
NCT06629597,,TAISHAN-301,YL201-CN-301-01,,YL201; Docetaxel; Capecitabine; Gemcitabine,yl201,"MediLink Therapeutics (Suzhou) Co., Ltd.",,A Phase III Study of YL201 in Recurrent or Metastatic Nasopharyngeal Carcinoma (TAISHAN-301),Nasopharyngeal Carcinoma,ACTIVE_NOT_RECRUITING,2027-12-01,To compare the ORR of YL201 versus investigator's choice of chemotherapy in recurrent or metastatic nasopharyngeal carcinoma assessed by BICR based on Response Evaluation Criteria in Solid Tumors version 1.1 (RECIST v1.1). | To compare the OS of YL201 versus investigator's choice of chemotherapy in recurrent or metastatic nasopharyngeal carcinoma.,
NCT06744504,,,IIT2024094,,cytarabine; daunorubicin; idarubicin; cyclophosphamide,,"Institute of Hematology & Blood Diseases Hospital, China",,Standard-dose vs Intermediate-dose Cytarabine Induction in the Treatment of Acute Myeloid Leukemia With RUNX1-RUNX1T1,AML; RUNX1-RUNX1T1 Fusion Protein Expression,RECRUITING,2027-12-01,overall survival,
NCT06881784,RASolve 301,,RMC-6236-301,,daraxonrasib; docetaxel,daraxonrasib,"Revolution Medicines, Inc.",,Study of Daraxonrasib (RMC-6236) in Patients With RAS Mutated NSCLC (RASolve 301),NSCLC (Non-small Cell Lung Cancer); Non-Small Cell Lung Cancer; NSCLC; NSCLC (Non-small Cell Lung Carcinoma); NSCLC (Advanced Non-small Cell Lung Cancer),RECRUITING,2027-12-01,Progression free survival (PFS) per Blinded Independent Central Review (BICR) in the RAS G12X-C population (i.e RAS G12X excluding G12C) | Overall survival (OS) in the RAS G12X-C population,
NCT06692166,,,9MW2821-CP304,,9MW2821; Chemotherapy,9mw2821,"Mabwell (Shanghai) Bioscience Co., Ltd.",,A Study to Evaluate 9MW2821 Versus Treatment of Physician's Choice for Subjects With Recurrent or Metastatic Cervical Cancer,Cervical Cancer,RECRUITING,2027-12-09,Overall Survival,
NCT05063552,,,NCI-2021-10021,NCI-2021-10021; EA3202; U10CA180820,"Atezolizumab; MPDL 3280A; MPDL 328OA; MPDL-3280A; MPDL3280A; MPDL328OA; RG 7446; RG-7446; RG7446; RO 5541267; RO-5541267; RO5541267; Tecentriq; Bevacizumab; ABP 215; ABP-215; ABP215; Alymsys; Anti-VEGF; Anti-VEGF Humanized Monoclonal Antibody; Anti-VEGF Monoclonal Antibody SIBP04; Anti-VEGF rhuMAb; Avastin; Avegra; Avzivi; Aybintio; BAT 1706; BAT-1706; BAT1706; BAT1706 Biosimilar; Bevacizumab awwb; Bevacizumab Biosimilar ABP 215; Bevacizumab Biosimilar BAT1706; Bevacizumab Biosimilar BEVZ92; Bevacizumab Biosimilar BI 695502; Bevacizumab Biosimilar CBT 124; Bevacizumab Biosimilar CT-P16; Bevacizumab Biosimilar FKB238; Bevacizumab Biosimilar GB-222; Bevacizumab Biosimilar HD204; Bevacizumab Biosimilar HLX04; Bevacizumab Biosimilar IBI305; Bevacizumab Biosimilar LY01008; Bevacizumab Biosimilar MB02; Bevacizumab Biosimilar MIL60; Bevacizumab Biosimilar Mvasi; Bevacizumab Biosimilar MYL-1402O; Bevacizumab Biosimilar QL 1101; Bevacizumab Biosimilar QL1101; Bevacizumab Biosimilar RPH-001; Bevacizumab Biosimilar SCT501; Bevacizumab Biosimilar Zirabev; Bevacizumab-adcd; Bevacizumab-aveg; Bevacizumab-awwb; Bevacizumab-aybi; Bevacizumab-bvzr; Bevacizumab-byva; Bevacizumab-equi; Bevacizumab-maly; Bevacizumab-nwgd; Bevacizumab-onbe; Bevacizumab-tnjn; BP102; BP102 Biosimilar; Byvasda; CT P16; CT-P16; CTP16; Equidacent; FKB 238; FKB-238; FKB238; HD204; IBI 305; IBI-305; IBI305; Immunoglobulin G1 (Human-Mouse Monoclonal rhuMab-VEGF Gamma-Chain Anti-Human Vascular Endothelial Growth Factor), Disulfide With Human-Mouse Monoclonal rhuMab-VEGF Light Chain, Dimer; Jobevne; MB 02; MB-02; MB02; Mvasi; MYL-1402O; Onbevzi; Oyavas; PF 06439535; PF-06439535; PF06439535; QL1101; Recombinant Humanized Anti-VEGF Monoclonal Antibody; rhuMab-VEGF; SCT501; SIBP 04; SIBP-04; SIBP04; Vegzelma; Zirabev; Biospecimen Collection; Biological Sample Collection; Biospecimen Collected; Sample Collection; Specimen Collection; Carboplatin; Blastocarb; Carboplat; Carboplatin Hexal; Carboplatino; Carboplatinum; Carbosin; Carbosol; Carbotec; CBDCA; Displata; Ercar; JM-8; JM8; Nealorin; Novoplatinum; Paraplatin; Paraplatin AQ; Paraplatine; Platinwas; Ribocarbo; Cetuximab; C 225; C-225; C225; Cetuxa; Cetuximab Biosimilar CDP-1; Cetuximab Biosimilar CMAB009; Cetuximab Biosimilar KL 140; Cetuximab-cetu; Chimeric Anti-EGFR Monoclonal Antibody; Chimeric MoAb C225; Chimeric Monoclonal Antibody C225; ENZ 124; ENZ-124; ENZ124; Erbitux; IMC-C225; Cisplatin; Abiplatin; Blastolem; Briplatin; CDDP; Cis-diammine-dichloroplatinum; Cis-diamminedichloridoplatinum; Cis-diamminedichloro Platinum (II); Cis-diamminedichloroplatinum; Cis-dichloroammine Platinum (II); Cis-platinous Diamine Dichloride; Cis-platinum; Cis-platinum II; Cis-platinum II Diamine Dichloride; Cismaplat; Cisplatina; Cisplatinum; Cisplatyl; Citoplatino; Citosin; Cysplatyna; DDP; Lederplatin; Metaplatin; Neoplatin; Peyrone's Chloride; Peyrone's Salt; Placis; Plastistil; Platamine; Platiblastin; Platiblastin-S; Platinex; Platinol; Platinol- AQ; Platinol-AQ; Platinol-AQ VHA Plus; Platinoxan; Platinum; Platinum Diamminodichloride; Platiran; Platistin; Platosin; Computed Tomography; CAT; CAT Scan; Computed Axial Tomography; Computerized Axial Tomography; Computerized axial tomography (procedure); Computerized Tomography; Computerized Tomography (CT) scan; CT; CT Scan; Diagnostic CAT Scan; Diagnostic CAT Scan Service Type; tomography; Docetaxel; Docecad; RP 56976; RP-56976; RP56976; Taxotere; Taxotere Injection Concentrate; Echocardiography Test; EC; Echocardiography; Magnetic Resonance Imaging; Magnetic Resonance; Magnetic Resonance Imaging (MRI); Magnetic resonance imaging (procedure); Magnetic Resonance Imaging Scan; Medical Imaging, Magnetic Resonance / Nuclear Magnetic Resonance; MR; MR Imaging; MRI; MRI Scan; MRIs; NMR Imaging; NMRI; Nuclear Magnetic Resonance Imaging; sMRI; Structural MRI; Positron Emission Tomography; Medical Imaging, Positron Emission Tomography; PET; PET Scan; Positron emission tomography (procedure); Positron Emission Tomography Scan; Positron-Emission Tomography; PT",atezolizumab,National Cancer Institute (NCI),,Testing the Use of Investigational Drugs Atezolizumab and/or Bevacizumab With or Without Standard Chemotherapy in the Second-Line Treatment of Advanced-Stage Head and Neck Cancers,Clinical Stage IV HPV-Mediated (p16-Positive) Oropharyngeal Carcinoma AJCC v8; Metastatic Head and Neck Squamous Cell Carcinoma; Metastatic Hypopharyngeal Squamous Cell Carcinoma; Metastatic Laryngeal Squamous Cell Carcinoma; Metastatic Lip and Oral Cavity Carcinoma; Metastatic Nasal Cavity Squamous Cell Carcinoma; Metastatic Nasopharyngeal Squamous Cell Carcinoma; Metastatic Pharyngeal Squamous Cell Carcinoma; Metastatic Sinonasal Squamous Cell Carcinoma; Recurrent Head and Neck Squamous Cell Carcinoma; Recurrent Hypopharyngeal Squamous Cell Carcinoma; Recurrent Laryngeal Squamous Cell Carcinoma; Recurrent Lip and Oral Cavity Squamous Cell Carcinoma; Recurrent Nasopharyngeal Squamous Cell Carcinoma; Recurrent Pharyngeal Squamous Cell Carcinoma; Recurrent Sinonasal Squamous Cell Carcinoma; Stage IV Head and Neck Cutaneous Squamous Cell Carcinoma AJCC v8; Stage IV Hypopharyngeal Carcinoma AJCC v8; Stage IV Laryngeal Cancer AJCC v8; Stage IV Lip and Oral Cavity Cancer AJCC v8; Stage IV Nasopharyngeal Carcinoma AJCC v8; Stage IV Oropharyngeal (p16-Negative) Carcinoma AJCC v8; Stage IV Sinonasal Cancer AJCC v8,ACTIVE_NOT_RECRUITING,2027-12-15,Progression free survival (PFS) (Phase II) | Overall survival (OS) (Phase III),
NCT06472245,ARTEMIA,,OSE2101C302,,OSE2101; Docetaxel; NGS HLAA2 assay,ose2101,OSE Immunotherapeutics,Exystat; GeneDx,Trial of Therapeutic Cancer Vaccine OSE2101 in Patients With Non-Small Cell Lung Cancer and Secondary Resistance to Immune Checkpoint Inhibitor,Patients With Non-Small Cell Lung Cancer,RECRUITING,2027-12-15,OS defined as time from randomization to death,
NCT06750094,OrigAMI-3,,61186372COR3002,2024-513853-66-00,Amivantamab; JNJ-61186372; Cetuximab; Erbitux; Bevacizumab; Avastin; 5-fluorouracil; Leucovorin calcium/Levoleucovorin; Folinic acid; Irinotecan,amivantamab,"Janssen Research & Development, LLC",,A Study of Amivantamab and FOLFIRI Versus Cetuximab/Bevacizumab and FOLFIRI in Participants With KRAS/NRAS and BRAF Wild-type Colorectal Cancer Who Have Previously Received Chemotherapy,Colorectal Neoplasms,RECRUITING,2027-12-15,Progression-Free Survival (PFS) as Assessed by Blinded Independent Central Review (BICR) | Overall Survival (OS),
NCT07246330,,,SELECTor,,Toripalimab,toripalimab,Tianjin Medical University Cancer Institute and Hospital,,"Stratified Treatment in Unresectable Locally Advanced ESCC Without Progression After Chemoimmunotherapy Induction Plus CCRT: Toripalimab Consolidation vs observation--a Prospective, Randomized, Controlled Phase III Multicenter Study",Esophageal Squamous Cell Carcinoma (ESCC),NOT_YET_RECRUITING,2027-12-15,1 year Progress Free Survival (PFS) rate,
NCT05869227,,,SYSKY-2023-307-02,,,,XIANG YANQUN,Sun Yat-Sen Memorial Hospital of Sun Yat-Sen University; Zhujiang Hospital,Maintenance Therapy With Toripalimab Combined With Capecitabine/Placebo for Recurrent and Metastatic Nasopharyngeal Carcinoma,Nasopharyngeal Carcinoma; Maintenance Therapy,ACTIVE_NOT_RECRUITING,2027-12-20,Progression free survival,
NCT05378763,PINNACLE,,SPI-POZ-301,,Poziotinib; HM781-36; Docetaxel,poziotinib,"Spectrum Pharmaceuticals, Inc",,A Study of Poziotinib in Previously Treated Participants With Locally Advanced or Metastatic NSCLC Harboring HER2 Exon 20 Mutations,NSCLC,SUSPENDED,2027-12-25,Progression Free Survival (PFS),
NCT05173272,,,KY-2021-109,,Neoadjuvant Therapy; Neoadjuvant chemotherapy combined with Serplulimab; CCRT; chemoradiation; Brachytherapy,neoadjuvant therapy,Sichuan Cancer Hospital and Research Institute,,Induction Chemotherapy Combined With Immunotherapy Followed by Concurrent Chemoradiation in Advanced Cervical Cancer,Cervical Cancer,RECRUITING,2027-12-28,Progression free survival (PFS),
NCT06834672,,,CIBI354A301,,IBI354; paclitaxel/Gemcitabine/Liposomal doxorubicin,ibi354,Innovent Biologics (Suzhou) Co. Ltd.,,"Study of IBI354 Versus Investigator's Choice of Chemotherapy in Patients With Platinum-resistant Ovarian, Primary Peritoneal, or Fallopian Tube Cancer",Ovarian; Primary Peritoneal; Fallopian Tube Cancer,ACTIVE_NOT_RECRUITING,2027-12-28,To compare the Progression-free survival (PFS) of IBI354 monotherapy versus investigator's choice of chemotherapy | Overall Survival (OS),
NCT04668690,,,HE071-CSP-013,,Mitoxantrone Hydrochloride Liposome Injection; HE071; Liposomal Mitoxantrone Hydrochloride Injection; Chidamide,mitoxantrone hydrochloride liposome injection,"CSPC ZhongQi Pharmaceutical Technology Co., Ltd.",,Clinical Study of Mitoxantrone Hydrochloride Liposome Injection vs. Chidamide in Patients With Relapsed/Refractory PTCL,Peripheral T Cell Lymphoma,ACTIVE_NOT_RECRUITING,2027-12-30,PFS assessed by the IRC,
NCT05277688,,ACCEPT Trial,2021(237),,adjuvant concurrent chemoradiotherapy; radiotherapy,adjuvant concurrent chemoradiotherapy,Ruijin Hospital,,Adjuvant Concurrent Chemoradiotherapy Versus Radiotherapy in Early-stage Cervical Cancer Patients,Cervical Cancer,RECRUITING,2027-12-30,5-year recurrence-free survival,
NCT06123754,,,KN035-CN-017,,Envalfolimab subcutaneously injected+Platinum-based doublet chemotherapy intravenous injection; Experimental; Active Comparator,envalfolimab subcutaneously injected+platinum-based doublet chemotherapy intravenous injection,"3D Medicines (Sichuan) Co., Ltd.",,Phase III Study of Envafolimab Versus Placebo Plus Chemotherapy in Resectable Stage III NSCLC,Non-small Cell Lung Cancer,RECRUITING,2027-12-30,MPR by BIPR | EFS by BIRC,
NCT06258811,,,TopHill,,"albumin paclitaxel, cispatin, tislelizumab","albumin paclitaxel, cispatin, tislelizumab",Lai-ping Zhong,Sun Yat-sen University; Fudan University; Central South University; Fujian Medical University,Neoadjuvant Immunochemotherapy for LAOSCC,Oral Squamous Cell Carcinoma; Locally Advanced Head and Neck Carcinoma,RECRUITING,2027-12-30,Rate of 2-year event-free survival | Rate of 2-year overall survival,
NCT06615479,,QUINTESSENTIAL-2,CA088-1007,,BMS-986393; Arlo-cel; Cyclophosphamide; Fludarabine; Daratumumab; Pomalidomide; Dexamethasone; Carfilzomib,bms-986393,"Juno Therapeutics, Inc., a Bristol-Myers Squibb Company",Celgene Corporation,A Study to Compare the Efficacy and Safety of BMS-986393 Versus Standard Regimens in Adult Participants With Relapsed or Refractory and Lenalidomide-exposed Multiple Myeloma (QUINTESSENTIAL-2),Relapsed or Refractory Multiple Myeloma (RRMM),RECRUITING,2027-12-30,Progression Free Survival (PFS) | Minimal residual disease (MRD)-negativity in complete response (CR),
NCT07272109,PTCA199-16,Type 3c,PTCA199-16,,Nab-paclitaxel; Gemcitabine (1000 mg/m2); Anti-Diabetics; Active treatment and monitoring,,Fudan University,,Active Anti-diabetic Treatment Plus Chemotherapy for Pancreatic Cancer Related Diabetes,Pancreatic Cancer,NOT_YET_RECRUITING,2027-12-30,Overall Survival (OS):,
NCT07442565,SYNSTAR03,,SYS6010-020,,SYS6010; Docetaxel,sys6010,"CSPC Megalith Biopharmaceutical Co.,Ltd.",,SYS6010 Versus Docetaxel for Previously Treated EGFR Wild-type NSCLC: Phase Ⅲ,Non-Small Cell Lung Cancer,NOT_YET_RECRUITING,2027-12-30,PFS (Progression-Free Survival) assessed by IRC (Independent Review Committee) in the EGFR high-expression population. | OS (Overall Survival) in the overall population,
NCT07761429,,CUP,NTP-F520-601,,F520 combined with chemotherapy,f520 combined with chemotherapy,"Shandong New Time Pharmaceutical Co., LTD",,A Phase II/III Study of F520 Combined With Paclitaxel Plus Carboplatin in the Treatment of Cancer of Unknown Primary (CUP),Cancer of Unknown Primary Site,RECRUITING,2027-12-30,PFS assessed by IRC,
NCT02821013,STOP-GAP,,ME13,UQ-QMP-0001,Intermittent PD-1 inhibitor therapy; Continuous PD-1 inhibitor therapy,,Canadian Cancer Trials Group,Melanoma and Skin Cancer Trials Limited,Duration of Anti-PD-1 Therapy in Metastatic Melanoma,Unresectable/Metastatic Melanoma,RECRUITING,2027-12-31,Overall survival,
NCT03233711,,,NCI-2017-01347,NCI-2017-01347; EA2165; U10CA180820,"Biopsy Procedure; Biopsy; BIOPSY_TYPE; Bx; Biospecimen Collection; Biological Sample Collection; Biospecimen Collected; Sample Collection; Specimen Collection; Colonoscopy; Computed Tomography; CAT; CAT Scan; Computed Axial Tomography; Computerized Axial Tomography; Computerized axial tomography (procedure); Computerized Tomography; Computerized Tomography (CT) scan; CT; CT Scan; Diagnostic CAT Scan; Diagnostic CAT Scan Service Type; tomography; Digital Rectal Examination; DRE; High Resolution Anoscopy; HRA; Magnetic Resonance Imaging; Magnetic Resonance; Magnetic Resonance Imaging (MRI); Magnetic resonance imaging (procedure); Magnetic Resonance Imaging Scan; Medical Imaging, Magnetic Resonance / Nuclear Magnetic Resonance; MR; MR Imaging; MRI; MRI Scan; MRIs; NMR Imaging; NMRI; Nuclear Magnetic Resonance Imaging; sMRI; Structural MRI; Nivolumab; ABP 206; BCD-263; BMS 936558; BMS-936558; BMS936558; CMAB819; MDX 1106; MDX-1106; MDX1106; NIVO; Nivolumab Biosimilar ABP 206; Nivolumab Biosimilar BCD-263; Nivolumab Biosimilar CMAB819; ONO 4538; ONO-4538; ONO4538; Opdivo; Patient Observation; Active Surveillance; deferred therapy; expectant management; Observation; Watchful Waiting; Proctoscopy; Sigmoidoscopy; Proctosigmoidoscopy; X-Ray Imaging; Conventional X-Ray; Diagnostic Radiology; Medical Imaging, X-Ray; Plain film radiographs; Radiographic Imaging; Radiographic imaging procedure (procedure); Radiography; RG; Static X-Ray; X-Ray",nivolumab,National Cancer Institute (NCI),Canadian Cancer Trials Group,Nivolumab After Combined Modality Therapy in Treating Patients With High Risk Stage II-IIIB Anal Cancer,Anal Basaloid Carcinoma; Anal Canal Cloacogenic Carcinoma; Anal Margin Squamous Cell Carcinoma; Stage IIB Anal Cancer AJCC v8; Stage III Anal Cancer AJCC v8,ACTIVE_NOT_RECRUITING,2027-12-31,Disease free survival,
NCT03464305,ASPIRIN,,BE 2017-001397-41,,acetylsalicylic acid,acetylsalicylic acid,"University Hospital, Antwerp",Kom Op Tegen Kanker; Anticancerfund,ASPIRIN Trial Belgium,Colon Cancer,ACTIVE_NOT_RECRUITING,2027-12-31,5 year overall survival,
NCT03871257,,LGG,NCI-2019-01396,NCI-2019-01396; ACNS1831; U10CA180886,"Carboplatin; Blastocarb; Carboplat; Carboplatin Hexal; Carboplatino; Carboplatinum; Carbosin; Carbosol; Carbotec; CBDCA; Displata; Ercar; JM-8; JM8; Nealorin; Novoplatinum; Paraplatin; Paraplatin AQ; Paraplatine; Platinwas; Ribocarbo; Magnetic Resonance Imaging; Magnetic Resonance; Magnetic Resonance Imaging (MRI); Magnetic resonance imaging (procedure); Magnetic Resonance Imaging Scan; Medical Imaging, Magnetic Resonance / Nuclear Magnetic Resonance; MR; MR Imaging; MRI; MRI Scan; MRIs; NMR Imaging; NMRI; Nuclear Magnetic Resonance Imaging; sMRI; Structural MRI; Quality-of-Life Assessment; Quality of Life Assessment; Questionnaire Administration; Selumetinib Sulfate; AZD-6244 Hydrogen Sulfate; AZD6244 Hydrogen Sulfate; AZD6244 Hydrogen Sulphate; Koselugo; Selumetinib Sulphate; Vincristine Sulfate; Kyocristine; Leurocristine Sulfate; Leurocristine, sulfate; Oncovin; Vincasar; Vincosid; Vincrex; Vincristine, sulfate",selumetinib sulfate,National Cancer Institute (NCI),,A Study of the Drugs Selumetinib Versus Carboplatin/Vincristine in Patients With Neurofibromatosis and Low-Grade Glioma,Low Grade Glioma; Neurofibromatosis Type 1; Visual Pathway Glioma,ACTIVE_NOT_RECRUITING,2027-12-31,Event-free survival (EFS) | Number of participants with visual acuity (VA) improvement per arm,non-inferiority mentioned
NCT04400695,,,RC48-C012,,RC48-ADC; RC48; Paclitaxel Injection; Taxol; Docetaxel Injection; Taxotere; Vinorelbine Tartrate Injection; Navelbine; Capecitabine Tablets; Xeloda,rc48-adc,"RemeGen Co., Ltd.",,A Study of RC48-ADC for the Treatment of Locally Advanced or Metastatic Breast Cancer With Low Expression of HER2,Breast Cancer,RECRUITING,2027-12-31,"Progression-free survival (PFS), evaluated by an independent efficacy evaluation committee",
NCT04566328,,,EAA181,NCI-2020-06647; EAA181; U10CA180820,Bortezomib; [(1R)-3-Methyl-1-[[(2S)-1-oxo-3-phenyl-2-[(pyrazinylcarbonyl)amino]propyl]amino]butyl]boronic Acid; LDP 341; MLN341; PS-341; PS341; Velcade; Daratumumab and Hyaluronidase-fihj; DARA Co-formulated with rHuPH20; DARA/rHuPH20; Daratumumab + rHuPH20; Daratumumab with rHuPH20; Daratumumab-rHuPH20; Daratumumab/Hyaluronidase-fihj; Daratumumab/rHuPH20 Co-formulation; Darzalex Faspro; Darzalex/rHuPH20; HuMax-CD38-rHuPH20; Recombinant Human Hyaluronidase Mixed with Daratumumab; Dexamethasone; Aacidexam; Adexone; Aknichthol Dexa; Alba-Dex; Alin; Alin Depot; Alin Oftalmico; Amplidermis; Anemul mono; Auricularum; Auxiloson; Baycadron; Baycuten; Baycuten N; Cortidexason; Cortisumman; Decacort; Decadrol; Decadron; Decadron DP; Decalix; Decameth; Decasone R.p.; Dectancyl; Dekacort; Deltafluorene; Deronil; Desamethasone; Desameton; Dexa-Mamallet; Dexa-Rhinosan; Dexa-Scheroson; Dexa-sine; Dexacortal; Dexacortin; Dexafarma; Dexafluorene; Dexalocal; Dexamecortin; Dexameth; Dexamethasone Intensol; Dexamethasonum; Dexamonozon; Dexapos; Dexinoral; Dexone; Dinormon; Fluorodelta; Fortecortin; Gammacorten; Hexadecadrol; Hexadrol; Lokalison-F; Loverine; Methylfluorprednisolone; Millicorten; Mymethasone; Orgadrone; Spersadex; TaperDex; Visumetazone; ZoDex; Lenalidomide; CC-5013; CC5013; CDC 501; Revlimid; Quality-of-Life Assessment; Quality of Life Assessment,bortezomib,ECOG-ACRIN Cancer Research Group,National Cancer Institute (NCI),"Testing the Use of Combination Therapy in Adult Patients With Newly Diagnosed Multiple Myeloma, the EQUATE Trial",Plasma Cell Myeloma; RISS Stage I Plasma Cell Myeloma; RISS Stage II Plasma Cell Myeloma,RECRUITING,2027-12-31,Consolidation overall survival,
NCT05253651,MOUNTAINEER-03,,SGNTUC-029,C4251008; 2024-514180-25-00,"tucatinib; TUKYSA, ONT-380, ARRY-380, PF-07265792; trastuzumab; Herceptin; bevacizumab; Avastin; cetuximab; Erbitux; oxaliplatin; leucovorin; levoleucovorin; fluorouracil",tucatinib,"Seagen, a wholly owned subsidiary of Pfizer",,A Study of Tucatinib With Trastuzumab and mFOLFOX6 Versus Standard of Care Treatment in First-line HER2+ Metastatic Colorectal Cancer,Colorectal Neoplasms,RECRUITING,2027-12-31,Progression-free survival (PFS) per Response Evaluation Criteria in Solid Tumors Version 1.1 (RECIST v1.1) by Blinded Independent Central Review (BICR),
NCT05738694,,,2021-FXY-518,,Axitinib plus Toripalimab; nephrectomy,axitinib plus toripalimab,ZHOU FANGJIAN,Pfizer,Neoadjuvant of Axitinib Plus PD-1 to Improve Disease Free Survival of Patients With Renal Cell Carcinoma,Renal Cell Carcinoma; Neoadjuvant,RECRUITING,2027-12-31,disease-free survival (DFS),
NCT05827523,FOCUS / KOV-04,FOCUS / KOV-HIPEC-04,NCC2023-0100,,Cisplatin,cisplatin,"National Cancer Center, Korea",,Interval Cytoreductive Surgery With or Without HIPEC for Ovarian Cancer (FOCUS / KOV-HIPEC-04),Ovarian Cancer,RECRUITING,2027-12-31,Overall survival (OS),
NCT06095154,,,NPC009,,CTV Delineation Based on Geometric Expansion From GTV in Nasopharyngeal Carcinoma,,Fujian Cancer Hospital,,CTV Delineation Based Solely on Geometric Expansion From GTV in Nasopharyngeal Carcinoma,Nasopharyngeal Carcinoma by AJCC V8 Stage,RECRUITING,2027-12-31,Local failure-free survival (LFFS),
NCT06496048,,SCLC,LY01017/CT-CHN-302,,Lurbinectedin; PM01183; Irinotecan; Topotecan,lurbinectedin,Luye Pharma Group Ltd.,,Lurbinectedin or in Combination with Irinotecan Versus Topotecan in Patients with Relapsed SCLC,Relapsed Small Cell Lung Cancer,RECRUITING,2027-12-31,Overall survival (OS),
NCT06616584,,An Expanded Lung-MAP Treatment Trial; Lung-MAP Non-Matched Sub-Study,S1800E,NCI-2024-06444; S1800E; U10CA180888,"Biospecimen Collection; Biological Sample Collection; Biospecimen Collected; Specimen Collection; Cemiplimab; Cemiplimab RWLC; Cemiplimab-rwlc; Libtayo; REGN 2810; REGN-2810; REGN2810; Computed Tomography; CAT; CAT Scan; Computed Axial Tomography; Computerized Axial Tomography; Computerized axial tomography (procedure); Computerized Tomography; Computerized Tomography (CT) scan; CT; CT Scan; tomography; Dexamethasone; Aacidexam; Adexone; Aknichthol Dexa; Alba-Dex; Alin; Alin Depot; Alin Oftalmico; Amplidermis; Anemul mono; Auricularum; Auxiloson; Baycadron; Baycuten; Baycuten N; Cortidexason; Cortisumman; Decacort; Decadrol; Decadron; Decadron DP; Decalix; Decameth; Decasone R.p.; Dectancyl; Dekacort; Deltafluorene; Deronil; Desamethasone; Desameton; Dexa-Mamallet; Dexa-Rhinosan; Dexa-Scheroson; Dexa-sine; Dexacortal; Dexacortin; Dexafarma; Dexafluorene; Dexalocal; Dexamecortin; Dexameth; Dexamethasone Intensol; Dexamethasonum; Dexamonozon; Dexapos; Dexinoral; Dexone; Dinormon; Dxevo; Fluorodelta; Fortecortin; Gammacorten; Hemady; Hexadecadrol; Hexadrol; LenaDex; Lokalison-F; Loverine; Methylfluorprednisolone; Millicorten; Mymethasone; Orgadrone; Spersadex; TaperDex; Visumetazone; ZoDex; Docetaxel; Docecad; RP 56976; RP-56976; RP56976; Taxotere; Taxotere Injection Concentrate; Magnetic Resonance Imaging; Magnetic Resonance; Magnetic Resonance Imaging (MRI); Magnetic resonance imaging (procedure); Magnetic Resonance Imaging Scan; Medical Imaging, Magnetic Resonance / Nuclear Magnetic Resonance; MR; MR Imaging; MRI; MRI Scan; MRIs; NMR Imaging; NMRI; Nuclear Magnetic Resonance Imaging; sMRI; Structural MRI; Ramucirumab; Anti-VEGFR-2 Fully Human Monoclonal Antibody IMC-1121B; Cyramza; IMC 1121B; IMC-1121B; IMC1121B; LY 3009806; LY-3009806; LY3009806; Monoclonal Antibody HGS-ETR2",cemiplimab,SWOG Cancer Research Network,Regeneron Pharmaceuticals; National Cancer Institute (NCI),Adding the Immunotherapy Drug Cemiplimab to Usual Treatment for People With Advanced Non-Small Cell Lung Cancer Who Had Previous Treatment With Platinum Chemotherapy and Immunotherapy (An Expanded Lung-MAP Treatment Trial),Recurrent Lung Non-Small Cell Carcinoma; Stage IV Lung Cancer AJCC v8,RECRUITING,2027-12-31,Overall survival (OS),
NCT06970782,KYLIN-3,,PLB1001/PLB1004-NSCLC-III-01,,Vebreltinib; Bozitinib; PLB1001; PLB1004; Andamertinib; Pemetrexed plus Carboplatin or Cisplatin,vebreltinib,"Avistone Biotechnology Co., Ltd.",,"Vebreltinib Plus PLB1004 Versus Platinum-based Doublet Chemotherapy in Patients With EGFRm, MET+, Locally Advanced or Metastatic NSCLC Following EGFR-TKI Failure",Non-Small-Cell Lung Cancer,NOT_YET_RECRUITING,2027-12-31,Progression-Free Survival (PFS) by BICR,
NCT06992648,REGTAS-2,,2024-1454,,Trifluridine/Tipiracil + Regorafenib; Trifluridine/tipiracil + bevacizumab,trifluridine/tipiracil + regorafenib,"Second Affiliated Hospital, Zhejiang University, School of Medicine",,Trifluridine/Tipiracil Plus Regorafenib vs Trifluridine/Tipiracil Plus Bevacizumab for Refractory Metastatic Colorectal Cancer,Colorectal Cancer Metastatic; Colorectal Cancer Recurrent,RECRUITING,2027-12-31,Progression free survival,non-inferiority mentioned
NCT07008716,,,B2022-792,,Radiation Therapy; Etoposide + carboplatin; Etoposide + cisplatin; Creating CTV for primary tumor; prophylactic cranial irradiation (PCI),,Sun Yat-sen University,,Omitting CTV for Primary Tumor in LS-SCLC,"SCLC, Limited Stage; Radiation Exposure; Radiotherapy Side Effect; Progression",RECRUITING,2027-12-31,Local progression free survival | Severe toxicity free survival,non-inferiority mentioned
NCT07052422,,Allo-HSCT,NFEC-2025-260,,Venetoclax (VEN); Decitabine (DAC); Busulfan (Bu); Fludarabine (Flu),venetoclax,"Nanfang Hospital, Southern Medical University",,VEN+DAC+Bu2Flu4 vs Bu2Flu5 Conditioning Regimen for Elderly Myeloid Malignancies Undergoing Allo-HSCT,Older Patients; Myeloid Malignancies; Conditioning; Hematopoietic Stem Cell Transplantation (HSCT),NOT_YET_RECRUITING,2027-12-31,Disease-free survival (DFS) rate,
NCT07242274,,,JY-JM1899-103,,JMKX001899; Docetaxel,jmkx001899,Jemincare,,Phase 3 Trial of JMKX001899 Versus Docetaxel in Previously Treated Advanced or Metastatic KRAS G12C-Mutant NSCLC,NSCLC (Non-small Cell Lung Cancer),NOT_YET_RECRUITING,2027-12-31,PFS,
NCT07416474,,sqNSCLC,RC148-C301,,RC148 plus Carboplatin and Paclitaxel; RC148 plus Platinum-Based Chemotherapy; Tislelizumab plus Carboplatin and Paclitaxel; Tislelizumab plus Platinum-Based Chemotherapy,rc148 plus carboplatin and paclitaxel,"RemeGen Co., Ltd.",,RC148 Plus Platinum-Based Chemotherapy vs Tislelizumab Plus Platinum-Based Chemotherapy for First-Line Squamous Non-Small Cell Lung Cancer (sqNSCLC),Non-Small Cell Lung Cancer,RECRUITING,2027-12-31,Progression Free Survival (PFS),
NCT07461454,,,YL202-CN-302-01,,YL202; Eribulin; Capecitabine; Gemcitabine; Vinorelbine; Sacituzumab govitecan,yl202,"MediLink Therapeutics (Suzhou) Co., Ltd.",,YL202 Versus Treatment of Physician's Choice in Patients With HR+/HER2- Breast Cancer,Locally Advanced or Metastatic Breast Cancer,RECRUITING,2027-12-31,Progression-free survival (PFS) assessed by BIRC per Response Evaluation Criteria in Solid Tumors (RECIST) 1.1.,
NCT07490262,,,CIBI310C302,,Bevacizumab; Capecitabine; Oxaliplatin; IBI310; Sintilimab,capecitabine,"Innovent Biopharmaceutical Technology (Hangzhou) Co., LTD.",,A Study to Evaluate the Efficacy and Safety of IBI310 and Sintilimab Combination Therapy in Patients With Hepatocellular Carcinoma as First-line Treatment.,Hepatocellular Carcinoma (HCC),RECRUITING,2027-12-31,Phase II: ORR （Objective Response Rate） assessed by investigator per RECIST 1.1. | Phase II: PFS（Progression-Free Survival） assessed by investigator per RECIST 1.1. | Phase II: AEs（Adverse Event） | Phase II: TRAES（Treatment Emergent Adverse Event） | Phase II: SAEs（Serious Adverse Event） | Phase III: OS（Overall Survival） | Phase III: PFS（Progression-Free Survival）assessed by the Independent Radiologic Review Committee (IRRC) per RECIST 1.1.,
NCT07662811,,,CSPC-XBZ-LUNG-K01,,SYHX2011; Paclitaxel for Injection(Albumin Bound)(II); Carboplatin; Enlonstobart; SG001; Nab-Paclitaxel; Albumin-bound Paclitaxel; Tislelizumab,syhx2011,Shanghai Chest Hospital,,SYHX2011 in Combination With Carboplatin and Enlonstobart as First-Line Therapy for Squamous Non-Small Cell Lung Cancer,Non-Small Cell Lung Cancer,NOT_YET_RECRUITING,2027-12-31,Objective Response Rate (ORR) for phase II | Progression Free Survival (PFS) for phase III,
NCT03051464,MORPHEUS,,16-301,,Complete responders and Non-complete responders; Chemoradiation + EBRT Boost; Chemoradiation + HDRBT Boost,,Sir Mortimer B. Davis - Jewish General Hospital,,Randomizing Two Radiotherapy Boost Options to Avoid Rectal Cancer Surgery,Stage II Rectal Cancer; Organ Preservation; Non-operative Treatment; Rectal Cancer (Stage III); Rectal Cancer Patients,RECRUITING,2028-01,TME-free survival,
NCT04515602,,FOCUS,FOCUS,SOC-4; SGOG-OV6,"Primary debulking surgery; PDS; Neoadjuvant chemotherapy; Neoadjuvant chemotherapy followed by interval debulking surgery, NACT-IDS; PARPi",,Shanghai Gynecologic Oncology Group,"Obstetrics & Gynecology Hospital of Fudan University; Xinhua Hospital, Shanghai Jiao Tong University School of Medicine; Shanghai First Maternity and Infant Hospital",Stratified Evaluation of PDS and NACT-IDS in Ovarian Cancer (FOCUS),Epithelial Ovarian Cancer; Fallopian Tube Cancer; Primary Peritoneal Carcinoma,NOT_YET_RECRUITING,2028-01,Overall survival,
NCT05686538,IDEAL,,Protocol VIP14.0.11,,iDLI; innate donor lymphocyte infusion (iDLI),,"Copenhagen University Hospital, Rigshospitalet",,Innate Donor Effector Allogeneic Lymphocyte Infusion After Stem Cell Transplantation: the IDEAL Trial,AML/MDS,RECRUITING,2028-01,Relapse-free survival | aGVHD,
NCT05776758,,,RS1779/22(2738),,cisplatin based neoadjuvant chemotherapy; Radical cystectomy alone,cisplatin based neoadjuvant chemotherapy,Regina Elena Cancer Institute,,Role of NAC in cT0 Muscle-invasive Bladder Cancer After Maximal TURBt,Muscle-Invasive Bladder Carcinoma; Chemotherapy Effect; Surgery,ACTIVE_NOT_RECRUITING,2028-01,"To demonstrate the non-inferiority of radical cystectomy (RC) alone versus neoadjuvant chemotherapy plus RC on 2 years Overall Survival (OS) rates, defined as the length of time from surgery until death from any cause.",non-inferiority mentioned
NCT06509126,IMPROVE-2,IMPROVE-2 Trial,IMPROVE-2,,Panitumumab; Vectibix; Irinotecan; Campto; 5-fluorouracil; 5-FU; L-folinic acid; LFA,,"National Cancer Institute, Naples",,Intermittent or Continuous Panitumumab Plus FOLFIRI for Left Sided RAS/B-RAF Wild-type Metastatic Colorectal Cancer,Colorectal Cancer Stage IV,RECRUITING,2028-01,Time to Treatment Failure,non-inferiority mentioned
NCT06525220,,LiGeR - HN1,MCLA-158-CL03,2023-510323-30-00,Petosemtamab; Pembrolizumab,petosemtamab,Merus B.V.,,A Phase 3 Study to Evaluate Petosemtamab Plus Pembrolizumab vs Pembrolizumab in First-line Treatment of Head and Neck Cancer (LiGeR - HN1),Head and Neck Squamous Cell Carcinoma,ACTIVE_NOT_RECRUITING,2028-01,Overall Survival (OS) | Objective Response Rate (ORR) per Response Evaluation Criteria in Solid Tumors (RECIST) v1.1 as assessed by blinded independent central review (BICR),
NCT06571461,,,HE072-006,,Liposomal Irinotecan; Oxaliplatin; S-1; Gemcitabine; Capecitabine,liposomal irinotecan,"CSPC Ouyi Pharmaceutical Co., Ltd.",,Liposomal Irinotecan in Combination With Oxaliplatin and S-1 Versus Gemcitabine Combined With Capecitabine as Postoperative Adjuvant Therapy for Pancreatic Cancer,Pancreatic Cancer,NOT_YET_RECRUITING,2028-01,Disease-free survival (DFS),
NCT06713837,IMPACT-AML,,IRST204.07,2024-514517-35-00; 101104421,High intensity therapies; Low intensity therapies,low intensity therapies,Istituto Romagnolo per lo Studio dei Tumori Dino Amadori IRST S.r.l. IRCCS,"Hospital Vall d'Hebron; Cyprus Institute of Neurology and Genetics; European Leukemia Net; Fundacion Para La Investigacion Hospital La Fe; Ostdeutsche Studiengruppe Haematologie Und Onkologie e.V.; Ospedale Pediatrico Bambin Gesù; Czech Lymphoma Study Group; Charite University, Berlin, Germany; Fundación Instituto de Estudios de Ciencias de la Salud de Castilla y León; University of Bologna; Hannover Medical School; German Society for Pediatric Oncology and Hematology GPOH gGmbH; Toscana Life Sciences Sviluppo s.r.l.; Lithuanian University of Health Sciences; Gruppo Italiano Malattie EMatologiche dell'Adulto; TIMELEX",IMPACT-AML: A Randomized Pragmatic Clinical Trial for Relapsed or Refractory Acute Myeloid Leukemia.,Acute Myeloid Leukemia; Relapse/Recurrence,RECRUITING,2028-01,To determine in R/R AML patients the clinical benefit of low intensity therapy as shown by event-free survival compared to high intensity therapy.,
NCT06743126,SUPRAME,,IMA203-301,,IMA203; anzutresgene autoleucel; anzu-cel; nivolumab plus relatlimab; Opdualag®; lifileucel; AMTAGVI; nivolumab; Opdivo®; pembrolizumab; Keytruda®; ipilimumab; Yervoy; Dacarbazine; DTIC-Dome; temozolomide; Temodar; paclitaxel; Taxol; paclitaxel plus carboplatin; Carbo/Taxol®; Albumin-Bound Paclitaxel; Abraxane®,ima203,"Immatics US, Inc.",,"SUPRAME-ACTengine® IMA203 vs. Investigator's Choice of Treatment in Previously Treated, Unresectable or Metastatic Cutaneous Melanoma","Melanoma, Cutaneous Malignant",RECRUITING,2028-01,Progression-free survival assessed by BICR,
NCT06749925,,,58882116.7.3001.0065,,Dendritic Cell Vaccine; Pembrolizumab,dendritic cell vaccine,University of Sao Paulo General Hospital,,Clinical Trial Assessing the Efficacy and Safety of Dendritic Cell-Based Immunotherapy for Glioblastoma,Glioblastoma,NOT_YET_RECRUITING,2028-01,Overall Survival,
NCT06776952,,,XNW5004-III-01,,XNW5004; Chidamide,,Evopoint Biosciences Inc.,,"A Randomized, Double-blind, Multicenter Phase III Study of XNW5004 Tablets in Patients With Relapsed or Refractory Peripheral T-cell Lymphoma",Relapsed/Refractory Peripheral T Cell Lymphoma,RECRUITING,2028-01,Progression Free Survival (PFS) assessed by BICR,
NCT07361003,,,SIM0063-302,CTR20254831,"Suvemcitug injection, trifluridine/tipiracil tablets","suvemcitug injection, trifluridine/tipiracil tablets","Jiangsu Simcere Pharmaceutical Co., Ltd.","Jiangsu Simcere Biologics Co., Ltd",A Phase Ib/III Study of Suvemcitug Plus FTD/TPI in Participants With Refractory Metastatic Colorectal Cancer,Refractory Metastatic Colorectal Cancer,RECRUITING,2028-01,Phase Ib: dose limiting toxicity (DLT) | Phase Ib: Adverse Events | Phase Ib: Tolerance | Phase III: overall survival (OS),
NCT07113275,,,XHZDZLK,,Short-course radiotherapy; SCRT; Long-course radiotherapy; Capecitabine; Oxaliplatin; HLX10; TME surgery,hlx10,Tao Zhang,,A Clinical Trial Comparing Long-Course Versus Short-Course Radiotherapy Followed by Immunotherapy Combined With Total Neoadjuvant Therapy (TNT) to Long-Course Radiotherapy Followed by TNT in Locally Advanced Rectal Cancer,Rectal Cancer; Total Neoadjuvant Therapy; Radiotherapy; Immunotherapy,RECRUITING,2028-01-01,3-year event-Free Survival,
NCT07230626,,,SYS6002-006,,SYS6002; Investigator's Choice of Chemotherapy,sys6002,"CSPC Megalith Biopharmaceutical Co.,Ltd.",,SYS6002 vs Chemotherapy in Recurrent or Metastatic Cervical Cancer,Cervical Cancer,NOT_YET_RECRUITING,2028-01-01,Overall Survival,
NCT07385079,,,2025-FXY-257-FLK,,Anlotinib Hydrochloride Capsules; Gemcitabine (GEM); Cisplatin; Intensity-modulated radiotherapy; Benmelstobart,anlotinib hydrochloride capsules,Sun Yat-sen University,,Anlotinib Plus Immunotherapy and Chemoradiotherapy for High-Risk Nasopharyngeal Carcinoma,Nasopharyngeal Cancinoma (NPC); Nasopharyngeal Cancer,NOT_YET_RECRUITING,2028-01-01,Failure-free survival (FFS),
NCT07333274,,LA-HNSCC,IST-Nim-HNSCC-45,,Nimotuzumab; Nimotuzumab injection; intensity-modulated technique（IMRT）; photon IMRT; proton IMPT; intensity-modulated technique,nimotuzumab,Shandong Cancer Hospital and Institute,,Compare Radiotherapy Plus Nimotuzumab Versus Radiotherapy Alone in Platinum-ineligible Patients With Locoregionally Advanced Head and Neck Squamous Cell Carcinoma,Head & Neck Squamous Cell Carcinoma; Head & Neck Cancer,RECRUITING,2028-01-05,Progression-Free Survival (PFS),
NCT03969004,,,R2810-ONC-1788,2019-000566-38; 2024-511653-22-00,Cemiplimab; REGN2810; Libtayo,cemiplimab,Regeneron Pharmaceuticals,,Study of Adjuvant Cemiplimab Versus Placebo After Surgery and Radiation Therapy in Patients With High Risk Cutaneous Squamous Cell Carcinoma,Cutaneous Squamous Cell Carcinoma,ACTIVE_NOT_RECRUITING,2028-01-07,"DFS defined as time from randomization to the first documented disease recurrence (local, regional and/or distant); or death due to any cause.",
NCT06132958,TroFuse-005,MK-2870-005; MK-2870-005/ENGOT-en23/GOG-3095,2870-005,2023-504816-14-00; U1111-1288-7581; jRCT2031240041,Sacituzumab tirumotecan; SKB264 MK-2870; Doxorubicin; ADRIAMYCIN®; Paclitaxel; TAXOL®; Nab-paclitaxel; Abraxane; Rescue medications,sacituzumab tirumotecan,Merck Sharp & Dohme LLC,European Network of Gynaecological Oncological Trial Groups (ENGOT); GOG Foundation,Sacituzumab Tirumotecan (MK-2870) in Post Platinum and Post Immunotherapy Endometrial Cancer (MK-2870-005),Endometrial Cancer,ACTIVE_NOT_RECRUITING,2028-01-10,Progression-free Survival (PFS) per Response Evaluation Criteria in Solid Tumors (RECIST) 1.1 as Assessed by Blinded Independent Central Review (BICR) | Overall Survival (OS),
NCT07294508,,,HLX87-BC001,,HLX87 + HLX22; HLX87 + Pertuzumab; T-Dxd + Pertuzumab; THP,hlx87 + hlx22,Shanghai Henlius Biotech,,A Study to Evaluate HLX22 in Combination With HLX87 in Patients With HER2-Positive Recurrent or Metastatic Breast Cancer,HER2 + Breast Cancer,RECRUITING,2028-01-15,Objective response rate (ORR) (assessed by the blinded independent central review [BICR] as per RECIST v1.1) | Progression-free survival (PFS) (assessed by BICR as per RECIST v1.1),
NCT07366840,BRIGHT,,2510331-7,,Disitamab Vedotin; RC48; Gemcitabine; Capecitabine; Trastuzumab; Inetetamab,disitamab vedotin,Fudan University,,RC48 Combined With Chemotherapy in HER2-Positive Advanced Breast Cancer Patients With Prior TOP1i-ADC Failure,HER2-positive Breast Cancer; Metastatic Breast Cancer,NOT_YET_RECRUITING,2028-01-16,Median progression free survival (by investigator),
NCT05255471,MITO 35B,,MITO35B/EudraCT:2021-000245-41,,Olaparib; Chemotherapy drug,olaparib,"National Cancer Institute, Naples",,MITO 35B: Olaparib Beyond Progression Compared to Platinum Chemotherapy After Secondary Cytoreductive Surgery in Recurrent Ovarian Cancer Patients.,Ovarian Cancer,RECRUITING,2028-01-21,Progression-free survival (PFS) | Progession free survival 2 (PFS2),
NCT06345729,,MK-1084-004/KANDLELIT-004; KANDLELIT-004,1084-004,MK-1084-004; U1111-1296-8093; 2023-507776-42-00; jRCT2031240213; PHRR241128-007796; KANDLELIT-004,Calderasib; MK-1084; Pembrolizumab; MK-3475; KEYTRUDA ®,calderasib,Merck Sharp & Dohme LLC,,A Study of Calderasib (MK-1084) Plus Pembrolizumab (MK-3475) in Participants With KRAS G12C Mutant Non-small Cell Lung Cancer (NSCLC) With Programmed Cell Death Ligand 1 (PD-L1) Tumor Proportion Score (TPS) ≥50% (MK-1084-004/KANDLELIT-004),Non-small Cell Lung Cancer,RECRUITING,2028-01-24,Progression-Free Survival (PFS),
NCT03793166,,,NCI-2018-03694,NCI-2018-03694; A031704; U10CA180821,"Biospecimen Collection; Biological Sample Collection; Biospecimen Collected; Sample Collection; Specimen Collection; Bone Scan; Bone Scintigraphy; Cabozantinib; Computed Tomography; CAT; CAT Scan; Computed Axial Tomography; Computerized Axial Tomography; Computerized axial tomography (procedure); Computerized Tomography; Computerized Tomography (CT) scan; CT; CT Scan; Diagnostic CAT Scan; Diagnostic CAT Scan Service Type; tomography; Ipilimumab; Anti-Cytotoxic T-Lymphocyte-Associated Antigen-4 Monoclonal Antibody; BMS 734016; BMS-734016; BMS734016; Ipilimumab Biosimilar CS1002; MDX 010; MDX-010; MDX-CTLA4; MDX010; Yervoy; Magnetic Resonance Imaging; Magnetic Resonance; Magnetic Resonance Imaging (MRI); Magnetic resonance imaging (procedure); Magnetic Resonance Imaging Scan; Medical Imaging, Magnetic Resonance / Nuclear Magnetic Resonance; MR; MR Imaging; MRI; MRI Scan; MRIs; NMR Imaging; NMRI; Nuclear Magnetic Resonance Imaging; sMRI; Structural MRI; Nivolumab; ABP 206; BCD-263; BMS 936558; BMS-936558; BMS936558; CMAB819; MDX 1106; MDX-1106; MDX1106; NIVO; Nivolumab Biosimilar ABP 206; Nivolumab Biosimilar BCD-263; Nivolumab Biosimilar CMAB819; ONO 4538; ONO-4538; ONO4538; Opdivo; Quality-of-Life Assessment; Quality of Life Assessment; Questionnaire Administration",cabozantinib,National Cancer Institute (NCI),,"Immunotherapy With Nivolumab and Ipilimumab Followed by Nivolumab or Nivolumab With Cabozantinib for Patients With Advanced Kidney Cancer, The PDIGREE Study",Clear Cell Renal Cell Carcinoma; Metastatic Malignant Neoplasm in the Bone; Metastatic Malignant Neoplasm in the Lymph Nodes; Metastatic Malignant Neoplasm in the Soft Tissue; Metastatic Malignant Neoplasm in the Viscera; Rhabdoid Tumor of the Kidney; Sarcomatoid Renal Cell Carcinoma; Stage III Renal Cell Cancer AJCC v8; Stage IV Renal Cell Cancer AJCC v8,ACTIVE_NOT_RECRUITING,2028-01-25,Overall survival (OS),
NCT06054555,,,20210031,2023-503288-40,ABP 206; Nivolumab; OPDIVO®,abp 206,Amgen,,A Study to Evaluate ABP 206 Compared With OPDIVO® (Nivolumab) in Subjects With Unresectable or Metastatic Melanoma,Melanoma,ACTIVE_NOT_RECRUITING,2028-01-25,Objective response by Week 49 | Objective response at Week 17 | Progression-free survival (PFS) | Overall survival (OS) | Duration of response (DOR),
NCT06170788,TroFuse-007,MK-2870-007,2870-007,MK-2870-007; 2023-503376-24-00; jRCT2051240089; U1111-1287-1395,Sacituzumab tirumotecan; SKB264; MK-2870; Pembrolizumab; MK-3475; KEYTRUDA®; SCH 900475; Supportive care measures,sacituzumab tirumotecan,Merck Sharp & Dohme LLC,,Sacituzumab Tirumotecan (MK-2870) in Combination With Pembrolizumab Versus Pembrolizumab Alone in Metastatic Non-small Cell Lung Cancer (NSCLC) With Programmed Cell Death Ligand 1 (PD-L1) Tumor Proportion Score (TPS) ≥ 50% (MK-2870-007),Non-small Cell Lung Cancer (NSCLC),RECRUITING,2028-01-25,Overall Survival (OS),
NCT05902169,SONOBIRD,,SC9-GBM-03,2023-505829-14-00,SonoCloud-9 (SC9); Carboplatin; CycloButane DiCarboxylic Acid (CBDCA); Lomustine; 1-(2-chloroethyl)-3-cyclohexyl-1-nitrosourea (CCNU); Temozolomide; Temodal,carboplatin,CarThera,,Sonocloud-9 in Association With Carboplatin Versus Standard-of-Care Chemotherapies (CCNU or TMZ) in Recurrent GBM,Glioblastoma; Recurrent Glioblastoma; GBM,RECRUITING,2028-01-28,Overall survival (OS),
NCT06203210,IDeate-Lung02,,DS7300-188,2023-509628-16-00; 2031230631,Ifinatamab deruxtecan; I-DXd; Topotecan; Amrubicin; Lurbinectedin,ifinatamab deruxtecan,Daiichi Sankyo,Merck Sharp & Dohme LLC,A Study of Ifinatamab Deruxtecan Versus Treatment of Physician's Choice in Subjects With Relapsed Small Cell Lung Cancer,Small Cell Lung Cancer,RECRUITING,2028-01-30,Overall Survival (OS),
NCT04136353,DASL-HiCaP,,ANZUP1801,U1111-1239-0771,Darolutamide; Luteinizing Hormone-Releasing Hormone Analog; External Beam Radiotherapy,darolutamide,University of Sydney,Australian and New Zealand Urogenital and Prostate Cancer Trials Group; Bayer; Cancer Trials Ireland; Canadian Cancer Trials Group; Memorial Sloan Kettering Cancer Center; Prostate Cancer Clinical Trials Consortium,Darolutamide Augments Standard Therapy for Localised Very High-Risk Cancer of the Prostate,Prostate Cancer,ACTIVE_NOT_RECRUITING,2028-01-31,Metastasis-free survival,
NCT04457596,,,A011801,U10CA180821; NCI-2020-03770,Trastuzumab Emtansine; Tucatinib; Questionnaire Administration; Quality-of-Life Assessment,tucatinib,Alliance for Clinical Trials in Oncology,National Cancer Institute (NCI); Seagen Inc.,"T-DM1 and Tucatinib Compared With T-DM1 Alone in Preventing Relapses in People With High Risk HER2-Positive Breast Cancer, the CompassHER2 RD Trial",Anatomic Stage II Breast Cancer AJCC v8; Anatomic Stage III Breast Cancer AJCC v8; HER2 Positive Breast Carcinoma; Invasive Breast Carcinoma; Multifocal Breast Carcinoma; Synchronous Bilateral Breast Carcinoma; Anatomic Stage I Breast Cancer AJCC v8,ACTIVE_NOT_RECRUITING,2028-01-31,Modified invasive disease-free survival (iDFS),
NCT07393542,,NEC-UC2,SHR-A2102-302,,SHR-A2102 and Adebrelimab; Gemcitabine and cisplatin / carboplatin,shr-a2102 and adebrelimab,"Suzhou Suncadia Biopharmaceuticals Co., Ltd.",,A Trial of SHR-A2102 With Adebrelimab in Locally Advanced or Metastatic Urothelial Carcinoma,Locally Advanced or Metastatic Urothelial Carcinoma,RECRUITING,2028-01-31,"Progression-free survival(PFS), assessed by BICR",
NCT06496178,,LiGeR-HN2,MCLA-158-CL02,2023-510322-32-00,Petosemtamab; Investigator's Choice,petosemtamab,Merus B.V.,,A Phase 3 Study to Evaluate Petosemtamab Compared With Investigator's Choice Monotherapy in Previously Treated Head and Neck Squamous Cell Carcinoma Patients (LiGeR-HN2),Head and Neck Squamous Cell Carcinoma,ACTIVE_NOT_RECRUITING,2028-02,Overall Survival (OS),
NCT06522737,TERZO,,SBI-0145-304,2024-516605-23-00,Duvelisib; Gemcitabine; Bendamustine,duvelisib,SecuraBio,,A Study of Duvelisib Versus Gemcitabine or Bendamustine in Participants With Relapsed/Refractory Nodal T Cell Lymphoma With T Follicular Helper (TFH) Phenotype,Lymphoma,RECRUITING,2028-02,Progression-free Survival (PFS) as assessed by the Independent Review Committee (IRC),
NCT04733820,,,2020-S111,,Adjuvant chemotherapy,adjuvant chemotherapy,Huazhong University of Science and Technology,Women's Hospital School Of Medicine Zhejiang University; Qilu Hospital of Shandong University; Obstetrics & Gynecology Hospital of Fudan University; First Affiliated Hospital of Chongqing Medical University; Hunan Cancer Hospital; The Third Xiangya Hospital of Central South University,Clinical Efficacy of Adjuvant Chemotherapy in Patients With Locally Advanced Cervical Cancer Who Did Not Meet the NCCN Guidelines for Adjuvant Treatment After NACT Combined With Surgery,Uterine Cervical Neoplasms; Cervical Cancer,RECRUITING,2028-02-01,Disease-free survival (DFS),
NCT06080776,,,SHC013-III-02,,SH-1028 tablets,sh-1028 tablets,"Nanjing Sanhome Pharmaceutical, Co., Ltd.",,SH-1028 Tablets Versus Placebo as Adjuvant Therapy in Resected Stage II-IIIB NSCLC With Sensitizing EGFR Mutations,Non-small Cell Lung Cancer,RECRUITING,2028-02-01,Disease free survival (DFS) assessed by Independent Review Committee (IRC),
NCT06127407,CHONQUER,,CL3-95031-007,,Ivosidenib 500mg,ivosidenib,Servier Bio-Innovation LLC,Institut de Recherches Internationales Servier,Ivosidenib in Participants With Locally Advanced or Metastatic Conventional Chondrosarcoma Untreated or Previously Treated With 1 Systemic Treatment Regimen,"Locally Advanced or Metastatic Conventional Chondrosarcoma With an IDH1 Mutation, Untreated or Previously Treated With 1 Systemic Treatment Regimen",RECRUITING,2028-02-01,Progression-free survival (PFS) based on Blinded Independent Central Reviewer (BICR) assessment in Grade 1 and Grade 2 participants,
NCT06829459,,,SYH2065-002,,Glumetinib; Osimertinib mesylate; Pemetrexed; Cisplatin or carboplatin,glumetinib,Shanghai JMT-Bio Inc.,,A Study to Evaluate the Efficacy and Safety of Glumetinib Combined With Osimertinib Mesylate Versus Platinum-based Doublet Chemotherapy in Non-Small Cell Lung Cancer Patients After Resistance to EGFR-TKIs,Non-Small Cell Lung Cancer,RECRUITING,2028-02-15,PFS as assessed by IRC,
NCT05760612,,,SYSKY-2023-075-03,,Trastuzumab and neratinib; Trastuzumab and Pertuzumab,trastuzumab and neratinib,Sun Yat-Sen Memorial Hospital of Sun Yat-Sen University,,Adjuvant Trastuzumab Plus Neratinib in Hormone Receptor-Positive/Human Epidermal Growth Factor Receptor 2-Positive Breast Cancer After Neoadjuvant Trastuzumab Plus Pertuzumab,Early-stage Breast Cancer; HER2-positive Breast Cancer; Adjuvant Treatment After Trastuzumab; RCB Classification 1-2; Neratini,RECRUITING,2028-02-16,"Invasive disease free survival, IDFS",
NCT06796803,,HCC,MA-HCC-II/III-026,2024ZD0520401,camrelizumab combined with rivoceranib and HAIC; camerlizumab + rivoceranib,camrelizumab combined with rivoceranib and haic,Shanghai Zhongshan Hospital,"Jiangsu Hengrui Pharmaceutical Co., Ltd.",Camrelizumab Combined With Rivoceranib and Hepatic Arterial Infusion Chemotherapy (HAIC) as Conversion Therapy for Potentially Resectable Hepatocellular Carcinoma(HCC),Potentially Resectable Hepatocellular Carcinoma,RECRUITING,2028-02-20,R0 rate | dual primary endpoint: EFS and OS,
NCT07021339,ATLAS/NOA-29,,70114652,290/23,Anterior temporal lobectomy (ATL); Gross Total Resection (GTR),,"University Hospital, Bonn","University Hospital, Aachen; Kantonsspital Aarau, Department of Neurosurgery; Dortmund Hospital, Neurosurgical Department; HELIOS Hospital, Erfurt, Germany; University Hospital, Essen; University Hospital Frankfurt, Department of Neurosurgery; University Hospital Giessen, Department of Neurosurgery; University Medical Center Göttingen, Department of Neurosurgery; Universitätsklinikum Hamburg-Eppendorf; University Hospital Heidelberg; Jena University Hospital; University of Cologne, Center of Neurosurgery Department of General Neurosurgery; University Hospital Leipzig, Department of Neurosurgery; University Medical Center Schleswig-Holstein/Lübeck, Department of Neurosurgery; Medical Faculty University Hospital Magdeburg, University Clinic for Neurosurgery; University Medical Center Mainz, Department of Neurosurgery; University Hospital Mannheim, Medical Faculty Mannheim, Department of Neurosurgery; Technical University of Munich; LMU University Hospital, Department of Neurosurgery; University Hospital of Münster, Department of Neurosurgery; University Hospital Regensburg; University Medical Center Rostock; University Hospital Tübingen, Department of Neurosurgery; University Hospital Ulm/Günzburg, University of Ulm, Department of Neurosurgery; Medical University of Vienna, Department of Neurosurgery",Anterior Temporal Lobectomy in Temporal Glioblastoma,Newly-diagnosed Glioblastoma; Temporal Lobe,RECRUITING,2028-02-28,Overall survival | Patient-reported Quality of Life,non-inferiority mentioned
NCT06161025,,,DS6000-109,REJOICE-Ovarian01; ENGOT-ov77; GOG-3096; jRCT2031230556,R-DXd; DS-6000a; Paclitaxel; Topotecan; PLD; Pegylated Liposomal Doxorubicin,r-dxd,Daiichi Sankyo,Merck Sharp & Dohme LLC,"A Study of Raludotatug Deruxtecan (R-DXd) in Subjects With Platinum-resistant, High-grade Ovarian, Primary Peritoneal, or Fallopian Tube Cancer",Solid Cancer,RECRUITING,2028-02-29,Objective Response Rate (ORR) Based on Blinded Independent Central Review (BICR) Assessment (Part A) | Progression-free Survival (PFS) Based on BICR Assessment (Part B),
NCT07286331,,BEHOLD-Endometrial01,224038,2025-523362-25-00; ENGOT-en34; GOG-3131; APGOT-EN4,Mocertatug rezetecan; Paclitaxel; Doxorubicin,mocertatug rezetecan,GlaxoSmithKline,"ENGOT, GOG, APGOT",A Study to Investigate Mocertatug Rezetecan Compared With Chemotherapy in Participants With Endometrial Cancer After Platinum-based Chemotherapy and Immunotherapy (BEHOLD-Endometrial01),"Neoplasms, Endometrial",RECRUITING,2028-02-29,Objective response rate (ORR) by BICR | Progression Free Survival (PFS) by BICR,
NCT04916613,GETUG-AFU 40,PEACE6-Vulnerable,UC-GTG-2006,2022-502425-18-00; 2020-003663-26,Darolutamide 300 mg; Nubeqa®; Androgen deprivation therapy; ADT,darolutamide,UNICANCER,Bayer,ADT +/- Darolutamide in de Novo Metastatic Prostate Cancer Patients With Vulnerable Functional Ability (PEACE6-Vulnerable),Prostate Cancer Metastatic,RECRUITING,2028-03,Radiographic progression-free survival,
NCT05100641,,,CL-GBM-P02-US,,AV-GBM-1; Autologous monocytes,av-gbm-1,"Aivita Biomedical, Inc.",,AV-GBM-1 vs Control as Adjunctive Therapy Following Surgery and RT/TMZ in Newly Diagnosed GBM,Primary Glioblastoma,NOT_YET_RECRUITING,2028-03,Overall survival from date of randomization,
NCT05549297,,TEBE-AM,IMCgp100-203,,Tebentafusp; Tebentafusp with Pembrolizumab; Investigators Choice,tebentafusp,Immunocore Ltd,,Tebentafusp Regimen Versus Investigator's Choice in Previously Treated Advanced Melanoma (TEBE-AM),Advanced Melanoma,RECRUITING,2028-03,Overall Survival (OS),
NCT06340568,Fern-EC-01,,BNT323-01,GOG-3105; 2023-507525-42-00; ENGOT- EN25/NSGO-CTU,BNT323/DB-1303; trastuzumab pamirtecan; Doxorubicin; Paclitaxel; Docetaxel,bnt323/db-1303,BioNTech SE,"DualityBio Inc.; BioNTech (Shanghai) Pharmaceuticals Co., Ltd.",A Clinical Study of the Anti-cancer Effects of an Investigational Therapy or Chemotherapy in Patients With Recurring Uterine Cancer,Endometrial Cancer,RECRUITING,2028-03,Cohort 1: PFS assessed by blinded independent central review (BICR) in participants with HER2 IHC 1+/2+ recurrent endometrial cancer | Cohort 2: ORR assessed by BICR in participants with HER2 IHC 3+ recurrent endometrial cancer,
NCT06508658,EPCORE DLBCL-4,,M22-128,2024-510965-41,Epcoritamab; Rituximab; Lenalidomide; Oxaliplatin; Gemcitabine,epcoritamab,Genmab,AbbVie,A Study of Subcutaneously Injected Epcoritamab Plus Oral Lenalidomide Tablets Compared to Intravenously (IV) Infused Rituximab Plus IV Infused Gemcitabine and IV Infused Oxaliplatin in Adult Participants With Relapsed or Refractory Diffuse Large B-Cell Lymphoma,Diffuse Large B-Cell Lymphoma,ACTIVE_NOT_RECRUITING,2028-03,Arm A vs Arm B: Progression-Free Survival (PFS),
NCT06789796,,,QL1706-310,,Iparomlimab and Tuvonralimab (QL1706); QL1604,iparomlimab and tuvonralimab,"Qilu Pharmaceutical Co., Ltd.",,a Study of QL1706 or QL1604 in Patients With Limited-stage Small Cell Lung Cancer After Chemoradiotherapy.,Small-cell Lung Cancer,NOT_YET_RECRUITING,2028-03,Progression-free survival (PFS) | Overall survival (OS),
NCT07008976,,,TQB2102-III-02,,TQB2102 Injection; Trastuzumab Emtansine for Injection,tqb2102 injection,"Chia Tai Tianqing Pharmaceutical Group Nanjing Shunxin Pharmaceutical Co., Ltd.",,Clinical Trial of TQB2102 for Injection Versus Trastuzumab Emtansine for Injection in HER2-positive Advanced Breast Cancer,Metastatic Breast Cancer,RECRUITING,2028-03,The Progression-Free Survival (PFS) evaluated by Independent Review Committee (IRC),
NCT07111832,,,SHR-A1811-313,,SHR-A1811 for Injection; SHR-1316 Injection; Toripalimab Injection; Paclitaxel for Injection,shr-a1811 for injection,"Suzhou Suncadia Biopharmaceuticals Co., Ltd.",,A Clinical Trial of SHR-A1811 in the Treatment of Triple-negative Breast Cancer,PD-L1-positive Locally Recurrent Unresectable or Metastatic Triple-negative Breast Cancer,RECRUITING,2028-03,Progression free survival (PFS),
NCT07723248,Himalayas-1,,ORIC-944-05,2026-525340-15-00,Rinzimetostat; ORIC-944; Darolutamide; Nubeqa; Enzalutamide; Xtandi; Docetaxel; Taxotere,,ORIC Pharmaceuticals,Bayer,A Study to Learn About the Investigational Drug Rinzimetostat (ORIC-944) in Patients With mCRPC Who Were Previously Treated With Abiraterone Acetate (Himalayas-1),Metastatic Castration Resistant Prostate Cancer,RECRUITING,2028-03,Radiographic Progression Free Survival assessed by blinded independent central review (BICR) per RECIST v1.1 and Prostate Cancer Clinical Trials Working Group 3 (PCWG3),
NCT05727904,,,IOV-MEL-301,TILVANCE-301; TILVANCE,Lifileucel plus Pembrolizumab; LN-144; Pembrolizumab; Pembrolizumab with Optional Crossover Period,lifileucel plus pembrolizumab,"Iovance Biotherapeutics, Inc.",,Study to Investigate Lifileucel Regimen Plus Pembrolizumab Compared With Pembrolizumab Alone in Participants With Untreated Advanced Melanoma.,Metastatic Melanoma; Unresectable Melanoma; Melanoma,RECRUITING,2028-03-01,Objective Response Rate and Progression Free Survival,
NCT05904964,,the Rosy Trial,SYSKY-2022-208-01,,Disitamab vedotin; RC48; Endocrine therapy,disitamab vedotin,Sun Yat-Sen Memorial Hospital of Sun Yat-Sen University,,"Disitamab Vedotin (RC48) in Hormone Receptor Positive, HER2-low Metastatic Breast Cancer (the Rosy Trial)",HR Positive/HER2 Low Expression Metastatic Breast Cancer,RECRUITING,2028-03-01,Progression free survival (PFS),
NCT06339060,PALACE3,,RTS-022,,Experimental: Arm 1 Organ preservation; Active Comparator: Arm 2 Surgery,experimental: arm 1 organ preservation,Ruijin Hospital,,An Organ Preservation Strategies After Chemoradiotherapy Combined With Immunotherapy for Esophageal Cancer (PALACE3).,Esophageal Cancer,RECRUITING,2028-03-01,3-year overall survival rate,
NCT07684456,,,BG02-2601,,Utidelone Capsule; Utidelone Injection; Capecitabine,utidelone capsule,"Beijing Biostar Pharmaceuticals Co., Ltd.",,Efficacy and Safety of Utidelone Capsule and Utidelone Injection in Patients With HER-2 Negative Advanced Breast Cancer,Advanced Breast Cancer,NOT_YET_RECRUITING,2028-03-01,Progression-Free Survival,
NCT06642844,PHARBEVACOL,,DR230009,,"Avastin, 25 Mg/mL Intravenous Solution; Experimental group; Control group",,"University Hospital, Tours","CHU DE BESANCON; Gustave Roussy, Cancer Campus, Grand Paris; University Hospital, Clermont-Ferrand; CHU de Reims; CHU de Brest; Pitié-Salpêtrière Hospital; University Hospital, Rouen; Poitiers University Hospital; Institut Paoli-Calmettes; Rennes University Hospital; University Hospital, Toulouse; AP-HP, Hôpital Saint-Louis; HCL Hôpital Edouard Hériot; Centre Hospitalier Universitaire Dijon; Nantes University Hospital; Centre Hospitalier Universitaire, Amiens; Hôpital Privé Jean Mermoz; AP-HP, Hôpital Henri Mondor; Hopital Paul Brousse; CHG de St-Malo; Polyclinique de Blois; University Hospital, Caen; Central Hospital, Nancy, France",Bevacizumab-based Chemotherapy Adapted to Bevacizumab Pharmacokinetics in 1st-line Treatment,Unresectable Metastatic Colorectal Cancer,RECRUITING,2028-03-04,The primary endpoint is progression-free survival (PFS),
NCT07445048,,,BPL-Nim-SCCHN-91,,Bemcentinib; Nimotuzumab; Nimotuzumab injection; radiotherapy,bemcentinib,Shanghai Ninth People's Hospital Affiliated to Shanghai Jiao Tong University,,Postoperative Radiotherapy Combined With Nimotuzumab Followed by Benmelstobart in High-Risk Patients With Head and Neck Squamous Cell Carcinoma,Head & Neck Squamous Cell Carcinoma; Head & Neck Cancer; Postoperative Adjuvant Treatment,RECRUITING,2028-03-05,Disease-Free Survival (DFS,
NCT07144280,,NSCLC,C5851005,2025-521281-97-00,PF-08046054; SGN-PDL1V; Docetaxel monotherapy,pf-08046054,Pfizer,,A Study to Learn About the Study Medicine Called PF-08046054/SGN-PDL1V Versus Docetaxel in Adult Participants With Previously-Treated Programmed Cell Death Ligand 1 (PD-L1) Positive Non-Small-Cell Lung Cancer (NSCLC),Non-small Cell Carcinoma; Non-Small Cell Lung Cancer Metastatic; Non-Small Cell Lung Carcinoma,RECRUITING,2028-03-10,Overall Survival,
NCT06876714,,,A012303,NCI-2024-10478,Trastuzumab (Herceptin); Pertuzumab; Echocardiography; Multigated Acquisition Scan; Mammography; Ultrasound; Magnetic Resonance Imaging; Biospecimen Collection; Questionnaire Administration,,Alliance for Clinical Trials in Oncology,National Cancer Institute (NCI),ShortStop-HER2: 12 Months vs. 6 Months of HER2-targeted Medications for People With HER2+ Breast Cancer Who Had a Pathologic Complete Response After Chemotherapy Plus Trastuzumab,Anatomic Stage I Breast Cancer AJCC v8; Anatomic Stage II Breast Cancer AJCC v8; Early Stage HER2+ Breast Cancer,RECRUITING,2028-03-13,Recurrence-free survival (RFS) | Functional Assessment of Cancer Therapy-Breast (FACT-B) total score (Quality of life),non-inferiority mentioned
NCT06926868,,IZABRIGHT-Breast01,CA244-0008,2024-519871-24; U1111-1316-1533,Iza-bren; BMS-986507; BL-B01D1; Izalontamab brengitecan; Nab-paclitaxel; Paclitaxel; Capecitabine; Carboplatin; Gemcitabine,iza-bren,Bristol-Myers Squibb,SystImmune Inc.,"A Study of Izalontamab Brengitecan Versus Chemotherapy in Participants With Previously Untreated, Locally Advanced, Recurrent Inoperable, or Metastatic Triple-negative Breast Cancer Ineligible for Anti-PD(L)1 Drugs (IZABRIGHT-Breast01)",Breast Neoplasms,RECRUITING,2028-03-13,Progression-Free Survival (PFS) | Recommended Phase 3 Dose (RP3D) of BMS-986507,
NCT06908993,COMET,,IFCT-2404,2024-519971-25-00,Tepotinib; Pemetrexed (Alimta); Vinorelbine; Gemcitabine alone; Docetaxel; Paclitaxel; Pembrolizumab; Nivolumab; Atezolizumab,tepotinib,Intergroupe Francophone de Cancerologie Thoracique,,Tepotinib vs Standard Treatment in Patients With Advanced MET Exon 14 Mutated Non-Small Cell Lung Cancer Previously Treated,Advanced Non Small Cell Lung Cancer; MET Exon 14 Mutation,RECRUITING,2028-03-15,Progression-Free Survival (PFS),
NCT06350097,TROPION-Lung14,,D516NC00001,2023-509883-89-00,"Osimertinib; Osimertinib: Tagrisso, AZD9291; Datopotamab Deruxtecan; Dato-DXd, DS-1062a",datopotamab deruxtecan,AstraZeneca,Daiichi Sankyo,"Phase III, Open-label Study of First-line Osimertinib With or Without Datopotamab Deruxtecan for EGFRm Locally Advanced or Metastatic Non-small Cell Lung Cancer",Non-small Cell Lung Cancer,RECRUITING,2028-03-21,To demonstrate the superiority of osimertinib in combination with Datopotamab Deruxtecan relative to osimertinib by assessment of Progression Free Survival (PFS) by BICR in all randomised participants.,
NCT07853209,,,FC705-3,,[177-Lu]Ludotadipep; Best supportive care/standard of care (BSC/SOC) alone,[177-lu]ludotadipep,FutureChem,,A Phase 3 Study of [177Lu]Ludotadipep for Metastatic Castration-Resistant Prostate Cancer,Prostate Cancer; mCRPC,RECRUITING,2028-03-26,Radiographic Progression-Free Survival (rPFS),
NCT06091865,OLYMPIA-3,,R1979-ONC-2105,2022-502785-25-00,Odronextamab; REGN1979; Ordspono™; Rituximab; RITUXAN®; Cyclophosphamide; Cytoxan®; Doxorubicin; Adriamycin®; Vincristine; Oncovin®; Vincasar PFS®; Prednisone/Prednisolone; Deltasone®/OMNIPRED®,odronextamab,Regeneron Pharmaceuticals,,"A Study to Compare How Well Odronextamab Combined With Chemotherapy Works and How Safe it is Against Rituximab Combined With Chemotherapy, in Adult Patients With Previously Untreated Diffuse Large B-cell Lymphoma",Diffuse Large B-cell Lymphoma (DLBCL),RECRUITING,2028-03-30,"Incidence of Dose Limiting Toxicities (DLTs) | Incidence of Treatment Emergent Adverse Events (TEAEs) | Severity of TEAEs | Progression Free Survival (PFS), assessed by Independent Central Review (ICR)",
NCT04248452,,EGA,EA2183,NCI-2019-06460; EA2183; U10CA180820,"Capecitabine; Ro 09-1978/000; Xeloda; Fluorouracil; 5 Fluorouracil; 5 Fluorouracilum; 5 FU; 5-Fluoro-2,4(1H, 3H)-pyrimidinedione; 5-Fluorouracil; 5-Fluracil; 5-FU; 5FU; AccuSite; Carac; Fluoro Uracil; Fluouracil; Flurablastin; Fluracedyl; Fluracil; Fluril; Fluroblastin; Ribofluor; Ro 2-9757; Ro-2-9757; Leucovorin; folinic acid; Leucovorin Calcium; Adinepar; Calcifolin; Calcium (6S)-Folinate; Calcium Folinate; Calcium Leucovorin; Calfolex; Calinat; Cehafolin; Citofolin; Citrec; Citrovorum Factor; Cromatonbic Folinico; Dalisol; Disintox; Divical; Ecofol; Emovis; Factor, Citrovorum; Flynoken A; Folaren; Folaxin; FOLI-cell; Foliben; Folidan; Folidar; Folinac; Folinate Calcium; Folinic Acid Calcium Salt Pentahydrate; Folinoral; Folinvit; Foliplus; Folix; Imo; Lederfolat; Lederfolin; Leucosar; leucovorin; Rescufolin; Rescuvolin; Tonofolin; Wellcovorin; Oxaliplatin; 1-OHP; Ai Heng; Aiheng; Dacotin; Dacplat; Diaminocyclohexane Oxalatoplatinum; Eloxatin; Eloxatine; JM-83; Oxalatoplatin; Oxalatoplatinum; RP 54780; RP-54780; SR-96669; Radiation Therapy; Cancer Radiotherapy; Irradiate; irradiated; Irradiation; RADIATION; Radiation Therapy, NOS; Radiotherapeutics; RADIOTHERAPY; RT; Therapy, Radiation",,ECOG-ACRIN Cancer Research Group,National Cancer Institute (NCI),Testing the Addition of Radiotherapy to the Usual Treatment (Chemotherapy) for Patients With Esophageal and Gastric Cancer That Has Spread to a Limited Number of Other Places in the Body,Clinical Stage IV Esophageal Adenocarcinoma AJCC v8; Clinical Stage IV Gastric Cancer AJCC v8; Clinical Stage IVA Esophageal Adenocarcinoma AJCC v8; Clinical Stage IVA Gastric Cancer AJCC v8; Clinical Stage IVB Esophageal Adenocarcinoma AJCC v8; Clinical Stage IVB Gastric Cancer AJCC v8; Metastatic Esophageal Adenocarcinoma; Metastatic Gastric Adenocarcinoma; Oligometastatic Esophageal Adenocarcinoma; Oligometastatic Gastric Adenocarcinoma; Pathologic Stage IV Esophageal Adenocarcinoma AJCC v8; Pathologic Stage IV Gastric Cancer AJCC v8; Pathologic Stage IVA Esophageal Adenocarcinoma AJCC v8; Pathologic Stage IVB Esophageal Adenocarcinoma AJCC v8,ACTIVE_NOT_RECRUITING,2028-03-31,Overall survival,
NCT04261244,NeoRad,,NeoRad Breast Cancer Study,,preoperative radiotherapy; postoperative radiotherapy,,Bielefeld University,,NeoRad Breast Cancer Study,Breast Cancer,RECRUITING,2028-03-31,disease free survival (DFS):,
NCT04408638,,,GO41944,2020-001021-31,Obinutuzumab; Glofitamab; Rituxumab; Tocilizumab; Gemcitabine; Oxaliplatin,obinutuzumab,Hoffmann-La Roche,,A Phase III Study Evaluating Glofitamab in Combination With Gemcitabine + Oxaliplatin vs Rituximab in Combination With Gemcitabine + Oxaliplatin in Participants With Relapsed/Refractory Diffuse Large B-Cell Lymphoma,Diffuse Large B-cell Lymphoma,ACTIVE_NOT_RECRUITING,2028-03-31,"Overall survival (OS), defined as the time from randomization to date of death from any cause",
NCT06381817,,,2024112,,Haplo-cord HCT; Haplo-HCT,haplo-cord hct,The First Affiliated Hospital of Soochow University,"Children's Hospital of Soochow University; Ruijin Hospital; Nanfang Hospital, Southern Medical University; Fujian Medical University Union Hospital; First Affiliated Hospital Xi'an Jiaotong University; Union Hospital, Tongji Medical College, Huazhong University of Science and Technology; Zhejiang University",Haplo-cord HCT vs. Haplo-HCT for T-ALL Patients,Acute T Cell Lymphoblastic Leukemia; Haploidentical Hematopoietic Stem Cell Transplantation; Cord Blood,RECRUITING,2028-03-31,Progression-free survival,
NCT05243797,MajesTEC-4,,EMN30/64007957MMY3003,,Teclistamab; JNJ-64007957; Lenalidomide,teclistamab,European Myeloma Network B.V.,Janssen Pharmaceutica,Phase 3 Study of Teclistamab in Combination With Lenalidomide and Teclistamab Alone Versus Lenalidomide Alone in Participants With Newly Diagnosed Multiple Myeloma as Maintenance Therapy Following Autologous Stem Cell Transplantation,Multiple Myeloma,RECRUITING,2028-04,Progression Free Survival (PFS) | Minimal Residual Disease (MRD)-negative Complete Response (CR),
NCT05840211,ASCENT-07,,GS-US-598-6168,2022-502593-17-00; jRCT2061230032; DOH-27-082023-6901; MOH_2023-07-17_012821; CTR20233370,Sacituzumab Govitecan-hziy; Trodelvy™; GS-0132; IMMU-132; Paclitaxel; Taxol®; Nab-paclitaxel; Abraxane®; Capecitabine; Xeloda®,sacituzumab govitecan-hziy,Gilead Sciences,,Study of Sacituzumab Govitecan Versus Treatment of Physician's Choice in Patients With Hormone Receptor-positive/Human Epidermal Growth Factor Receptor 2 Negative (HR+/HER2-) Metastatic Breast Cancer Who Have Received Endocrine Therapy,Locally Advanced or Unresectable Metastatic Breast Cancer; Stage IV Breast Cancer,ACTIVE_NOT_RECRUITING,2028-04,Progression Free Survival (PFS) as Assessed by Blinded Independent Central Review (BICR) per Response Evaluation Criteria in Solid Tumors Version 1.1 (RECIST v1.1),
NCT06346067,,SEACRAFT-2,ERAS-254-02,,Naporafenib; ERAS-254; LXH254; Dacarbazine; DTIC; Temozolomide; Temodar; TMZ; Trametinib; Mekinist,naporafenib,"Erasca, Inc.",,A Study to Assess Naporafenib (ERAS-254) Administered With Trametinib in Patients With NRAS-mutant Melanoma (SEACRAFT-2),Advanced or Metastatic NRAS-mutant Melanoma,ACTIVE_NOT_RECRUITING,2028-04,"Stage 1:To select the optimal dose of naporafenib + trametinib to be studied in Stage 2 | Stage 1:To select the optimal dose of naporafenib + trametinib to be studied in Stage 2 | Stage 1:To select the optimal dose of naporafenib + trametinib to be studied in Stage 2 | Stage 1:To select the optimal dose of naporafenib + trametinib to be studied in Stage 2 | Stage 1:To select the optimal dose of naporafenib + trametinib to be studied in Stage 2 | Stage 2: To compare PFS and OS for patients who are randomized to receive the combination of naporafenib + trametinib to that of patients who receive physician's choice of therapy (dacarbazine, temozolomide, or trametinib monotherapy)",
NCT06712420,NEOGB,,RGCIRC/IRB-BHR/26/2024,RES/SCM/61/2023/89,neoadjuvant chemotherapy; NACT; curative surgery,neoadjuvant chemotherapy,"Rajiv Gandhi Cancer Institute & Research Center, India",,Neoadjuvant Chemotherapy for Locally Advanced Gall Bladder Cancer : a Randomized Control Trial (NEOGB),Gall Bladder Carcinoma,RECRUITING,2028-04,improvement in 3 year overall survival,
NCT06767514,HARMONi-7,,SMT112-3007,,Ivonescimab Injection; Pembrolizumab Injection,ivonescimab injection,Summit Therapeutics,,Clinical Study of Ivonescimab for First-line Treatment of Metastatic NSCLC Patients With High PD-L1,Non-Small Cell Lung Cancer,RECRUITING,2028-04,Overall Survival (OS) | Progression free survival (PFS),
NCT06788990,FORTIFI-HN01,,BCA101X301,2024-519654-37-00,Ficerafusp alfa; Pembrolizumab (KEYTRUDA®),ficerafusp alfa,Bicara Therapeutics,,"FORTIFI-HN01: A Study of Ficerafusp Alfa (BCA101) or Placebo in Combination With Pembrolizumab in First-Line PD-L1-pos, R or M HNSCC",Metastatic Head and Neck Squamous Cell Carcinoma; Recurrent Head and Neck Squamous Cell Carcinoma,RECRUITING,2028-04,"Phase 2 - Incidence and severity of TEAEs, treatment-treatment emergent SAEs TEAEs leading to dose interruption, dose reduction, or permanent discontinuation. | Phase 2 - Objective Response Rate (ORR) per RECIST 1.1 by blinded independent central review (BICR) | Phase 3 - Objective Response Rate (ORR) per RECIST 1.1 by BICR. | Phase 3 - Overall Survival (OS)",
NCT06929286,,NMIBC,25-069,,Nadofaragene Firadenovec; Gemcitabine; Docetaxel,nadofaragene firadenovec,Memorial Sloan Kettering Cancer Center,,A Study Comparing Standard Treatments in People With Non-Muscle Invasive Bladder Cancer (NMIBC),Non-Muscle Invasive Bladder Cancer,RECRUITING,2028-04,high-grade recurrence-free survival,
NCT07011719,,,PEAK-1,2024-515023-11-00,Casdatifan; AB521; Cabozantinib,casdatifan,"Arcus Biosciences, Inc.",,Study of Casdatifan and Cabozantinib Versus Placebo and Cabozantinib in Patients With Advanced Clear Cell Renal Cell Carcinoma,Metastatic Clear Cell Renal Cell Carcinoma; Advanced Clear Cell Renal Cell Carcinoma,RECRUITING,2028-04,Progression-free Survival (PFS) as assessed by Blinded Independent Central Review (BICR) according to RECIST 1.1,
NCT07168200,,,SHR-1316-305,,SHR-1316 Injection; Cisplatin Injection; Carboplatin Injection; Paclitaxel Injection,shr-1316 injection,"Shanghai Shengdi Pharmaceutical Co., Ltd",,A Phase III Clinical Study of Adebrelimab Combined With Concurrent Chemoradiotherapy Versus Placebo Combined With Concurrent Chemoradiotherapy for the Treatment of Locally Advanced Cervical Cancer,Advanced Cervical Cancer,RECRUITING,2028-04,Progression-free survival (PFS),
NCT03772028,OVHIPEC-2,HIPEC,M17OVH,ENGOT-ov52/DGOG/OVHIPEC-2,cisplatin,cisplatin,The Netherlands Cancer Institute,,Primary Cytoreductive Surgery With or Without Hyperthermic Intraperitoneal Chemotherapy (HIPEC),Ovarian Cancer,ACTIVE_NOT_RECRUITING,2028-04-01,overall survival,
NCT03984448,,,NCI-2019-03711,NCI-2019-03711; A051701; U10CA180821,"Biospecimen Collection; Biological Sample Collection; Biospecimen Collected; Sample Collection; Specimen Collection; Bone Marrow Biopsy; Biopsy of Bone Marrow; Biopsy, Bone Marrow; Computed Tomography; CAT; CAT Scan; Computed Axial Tomography; Computerized Axial Tomography; Computerized axial tomography (procedure); Computerized Tomography; Computerized Tomography (CT) scan; CT; CT Scan; Diagnostic CAT Scan; Diagnostic CAT Scan Service Type; tomography; Cyclophosphamide; (-)-Cyclophosphamide; 2H-1,3,2-Oxazaphosphorine, 2-[bis(2-chloroethyl)amino]tetrahydro-, 2-oxide, monohydrate; Asta B 518; B 518; B-518; B518; Carloxan; Ciclofosfamida; Ciclofosfamide; Cicloxal; Clafen; Claphene; CP monohydrate; CTX; CYCLO-cell; Cycloblastin; Cycloblastine; Cyclophospham; Cyclophosphamid monohydrate; Cyclophosphamide Monohydrate; Cyclophosphamidum; Cyclophosphan; Cyclophosphane; Cyclophosphanum; Cyclostin; Cyclostine; Cytophosphan; Cytophosphane; Cytoxan; Fosfaseron; Frindovyx; Genoxal; Genuxal; Ledoxina; Mitoxan; Neosar; Revimmune; Syklofosfamid; WR 138719; WR- 138719; WR-138719; WR138719; Doxorubicin Hydrochloride; 5,12-Naphthacenedione, 10-[(3-amino-2,3,6-trideoxy-alpha-L-lyxo-hexopyranosyl)oxy]-7,8, 9,10-tetrahydro-6,8,11-trihydroxy-8-(hydroxyacetyl)-1-methoxy-, hydrochloride, (8S-cis)- (9CI); ADM; Adriacin; Adriamycin; Adriamycin Hydrochloride; Adriamycin PFS; Adriamycin RDF; ADRIAMYCIN, HYDROCHLORIDE; Adriamycine; Adriblastina; Adriblastine; Adrimedac; Chloridrato de Doxorrubicina; DOX; DOXO-CELL; Doxolem; Doxorubicin HCl; Doxorubicin.HCl; Doxorubin; Farmiblastina; FI 106; FI-106; FI106; hydroxydaunorubicin; Rubex; Etoposide; Demethyl Epipodophyllotoxin Ethylidine Glucoside; EPEG; Lastet; Toposar; Vepesid; VP 16; VP 16-213; VP 16213; VP-16; VP-16-213; VP-16213; VP16; VP16213; Lumbar Puncture; LP; Spinal Tap; Positron Emission Tomography; Medical Imaging, Positron Emission Tomography; PET; PET Scan; Positron emission tomography (procedure); Positron Emission Tomography Scan; Positron-Emission Tomography; PT; Prednisone; .delta.1-Cortisone; 1, 2-Dehydrocortisone; Adasone; Cortancyl; Dacortin; DeCortin; Decortisyl; Decorton; Delta 1-Cortisone; Delta-Dome; Deltacortene; Deltacortisone; Deltadehydrocortisone; Deltasone; Deltison; Deltra; Econosone; Lisacort; Meprosona-F; Metacortandracin; Meticorten; Ofisolona; Orasone; Panafcort; Panasol-S; Paracort; Perrigo Prednisone; PRED; Predicor; Predicorten; Prednicen-M; Prednicort; Prednidib; Prednilonga; Predniment; Prednisone Intensol; Prednisonum; Prednitone; Promifen; Rayos; Servisone; SK-Prednisone; Rituximab; ABP 798; ABP-798; ABP798; BI 695500; BI-695500; BI695500; Blitzima; C2B8 Monoclonal Antibody; Chimeric Anti-CD20 Antibody; CT P10; CT-P10; CTP10; GP 2013; GP-2013; GP2013; IDEC 102; IDEC-102; IDEC-C2B8; IDEC-C2B8 Monoclonal Antibody; IDEC102; Ikgdar; Mabtas; MabThera; Monoclonal Antibody IDEC-C2B8; PF 05280586; PF-05280586; PF05280586; Riabni; Ritemvia; Rituxan; Rituximab ABBS; Rituximab ARRX; Rituximab Biosimilar ABP 798; Rituximab Biosimilar BI 695500; Rituximab Biosimilar CT-P10; Rituximab Biosimilar GB241; Rituximab Biosimilar GP2013; Rituximab Biosimilar IBI301; Rituximab Biosimilar JHL1101; Rituximab Biosimilar PF-05280586; Rituximab Biosimilar RTXM83; Rituximab Biosimilar SAIT101; Rituximab Biosimilar SIBP-02; rituximab biosimilar TQB2303; Rituximab PVVR; Rituximab-abbs; Rituximab-arrx; Rituximab-blit; Rituximab-pvvr; Rituximab-rite; Rituximab-rixa; Rituximab-rixi; Rixathon; Riximyo; RTXM 83; RTXM-83; RTXM83; Ruxience; Truxima; Venetoclax; ABT 199; ABT-0199; ABT-199; ABT199; GDC 0199; GDC-0199; GDC0199; RG7601; Venclexta; Venclyxto; Vincristine Sulfate; Kyocristine; Leurocristine Sulfate; Leurocristine, sulfate; Oncovin; Vincasar; Vincosid; Vincrex; Vincristine, sulfate",venetoclax,National Cancer Institute (NCI),,"Testing the Addition of a New Anti-cancer Drug, Venetoclax, to Usual Chemotherapy for High Grade B-cell Lymphomas","Diffuse Large B-Cell Lymphoma; Diffuse Large B-Cell Lymphoma, Not Otherwise Specified; Double-Expressor Lymphoma; EBV-Positive Diffuse Large B-Cell Lymphoma, Not Otherwise Specified; High Grade B-Cell Lymphoma With MYC and BCL2 or BCL6 Rearrangements; High Grade B-Cell Lymphoma, Not Otherwise Specified; Neoplastic Cells With Double Expression of MYC and BCL2 Proteins Present; Transformed Indolent B-Cell Non-Hodgkin Lymphoma to Diffuse Large B-Cell Lymphoma",ACTIVE_NOT_RECRUITING,2028-04-01,Progression-free survival (PFS) (phase II) | PFS (phase III),
NCT06733038,AtezoTRIBE2,,AtezoTRIBE2,,Atezolizumab; Bevacizumab; Irinotecan (CPT-11); Oxaliplatin; Leucovorin; Fluorouracil (5-FU),atezolizumab,Gruppo Oncologico del Nord-Ovest,Hoffmann-La Roche,FOLFOXIRI Plus Bevacizumab With or Without Atezolizumab as 1st Line Treatment of pMMR and IS IC-High Metastatic Colorectal Cancer Patients.,Colorectal Cancer,RECRUITING,2028-04-01,Progression Free Survival (PFS),
NCT06793917,,,SYLT-030,,Tislelizumab; Oxaliplatin injection; Levo-Leucovorin; 5-fluorouracil; Paclitaxel,tislelizumab,Fujian Cancer Hospital,,"Tislelizumab Plus FOLFOX Versus POF in the Treatment of Locally Advanced: a Multicenter, Open-label, Randomized Phase III Studyunresectable or Metastatic Gastric/Gastroesophageal Junction Adenocarcinoma",Gastric Cancer,RECRUITING,2028-04-01,progression free survival,
NCT06646276,,,CA245-0001,2024-515740-23; U1111-1308-1151,BMS-986489 (Atigotatug+Nivolumab); Atezolizumab; Carboplatin; Etoposide,bms-986489,Bristol-Myers Squibb,,A Study to Compare the Efficacy and Safety of BMS-986489 (Atigotatug+ Nivolumab Fixed Dose Combination) in Combination With Carboplatin Plus Etoposide to That of Atezolizumab With Carboplatin Plus Etoposide as First-Line Therapy in Participants With Extensive-Stage Small Cell Lung Cancer (TIGOS).,Extensive-Stage Small Cell Lung Cancer,RECRUITING,2028-04-06,Overall Survival (OS),
NCT06919965,MoonRISe-3,BCG,42756493BLC3005,42756493BLC3005; 2024-519493-39-00,TAR-210; JNJ-42756493; Mitomycin C; Gemcitabine,tar-210,"Janssen Research & Development, LLC",,A Study to Evaluate TAR-210 Versus Intravesical Chemotherapy Treatment in Participants With High Risk Non-Muscle-Invasive Bladder Cancer,Non-Muscle Invasive Bladder Neoplasms,RECRUITING,2028-04-06,Disease-free Survival (DFS),
NCT07360132,,,HB0025-C-0302,,Carboplatin Injection; Paclitaxel Injection,,"Shanghai Huaota Biopharmaceutical Co., Ltd.",,Phase III Clinical Study of HB0025 Combined With Chemotherapy Versus Pembrolizumab Combined With Chemotherapy for the First-Line Treatment of Advanced Squamous Non-Small Cell Lung Cancer,Squamous Non-small Cell Lung Cancer,NOT_YET_RECRUITING,2028-04-10,Progression-free survival (PFS),
NCT07383116,,,HB0025-C-0303,,Pemetrexed injection; Carboplatin Injection; Cisplatin injection; HB0025 Injection; Tislelizumab,hb0025 injection,"Shanghai Huaota Biopharmaceutical Co., Ltd.",,Phase III Clinical Study of HB0025 Combined With Chemotherapy Versus Tislelizumab Combined With Chemotherapy as First-Line Treatment for Advanced Nonsquamous Non-Small Cell Lung Cancer,Non Squamous Non-small Cell Lung Cancer,NOT_YET_RECRUITING,2028-04-10,Progression-free survival (PFS),
NCT05890742,,,CIBI310L301,,Sintilimab; IBI310&Sintilimab; Radical surgery,ibi310&sintilimab,Innovent Biologics (Suzhou) Co. Ltd.,,"A Clinical Trial Evaluating the Efficacy and Safety of IBI310 in Combination With Sintilimab, for Neoadjuvant Treatment of MSI-H/dMMR Resectable Colon Cancer",MSI-H,ACTIVE_NOT_RECRUITING,2028-04-15,"Pathological Complete Response(pCR), defined as the proportion of subjects with no residual tumor in the primary tumor removed and in all lymph nodes removed after neoadjuvant therapy. | Event Free Survival, EFS(EFS), defined as the time from randomization to the first determination using RECIST v1.1 of inoperable disease progression, local recurrence or distant metastasis after surgery, or death from any cause, whichever occurs first.",
NCT06973187,,,BGB-16673-304,2025-522860-34-00,Tacabrutideg; BGB-16673; Pirtobrutinib; Jaypirca,tacabrutideg,BeOne Medicines,,A Study to Evaluate the Safety and Efficacy of Tacabrutideg (BGB-16673) Compared to Pirtobrutinib in Adults With Relapsed/Refractory Chronic Lymphocytic Leukemia or Small Lymphocytic Lymphoma,Chronic Lymphocytic Leukemia; Small Lymphocytic Lymphoma,RECRUITING,2028-04-17,Progression-Free Survival (PFS) per Independent Review Committee (IRC),
NCT06065748,,pionERA Breast Cancer,CO44657,2022-502980-39-00,Giredestrant; RO7197597; RG6171; GDC-9545; Fulvestrant; Abemaciclib; Palbociclib; Ribociclib; LHRH Agonist; FoundationOne Liquid CDx Assay (F1LCDx); F1LCDx,giredestrant,Hoffmann-La Roche,,"A Study to Evaluate Efficacy and Safety of Giredestrant Compared With Fulvestrant (Plus a CDK4/6 Inhibitor), in Participants With ER-Positive, HER2-Negative Advanced Breast Cancer Resistant to Adjuvant Endocrine Therapy (pionERA Breast Cancer)","Estrogen Receptor-Positive, HER2-Negative Advanced Breast Cancer",ACTIVE_NOT_RECRUITING,2028-04-20,Progression-Free Survival (PFS) in the ESR1 mutation (ESR1m) Subgroup | PFS in the Full Analysis Set (FAS) Population,
NCT06911502,,GOLSEEK-4,CA073-1003,2024-519152-82; U1111-1314-3909,Golcadomide; CC-99282; BMS-986369; Rituximab; Lenalidomide; Cyclophosphamide; Doxorubicin; Vincristine; Prednisone/Prednisolone; Bendamustine,golcadomide,Celgene,,A Study to Compare the Efficacy and Safety of Golcadomide in Combination With Rituximab (Golca + R) vs Investigator's Choice in Participants With Relapsed/Refractory Follicular Lymphoma Who Have Received at Least 1 Prior Line of Systemic Therapy (GOLSEEK-4),Follicular Lymphoma,RECRUITING,2028-04-24,Progression free survival (PFS) assessed by Independent Review Adjudication committee (IRAC),
NCT05939414,PSMA-DC,OMPC,CAAA617D12302,2022-502956-29-00,AAA617; (177Lu) vipivotide tetraxetan; piflufolastat (18F); gallium (68Ga) gozetotide (25μg),aaa617,Novartis Pharmaceuticals,,An Open-label Study Comparing Lutetium (177Lu) Vipivotide Tetraxetan Versus Observation in PSMA Positive OMPC.,Oligometastatic Prostate Cancer (OMPC),RECRUITING,2028-04-25,Blinded Independent Review Committee (BIRC) assessed Metastasis Free Survival (MFS),
NCT06435429,,,JZP598-303,2023-508960-31-00,Zanidatamab; Trastuzumab; Eribulin; Vinorelbine; Gemcitabine; Capecitabine,zanidatamab,Jazz Pharmaceuticals,,"A Study Comparing the Efficacy and Safety of Zanidatamab to Trastuzumab, Each in Combination With Physician's Choice Chemotherapy, for the Treatment of Participants With Metastatic HER2-positive Breast Cancer",Metastatic HER2-positive Breast Cancer,RECRUITING,2028-04-28,Progression-free Survival (PFS) Per RECIST Version 1.1 As Assessed by Blinded Independent Central Review (BICR),
NCT07377643,,,CIBI354B302,,Trastuzumab; IBI354; Docetaxel; Pertuzumab; Paclitaxel,ibi354,"Innovent Biopharmaceutical Technology (Hangzhou) Co., LTD.",,"IBI354 With or Without Pertuzumab Versus Taxane, Trastuzumab and Pertuzumab in HER2-positive Metastatic Breast Cancer",HER2-positive Breast Cancer,RECRUITING,2028-04-28,Progression Free Survival (PFS) by Blinded Independent Central Review (BICR) assessment,
NCT06041776,,,BD-BF-III01,,,,"Betta Pharmaceuticals Co., Ltd.",,Adjuvant Befotertinib in Stage IB-IIIB Non-small Cell Lung Cancer With Positive EGFR Sensitive Mutations,Non-Small Cell Lung Cancer; EGFR Sensitive Mutation; Adjuvant Therapy,RECRUITING,2028-04-30,Disease free survival (DFS) evaluated by investigator in patients with stage II-IIIB (T3N2M0),
NCT06747455,,,LKM-2024-BCG01,,BCG for Therapeutic Use; BCG for Therapeutic Use ( BI SAI JI ),bcg for therapeutic use,"Anhui Zhifei Longcom Biologic Pharmacy Co., Ltd.",,BCG for Therapeutic Use Phase Ⅲ Clinical Trial,BCG,ACTIVE_NOT_RECRUITING,2028-04-30,1-year RFS% | Safety endpoints | Safety endpoints | Safety endpoints | Safety endpoints | Safety endpoints | Safety endpoints,
NCT06982521,ReDiscover-2,,RLY-2608-102,,Zovegalisib; Capivasertib; TRUQAP; Fulvestrant; Faslodex,zovegalisib,"Relay Therapeutics, Inc.",,Phase 3 Study of RLY-2608 + Fulvestrant vs Capivasertib + Fulvestrant as Treatment for Locally Advanced or Metastatic PIK3CA-mutant HR+/HER2- Breast Cancer,PIK3CA Mutation; HER2- Negative Breast Cancer; Hormone Receptor Positive Tumor; Breast Cancer; Metastatic Breast Cancer; Advanced Breast Cancer,RECRUITING,2028-04-30,Progression-Free Survival (PFS) within the overall and kinase population by blinded independent central review (BICR),
NCT07373990,,,2025-FXY-462-FLK,,tislelizumab; Gemcitabine + cisplatin (GP); Cisplatin (100mg/m2); intensity-modulated radiotherapy,tislelizumab,Sun Yat-sen University,,Short-course Tislelizumab Combined With Chemoradiotherapy for Nasopharyngeal Carcinoma,Nasopharyngeal Cancinoma (NPC); Nasopharyngeal Cancer,NOT_YET_RECRUITING,2028-04-30,Failure-free survival (FFS),non-inferiority mentioned
NCT07409428,,DLBCL,2025-760-00CH1,,HMPL-760; R-GemOx; Rituximab Injection; Gemcitabine Hydrochloride for Injection; Oxaliplatin Injection,hmpl-760,Hutchmed,,A Phase III Study of HMPL-760 Plus R-GemOx VS Placebo Plus R-GemOx in Relapsed/Refractory DLBCL,Relapsed/Refractory Diffuse Large B-Cell Lymphoma,RECRUITING,2028-04-30,Progression-free survival (PFS) | End of treatment (EOT) | Systemic antitumor therapy | Overall survival (OS) | systematic anti-tumor therapy | Premature withdrawal from study treatment,
NCT07487896,,TAISHAN-303,YL201-CN-303-01,,YL201; Paclitaxel; Docetaxel; Irinotecan,yl201,"MediLink Therapeutics (Suzhou) Co., Ltd.",,A Study of YL201 Versus Investigator's Choice of Chemotherapy in Participants With Locally Advanced or Metastatic Esophageal Squamous Cell Carcinoma After Failure of First-Line Therapy,Advanced Esophageal Squamous Cell Carcinoma,RECRUITING,2028-04-30,Overall Survival (OS),
NCT05197192,,CLL,CLL16,2023-506414-46-00,Obinutuzumab; Gazyva; Gazyvaro; Venetoclax; Venclexta; Venclyxto; Acalabrutinib; Calquence,obinutuzumab,German CLL Study Group,AstraZeneca,"A Phase-3-trial of Acalabrutinib, Obinutuzumab & Venetoclax Compared to Obinutuzumab and Venetoclax in Previously Untreated Patients With High Risk CLL",Chronic Lymphocytic Leukemia,RECRUITING,2028-05,Progression-free survival (PFS),
NCT05860868,,,Two VS Three,,2 cycles induction chemotherapy; 3 cycles induction chemotherapy,2 cycles induction chemotherapy,"First Affiliated Hospital, Sun Yat-Sen University",,Two Cycles VS Three Cycles Induction Chemotherapy in T1-4N2-3 Locally Advanced Nasopharyngeal Carcinoma,Locally Advanced Nasopharyngeal Carcinoma,RECRUITING,2028-05,"FFS, Failure Free Survival",
NCT07165951,,mPDAC,TQB2868-ALTN-III-01,,TQB2868 Injection; Anlotinib Hydrochloride Capsules; Gemcitabine Hydrochloride Injection; Paclitaxel for Injection,tqb2868 injection,"Shanghai Chia Tai Tianqing Pharmaceutical Technology Development Co., Ltd.",,Clinical Trial Comparing TQB2868 Injection Combined With Anlotinib Hydrochloride Capsules With Placebo Combined With Chemotherapy as First-line Treatment for Metastatic Pancreatic Ductal Adenocarcinoma (mPDAC),Metastatic Pancreatic Ductal Adenocarcinoma,RECRUITING,2028-05,Overall Survival,
NCT07562022,,,SCTB35-A301,,SCTB35 injection; Rituximab; Lenalidomide,sctb35 injection,Sinocelltech Ltd.,,A Study to Evaluate the Safety and Efficacy of SCTB35 in Combination With Lenalidomide in Patients With Relapsed or Refractory Follicular Lymphoma,Follicular Lymphoma (FL),RECRUITING,2028-05,Adverse Events | Progression free survival (PFS),
NCT07601048,,,HRS-7058-301,,HRS-7058; Fulzerasib Tablets; Garsorasib Tablets; Glecirasib Citrate Tablets,hrs-7058,"Shandong Suncadia Medicine Co., Ltd.",,A Trial of HRS-7058 in Advanced or Metastatic Non-Small Cell Lung Cancer Patients Who Have Failed Standard Treatment,KRAS G12C-positive Advanced or Metastatic Non-Small Cell Lung Cancer Patients Who Have Failed Standard Treatment,NOT_YET_RECRUITING,2028-05,PFS based on BICR evaluation,
NCT07689630,,,UHCT260630,,Methotrexate; Anti-CD25 Monoclonal Antibody,anti-cd25 monoclonal antibody,"Union Hospital, Tongji Medical College, Huazhong University of Science and Technology",,Anti-CD25 Monoclonal Antibody for Prevention of Acute GVHD After Haploidentical HSCT,Graft Versus Host Disease; Hematologic Neoplasms,RECRUITING,2028-05,"12-month graft-versus-host disease-free, relapse-free survival",
NCT07824986,sTEADfast,,VT3989-003,,VT3989; gemcitabine; Vinorelbine,vt3989,"Vivace Therapeutics, Inc",,A Phase 3 Trial in Advanced Epithelioid Mesothelioma,Pleural Mesothelioma; Mesothelioma,NOT_YET_RECRUITING,2028-05-01,Overall Survival (OS),
NCT05841381,,,SCHBCC,,Pyrotinib; Trastuzumab; Paclitaxel,pyrotinib,Fudan University,,Adjuvant Study of Pyrotinib in Combination With Trastuzumab in HER2 Positive Invasive Breast Cancer,Breast Cancer,NOT_YET_RECRUITING,2028-05-06,Disease free survival,
NCT03701282,,CLL,NCI-2018-02127,NCI-2018-02127; EA9161; U10CA180820,"Biospecimen Collection; Biological Sample Collection; Biospecimen Collected; Sample Collection; Specimen Collection; Bone Marrow Biopsy; Biopsy of Bone Marrow; Biopsy, Bone Marrow; Computed Tomography; CAT; CAT Scan; Computed Axial Tomography; Computerized Axial Tomography; Computerized axial tomography (procedure); Computerized Tomography; Computerized Tomography (CT) scan; CT; CT Scan; Diagnostic CAT Scan; Diagnostic CAT Scan Service Type; tomography; Ibrutinib; BTK Inhibitor PCI-32765; CRA 032765; CRA-032765; CRA032765; Imbruvica; PCI 32765; PCI-32765; PCI32765; Obinutuzumab; Anti-CD20 Monoclonal Antibody R7159; GA 101; GA-101; GA101; Gazyva; huMAB(CD20); R 7159; R-7159; R7159; RO 5072759; RO-5072759; RO5072759; Quality-of-Life Assessment; Quality of Life Assessment; Venetoclax; ABT 199; ABT-0199; ABT-199; ABT199; GDC 0199; GDC-0199; GDC0199; RG7601; Venclexta; Venclyxto",venetoclax,National Cancer Institute (NCI),,Assessing the Ability of Combination Treatment With Venetoclax to Permit Time Limited Therapy in Chronic Lymphocytic Leukemia,Chronic Lymphocytic Leukemia; Small Lymphocytic Lymphoma,ACTIVE_NOT_RECRUITING,2028-05-07,Progression-free survival,
NCT06136650,,MK-5684-004; OMAHA-004,5684-004,MK-5684-004; jRCT2031240030; 2023-504957-11-00; U1111-1288-5002,Opevesostat; MK-5684; Dexamethasone; Fludrocortisone acetate; Hydrocortisone; Abiraterone acetate; Zytiga; Yonsa; Prednisone acetate; Enzalutamide; Xtandi,opevesostat,Merck Sharp & Dohme LLC,,A Study of Opevesostat (MK-5684) Versus Alternative Next-generation Hormonal Agent (NHA) in Metastatic Castration-resistant Prostate Cancer (mCRPC) Post One NHA (MK-5684-004),Metastatic Castration-resistant Prostate Cancer (mCRPC); Prostatic Neoplasms,RECRUITING,2028-05-10,Overall Survival (OS),
NCT06346197,CIME,,ET23-185,,Balstilimab; Botensilimab; Folfox Protocol; XELOX; Nivolumab,balstilimab,Centre Leon Berard,Agenus Inc.,Combination of Immune Checkpoint in Locally Advanced or Metastatic MSI/dMMR Esogastric Adenocarcinomas,Gastric Cancer; MSI-H; Metastatic Cancer; Advanced Cancer,RECRUITING,2028-05-15,Survival of patients,
NCT06846671,CaDAnCe-302,,BGB-16673-302,2024-518893-15-00,Tacabrutideg; BGB-16673; Bendamustine; Idelalisib; Rituximab; Venetoclax,tacabrutideg,BeOne Medicines,,A Study of Tacabrutideg (BGB-16673) Compared to Investigator's Choice in Participants With Chronic Lymphocytic Leukemia or Small Lymphocytic Lymphoma Previously Exposed to Both Bruton Tyrosine Kinase (BTK) and B-cell Leukemia/Lymphoma 2 Protein (BCL2) Inhibitors,CLL; Chronic Lymphocytic Leukemia,RECRUITING,2028-05-15,Progression-Free Survival (PFS) by Independent Review Committee (IRC),
NCT06944496,,RC48-C039,RC48-C039,,Disitamab Vedotin+Tislelizumab+Oxaliplatin+Capecitabine; Tislelizumab+Oxaliplatin+Capecitabine,disitamab vedotin+tislelizumab+oxaliplatin+capecitabine,"RemeGen Co., Ltd.",,A Study of Disitamab Vedotin Combined With Tislelizumab and Chemotherapy Versus Tislelizumab Combined With Chemotherapy in HER2-Low Advanced Gastric or Gastroesophageal Junction Adenocarcinoma,Gastric Carcinoma,NOT_YET_RECRUITING,2028-05-15,Progression-Free Survival,
NCT06389292,,GLORA-3,APG2575AG301,,APG-2575(Lisaftoclax ); Azacitidine Injection,apg-2575,Ascentage Pharma Group Inc.,,A Pivotal Study of APG-2575 (Lisaftoclax) Combined With Azacitidine in the Treatment of Acute Myeloid Leukemia,Acute Myeloid Leukemia,RECRUITING,2028-05-25,Overall Survival（OS）,
NCT06230224,OLYMPIA-4,,R1979-HM-2299,2022-502783-21-00,Odronextamab; R1979; Ifosfamide; Ifex; Carboplatin; Paraplatin; Etoposide; Etopophos; Rituximab; Rituxan; Dexamethasone; Decadron; Cisplatin; Platinol; Cytarabine; Cytosar-U; Gemcitabine; Gemzar,odronextamab,Regeneron Pharmaceuticals,,A Trial to Learn How Effective and Safe Odronextamab is Compared to Standard of Care for Adult Participants With Previously Treated Aggressive B-cell Non-Hodgkin Lymphoma,B-Cell Non-Hodgkin Lymphoma (B-NHL),ACTIVE_NOT_RECRUITING,2028-05-29,Event-free survival (EFS) as assessed by independent central review (ICR),
NCT05009836,SANOVO,,2020-504-00CH4,,Savolitinib; HMPL-504; Osimertinib,savolitinib,Hutchmed,,Clinical Study on Savolitinib + Osimertinib in Treatment of EGFRm+/MET+ Locally Advanced or Metastatic NSCLC,Non-small Cell Lung Cancer,ACTIVE_NOT_RECRUITING,2028-05-30,PFS,
NCT07218926,,StrateGIST 3,300383,2025-522229-37-00,IDRX-42; velzatinib - subject to USAN approval; Sunitinib,idrx-42,GlaxoSmithKline,,A Study of IDRX-42 (GSK6042981) Versus (vs) Sunitinib in Participants With Gastrointestinal Stromal Tumors After Imatinib Therapy,Gastrointestinal Neoplasms,RECRUITING,2028-05-30,Progression-Free Survival (PFS),
NCT05891093,,BCTOP-L-A01,SCHBCC-N056,,Fluzoparib; Anastrozole; Letrozole; Exemestane; Tamoxifen; Toremifene; Abemaciclib; LHRH agonist,fluzoparib,Fudan University,,Efficacy and Safety of Fluzoparib Combined With Adjuvant Endocrine Therapy for HR+/HER2- SNF3-subtype Early Breast Cancer (BCTOP-L-A01),Breast Cancer,RECRUITING,2028-05-31,invasive disease free survival (iDFS),
NCT06361888,,,2023-012-00CH1,,"Surufatinib Combined With Camrelizumab, Nab-paclitaxel, and Gemcitabine; Nab-paclitaxel Plus Gemcitabine; Surufatinib with Nab-paclitaxel, and Gemcitabine","surufatinib combined with camrelizumab, nab-paclitaxel, and gemcitabine",Hutchmed,,"A Phase II/III Trial to Evaluate the Efficacy and Safety of Surufatinib Combined With Camrelizumab, Nab-paclitaxel, and Gemcitabine in Metastatic Pancreatic Cancer",Metastatic Pancreatic Cancer,RECRUITING,2028-05-31,Overall Survival (OS),
NCT06497985,,,CDM303,,Tucidinostat; Chidamide; Sintilimab; Bevacizumab; Fruquintinib,tucidinostat,"Chipscreen Biosciences, Ltd.",,A Study of Tucidinostat in Combination With Sintilimab and Bevacizumab in MSS/pMMR Colorectal Cancer Patients,Colorectal Cancer,RECRUITING,2028-05-31,Overall Survival (OS),
NCT07076693,,,IS25085,,Radiotherapy or Surgery; Standard Medical Therapy,,Shanghai Chest Hospital,,Standard-of-care Systemic Therapy With or Without Local Therapy in Patients With Oligoprogressive Non-Small Cell Lung Cancer(NSCLC）,OligoProgressive Metastatic Disease; Non-Small Cell Lung Cancer,ACTIVE_NOT_RECRUITING,2028-05-31,Objective Response Rate (ORR) | Progression-free survival (PFS),
NCT07177794,EC-CRT-008,,B2025-404-01,,toripalimab; JS001; capecitabine; Xeloda,toripalimab,Sun Yat-sen University,"First Affiliated Hospital, Sun Yat-Sen University; Fifth Affiliated Hospital, Sun Yat-Sen University; Zhongshan People's Hospital, Guangdong, China",Consolidation of Toripalimab and Capecitabine After Chemoradiotherapy in ESCC,Esophageal Cancer; Chemoradiotherapy,RECRUITING,2028-05-31,Progression-free survival,
NCT07228832,HARMONi-GI3,,SMT112-3005,,Drug: Ivonescimab Injection; Oxaliplatin; Leucovorin; 5-Fluorouracil; Drug: Bevacizumab Injection,drug: ivonescimab injection,Summit Therapeutics,,Phase III Study of Ivonescimab or Bevacizumab Combined With FOLFOX in Patients With Metastatic Colorectal Cancer,Metastatic Colorectal Cancer (CRC),RECRUITING,2028-05-31,PFS by IRRC based on RECIST v1.1,
NCT07463651,TROPHY-15,,TROPHY-15,2025D0545700,Gilteritinib; Sorafenib,gilteritinib,The First Affiliated Hospital of Soochow University,,MRD-guided Maintenance Post-HCT: Gilteritini vs Sorafenib,Acute Myeloid Leukemia (AML); FLT3-ITD Mutation; Allogeneic Hematopoietic Cell Transplantation (HCT); Maintenance Therapy; Gilteritinib; Sorafenib,RECRUITING,2028-05-31,Measurable residual disease recurrence-free survival (MRD-RFS),
NCT07546500,ASPENOVA,,ZN-c3-020,GOG-3147; ENGOT-ov109,Investigator's choice of Chemotherapy; Azenosertib; ZN-c3,azenosertib,"K-Group, Beta, Inc., a wholly owned subsidiary of Zentalis Pharmaceuticals, Inc",European Network of Gynaecological Oncological Trial Groups (ENGOT); GOG Foundation,"A Study of Azenosertib (ZN-c3) Versus Investigator's Choice Chemotherapy in Subjects With Platinum-Resistant High-Grade Serous Ovarian, Primary Peritoneal, or Fallopian Tube Cancers Positive for Cyclin E1 Protein Expression",Ovarian Cancer,RECRUITING,2028-05-31,Progression free survival (PFS) per RECIST v1.1 as assessed by Investigator,
NCT02918084,GIM10-CONSENT,,GIM10-CONSENT,2013-001629-23,Anastrozole or Letrozole or Exemestane; Clinical Practice; Experimental arm,anastrozole or letrozole or exemestane,"IRCCS Azienda Ospedaliera Universitaria San Martino - IST Istituto Nazionale per la Ricerca sul Cancro, Genoa, Italy",Clinical Research Technology S.r.l.,CONcurrent vs SEqueNTial Adjuvant Treatments in Early Breast Cancer,Breast Cancer,ACTIVE_NOT_RECRUITING,2028-06,Disease- free Survival (DFS),
NCT03617731,,GMMG HD7,GMMG HD7,,Lenalidomide; Revlimid; Bortezomib; Velcade; Dexamethasone; Isatuximab,isatuximab,University of Heidelberg Medical Center,,Trial on the Effect of Isatuximab to Lenalidomide/Bortezomib/Dexamethasone (RVd) Induction and Lenalidomide Maintenance in Patients With Newly Diagnosed Myeloma (GMMG HD7),Multiple Myeloma,ACTIVE_NOT_RECRUITING,2028-06,MRD negativity after induction Treatment (comparison of arms IA and IB) | Progression Free Survival (PFS) after second randomization (arms IIA and IIB),
NCT03970447,GBM AGILE,,GCAR-7213,,Temozolomide; Temodar; Temodal; Temcad; Lomustine; CCNU; CeeNU; Gleostine; Regorafenib; Stivarga; BAY 73-4506; Radiation; Paxalisib; GDC-0084; VAL-083; Dianhydrogalactitol; VT1021; Troriluzole; BHV-4157; ADI-PEG 20; Pegargiminase; AZD1390; Tinostamustine; EDO-S101,regorafenib,Global Coalition for Adaptive Research,"Bayer; Kazia Therapeutics Limited; Kintara Therapeutics, Inc.; Biohaven Pharmaceuticals, Inc.; Vigeo Therapeutics, Inc.; Polaris Group; AstraZeneca; Knoa Pharma",A Trial to Evaluate Multiple Regimens in Newly Diagnosed and Recurrent Glioblastoma,Glioblastoma,RECRUITING,2028-06,Overall Survival (OS),
NCT04565054,ADAPTlate,,WSG-AM11 (ADAPTlate),2019-001488-60,Abemaciclib 50 MG; 150mg 1-0-1 per os; Verzenios,abemaciclib,Women's Cancer Study Group GmbH,"Eli Lilly and Company; Genomic Health®, Inc.","Adjuvant Therapy With Abemaciclib + SOC ET vs. SOC ET in Clinical or Genomic High Risk, HR+/HER2- EBC",Breast Cancer Female,ACTIVE_NOT_RECRUITING,2028-06,invasive disease-free survival (iDFS),
NCT04931368,OptiMATe,,SCC215,,"Experimental Treatment: one course Rituximab/HD-Methotrexate, two courses of MATRix; Control intervention: four courses of MATRix","experimental treatment: one course rituximab/hd-methotrexate, two courses of matrix",Klinikum Stuttgart,German Federal Ministry of Education and Research; University Hospital Freiburg,OptiMATe: De-escalated Induction Treatment in Primary CNS Lymphoma,Primary Central Nervous System Lymphoma,ACTIVE_NOT_RECRUITING,2028-06,Event-free survival (EFS),
NCT05404906,,,SZ-AML124,,Azacitidine; 5-Azacytidine; Venetoclax; ABT-199; GDC-0199; Venclexta; Supportive care,azacitidine,The First Affiliated Hospital of Soochow University,,AZA + Venetoclax as Maintenance Therapy in Younger Adults With AML in First Remission,Acute Myeloid Leukemia (AML) in Remission,RECRUITING,2028-06,Relapse-free survival (RFS),
NCT05502237,STAR-121,,GS-US-626-6216,2022-000578-25,Zimberelimab; GS-0122; AB122; Domvanalimab; GS-0154; AB154; Pembrolizumab; KEYTRUDA®; Carboplatin; Cisplatin; Paclitaxel; Nab-paclitaxel; Pemetrexed,zimberelimab,Gilead Sciences,"Arcus Biosciences, Inc.",Zimberelimab and Domvanalimab in Combination With Chemotherapy Versus Pembrolizumab With Chemotherapy in Patients With Untreated Metastatic Non-Small Cell Lung Cancer,Non-small Cell Lung Cancer,ACTIVE_NOT_RECRUITING,2028-06,Overall Survival (OS) in Participants With Positive Programmed Cell Death-Ligand 1 (PD-L1) Expression (≥1%Tumor Cells) and in all Randomized Participants.,
NCT05580562,ACTION,the ACTION Study,ONC201-108,,Dordaviprone (ONC201),dordaviprone,Jazz Pharmaceuticals,"Chimerix, Inc.",ONC201 in H3 K27M-mutant Diffuse Glioma Following Radiotherapy (the ACTION Study),H3 K27M; Glioma,RECRUITING,2028-06,Overall survival (OS),
NCT06128837,,SCLC,LY01610/CT-CHN-304,,Irinotecan hydrochloride liposome Injection; Topotecan,irinotecan hydrochloride liposome injection,Luye Pharma Group Ltd.,,Study of LY01610 in Patients With Recurrent Small Cell Lung Cancer,Relapsed Small Cell Lung Cancer,RECRUITING,2028-06,Overall survival (OS),
NCT06275958,DOSAGE,,2023-506115-17,2023-506115-17,"Doublet Chemotherapy, Standard Dose (100%); Doublet Chemotherapy, Dose-reduced (75%); Monotherapy, Standard Dose (100%); Monotherapy, Dose-reduced (75%)","doublet chemotherapy, dose-reduced",Leiden University Medical Center,Dutch Colorectal Cancer Group,DOSAGE Study: Upfront Dose-Reduced Chemotherapy in Older Patients with Metastatic Colorectal Cancer,Older Patients; Colorectal Cancer; Metastatic Cancer; Candidates for Palliative Chemotherapy,RECRUITING,2028-06,Progression-Free Survival,non-inferiority mentioned
NCT07029217,,,25-089,,Radiation (Standard); Radiation (Very low dose),,Memorial Sloan Kettering Cancer Center,The Leukemia and Lymphoma Society,A Study of Reduced Dose Radiation Therapy for People With B-Cell Lymphomas,Follicular Lymphoma; Marginal Zone Lymphoma,RECRUITING,2028-06,progression-free survival,
NCT07047365,,,TQB2930-III-01,,TQB2930+ chemotherapy; Trastuzumab+ chemotherapy,tqb2930+ chemotherapy,"Chia Tai Tianqing Pharmaceutical Group Nanjing Shunxin Pharmaceutical Co., Ltd.",,TQB2930 Injection for the Treatment of HER2-positive Advanced Breast Cancer,HER2-positive Advanced Breast Cancer,RECRUITING,2028-06,Progression-free survival (PFS),
NCT07302919,IMPACT-TACE,,"2024-02072, bb24heim",,DEB-DoxNic-TACE; current standard of care,deb-doxnic-tace,"University Hospital, Basel, Switzerland",,Transarterial Chemoembolization (TACE) Plus ABCB1 Inhibition Versus TACE Alone in Patients With Hepatocellular Carcinoma,Hepato Cellular Carcinoma (HCC),RECRUITING,2028-06,complete response rate (CRR) | progression-free survival (PFS),
NCT07491445,RASolute 303,,RMC-6236-303,,daraxonrasib; gemcitabine; nab-paclitaxel,daraxonrasib,"Revolution Medicines, Inc.",,Study of Daraxonrasib and Daraxonrasib + GnP as First-line Treatment in Patients With Metastatic Pancreatic Adenocarcinoma,Pancreatic Cancer; Pancreatic Cancer Metastatic; PDAC; PDAC - Pancreatic Ductal Adenocarcinoma; Pancreatic Ductal Adenocarcinoma (PDAC); Pancreatic Adenocarcinoma Metastatic; Pancreatic Adenocarcinoma; Pancreatic Adenosquamous Carcinoma,RECRUITING,2028-06,Progression free survival (PFS) | Overall survival (OS),
NCT07562152,MAPKeeper 301,,IMM1104-301,,Atebimetinib; GnP; mGnP,atebimetinib,Immuneering Corporation,,Atebimetinib + GnP as a First Line Treatment in Patients With Metastatic Pancreatic Adenocarcinoma,Pancreatic Cancer; Pancreatic Cancer Metastatic; PDAC; PDAC - Pancreatic Ductal Adenocarcinoma; Pancreatic Ductal Adenocarcinoma; Pancreatic Adenocarcinoma Metastatic; Pancreatic Ductal Adenocarcinoma (PDAC); Pancreatic Adenocarcinoma,RECRUITING,2028-06,Overall Survival,
NCT07595913,,,ZG006-009,,"ZG006; 5-fluorouracil, Calcium folinate and Irinotecan; FOLFIRI",zg006,"Suzhou Zelgen Biopharmaceuticals Co.,Ltd",,A Study of ZG006 for Injection Versus Investigator-Selected Chemotherapy in Participants With Advanced Neuroendocrine Carcinoma,Neuroendocrine Carcinoma,NOT_YET_RECRUITING,2028-06,Overall Survival（OS）,
NCT06644781,,IDeate-Esophageal01,DS7300-202,2023-509630-19-00,Ifinatamab deruxtecan; I-DXd; Docetaxel; Paclitaxel; Irinotecan hydrochloride (HCl),ifinatamab deruxtecan,Daiichi Sankyo,Merck Sharp & Dohme LLC,A Study of Ifinatamab Deruxtecan in Subjects With Pretreated Advanced or Metastatic Esophageal Squamous Cell Carcinoma (ESCC) (IDeate-Esophageal01),Esophageal Squamous Cell Carcinoma,RECRUITING,2028-06-01,Overall Survival (OS),
NCT06731478,,Destiny-Gastric05,DS8201-724,KEYNOTE-G03; MK-3475-G03,Trastuzumab Deruxtecan; T-DXd; ENHERTU®; DS-8201a; pembrolizumab; KEYTRUDA®; Trastuzumab; Chemotherapy,trastuzumab deruxtecan,Daiichi Sankyo,Merck Sharp & Dohme LLC,"Study of TDXd, Chemotherapy, Pembrolizumab, and Trastuzumab in First-Line Metastatic HER2-Positive Gastric or Gastroesophageal Junction Cancer",Gastric Cancer; Gastroesophageal Junction Cancer,RECRUITING,2028-06-01,Progression Free Survival (PFS),
NCT07306663,ESO-Nanjing7,,ESO-Nanjing7,,Sintilimab; 3-Weekly Paclitaxel plus Carboplatin (TC) Chemotherapy; Weekly TC Chemotherapy; Four-Weekly TC Consolidation Chemotherapy; Definitive Radiotherapy,sintilimab,Jiangsu Cancer Institute & Hospital,Beijing Bethune Charitable Foundation,Sintilimab Combined With Chemotherapy Induction Therapy Followed by CCRT vs. CCRT for Esophageal Cancer: A Randomized Controlled Phase Ⅲ Clinical Study,Esophageal Cancer,ACTIVE_NOT_RECRUITING,2028-06-01,Overall survival rate,
NCT07805135,,,HB1801-017,,HB1801; Docetaxel (Taxotere®),hb1801,"CSPC ZhongQi Pharmaceutical Technology Co., Ltd.",,A Study of HB1801 Versus Docetaxel (Taxotere®) in Patients With Advanced Breast Cancer,HER2-Negative Advanced Breast Cancer,NOT_YET_RECRUITING,2028-06-01,Progression-free Survival (PFS),
NCT07000084,GAIN-BCG,,A032303,NCI-2025-02655,BCG Solution; Bacillus Calmette Guerin Solution; Biopsy of Bladder; Bladder Biopsy; Cystoscopy; Computed Tomography; CAT Scan; CT Scan; Magnetic Resonance Imaging; MRI; Biospecimen Collection; Transurethral Resection of Bladder Tumor; TURBT; Gemcitabine,gemcitabine,Alliance for Clinical Trials in Oncology,National Cancer Institute (NCI),"Testing the Addition of an Anti-Cancer Drug, Gemcitabine, to Usual Treatment (BCG Alone) in People Whose Non-Muscle Invasive Bladder Cancer (NMIBC) Came Back After Prior BCG Therapy",Recurrent Non-Muscle Invasive Bladder Carcinoma; Stage 0a Bladder Cancer AJCC v8; Stage I Bladder Cancer AJCC v8,RECRUITING,2028-06-05,High Grade Recurrence-free survival (HG-RFS),
NCT07463573,,ESCC,QLC5508-303,,"QLC5508; Investigator's Choice of Chemotherapy (docetaxel, paclitaxel, or Irinotecan Hydrochloride)",qlc5508,"Qilu Pharmaceutical Co., Ltd.",,QLC5508 vs. Chemotherapy in Pretreated Advanced or Metastatic Esophageal Squamous Cell Carcinoma,Esophageal Squamous Cell Carcinoma (ESCC),RECRUITING,2028-06-05,Overall Survival (OS),
NCT06992882,,ORCHID-PLUS,ORCHID-PLUS,,Capecitabine; Trastuzumab; Paclitaxel,capecitabine,Fudan University,,"A Randomized, Open-label, Multi-center Phase III Study Comparing the Efficacy of Oral Chemotherapy Combined With Trastuzumab Versus Paclitaxel Combined With Trastuzumab in the Adjuvant Treatment of HER2-positive, Lymph Node-negative Early Breast Cancer Patients(ORCHID-PLUS)",HER2-positive Breast Cancer,RECRUITING,2028-06-08,iDFS,
NCT06467357,DESTINY-BTC01,,D781PC00001,2023-508057-19-00,Gemcitabine; Cisplatin; Durvalumab; Trastuzumab deruxtecan; DS-8201a; T-DXd; Rilvegostomig,trastuzumab deruxtecan,AstraZeneca,,Phase 3 Study of T-DXd and Rilvegostomig Versus SoC in Advanced HER2-expressing Biliary Tract Cancer,Biliary Tract Cancer,RECRUITING,2028-06-12,Safety Run In: To evaluate the safety and tolerability of T-DXd with rilvegostomig | Randomized Portion: To evaluate the efficacy of T-DXd with rilvegostomig vs Standard of Care (SoC) in terms of Overall Survival in the FAS (HER2 IHC 3+) population,
NCT07391657,DURGA-4,,D8311C00001,AZD0120,AZD0120; Daratumumab; Darzalex; Carfilzomib; Kyprolis; Dexamethasone; Bortezomib; Velcade; Pomalidomide; Pomalyst and Imnovid,azd0120,AstraZeneca,,"A Study Comparing AZD0120, a Dual-targeted CAR-T Against B-cell Maturation Antigen (BCMA) and CD19, Versus Standard Regimens in Participants With Relapsed Refractory Multiple Myeloma (DURGA-4)",Relapsed Refractory Multiple Myeloma,RECRUITING,2028-06-14,"To demonstrate the superiority of AZD0120 relative to standard therapy (DKd, DPd, PVd, or Kd) by assessment of PFS in participants with RRMM. | To demonstrate the superiority of AZD0120 relative to standard therapy (DKd, DPd, PVd, or Kd) by assessment of MRD negativity rate at 9 months in participants with RRMM.",
NCT05296798,,heredERA Breast Cancer,WO43571,2022-500014-26-00,"Phesgo; Pertuzumab, Trastuzumab, and Hyaluronidase-zzxf; Pertuzumab, Trastuzumab, and rHuPH20; Fixed-Dose Combination of Pertuzumab and Trastuzumab for Subcutaneous Use (PH FDC SC); RO7198574; RG6264; Giredestrant; GDC-9545; RO7197597; RG6171; Docetaxel; Paclitaxel; LHRH Agonist; Optional Endocrine Therapy of Investigator's Choice",giredestrant,Hoffmann-La Roche,,"A Study to Evaluate the Efficacy and Safety of Giredestrant in Combination With Phesgo (Pertuzumab, Trastuzumab, and Hyaluronidase-zzxf) Versus Phesgo in Participants With Locally Advanced or Metastatic Breast Cancer (heredERA Breast Cancer)",Locally Advanced or Metastatic Breast Cancer,ACTIVE_NOT_RECRUITING,2028-06-15,"Progression-Free Survival, as Determined by the Investigator According to RECIST v1.1",
NCT06459180,,TroFuse-020/GOG-3101/ENGOT-cx20,2870-020,MK-2870-020; TroFuse-020; 2023-508323-12-00; U1111-1298-0563; GOG-3101; ENGOT-cx20; jRCT2031240201,Sacituzumab Tirumotecan; MK-2870; sac-TMT; SKB264; Pemetrexed; Tisotumab Vedotin; Topotecan; Vinorelbine; Gemcitabine; Irinotecan,sacituzumab tirumotecan,Merck Sharp & Dohme LLC,European Network of Gynaecological Oncological Trial Groups (ENGOT); GOG Foundation,A Study to Compare Sacituzumab Tirumotecan (MK-2870) Monotherapy Versus Treatment of Physician's Choice as Second-line Treatment for Participants With Recurrent or Metastatic Cervical Cancer (MK-2870-020/TroFuse-020/Gog-3101/ENGOT-cx20),Cervical Cancer,ACTIVE_NOT_RECRUITING,2028-06-15,Objective Response Rate (ORR) in Sacituzumab Tirumotecan Run-in | Number of Participants Experiencing One or More Adverse Events (AEs) in Sacituzumab Tirumotecan Run-in | Number of Participants Discontinuing Study Treatment Due to an AE in Sacituzumab Tirumotecan Run-in | Overall Survival (OS) in Phase 3 Portion,
NCT07632690,,,QLC5508-302,,QLC5508; Docetaxel,qlc5508,"Qilu Pharmaceutical Co., Ltd.",,QLC5508 in Participants With Metastatic Prostate Cancer,Prostate Cancer,NOT_YET_RECRUITING,2028-06-20,Radiographic Progression Free Survival (rPFS),
NCT06925737,,MK-2400-001; IDeate-Prostate01,2400-001,U1111-1312-2498; 2024-517423-40-00; MK-2400-001,Ifinatamab deruxtecan; I-DXd; MK-2400; DS-7300a; Docetaxel; Prednisone; Prednisone acetate; Prednisolone; Prednisolone acetate; Rescue Medication; 5-HT3 receptor antagonist; NK-1 receptor antagonist; Corticosteroid,ifinatamab deruxtecan,Merck Sharp & Dohme LLC,Daiichi Sankyo,A Clinical Study of Ifinatamab Deruxtecan (I-DXd) in People With Metastatic Prostate Cancer (MK-2400-001),Prostate Cancer; Prostatic Neoplasms,RECRUITING,2028-06-26,Overall Survival (OS) | Radiographic Progression Free Survival (rPFS),
NCT06501482,IRIMAD,Intergroup FRENCH- PRODIGE,220917,2023-504831-42-00,Postoperative reintroduction of FOLFIRI based chemotherapy,postoperative reintroduction of folfiri based chemotherapy,Assistance Publique - Hôpitaux de Paris,,Adjuvant FOLFIRI Based-chemotherapy After Resection of CLM Responding to Preoperative FOLFIRI,Colorectal Cancer; Colorectal Liver Metastases,RECRUITING,2028-06-27,The disease-free survival rate,
NCT06780670,PSMAcTION,,CAAA817A12201,2024-512342-42-00,Investigators choice of SoC; AAA817; [225Ac]Ac-PSMA-617); [225Ac]Ac-PSMA-617,aaa817,Novartis Pharmaceuticals,,Open-label Study Comparing AAA817 Versus Standard of Care in the Treatment of Previously Treated PSMA-positive mCRPC Adults Who Have Disease Progressed on or After [177Lu]Lu-PSMA Targeted Therapy,Prostate Cancer,RECRUITING,2028-06-27,"Biochemical response rate (Phase II) | Adverse Events (AEs) and Serious Adverse Events (SAEs), and deaths - Phase II | Tolerability of the proposed dose of AAA817- Phase II | Radiographic progression-free survival (rPFS)- Phase III | Overall survival (OS)- Phase III",
NCT06319820,MoonRISe-1,,42756493BLC3004,,TAR-210; JNJ-42756493; Gemcitabine; MMC,tar-210,"Janssen Research & Development, LLC",,A Study to Evaluate TAR-210 Versus Single Agent Intravesical Cancer Treatment in Participants With Bladder Cancer,Non-Muscle Invasive Bladder Neoplasms,RECRUITING,2028-06-28,Disease Free Survival (DFS),
NCT01935778,,KCSG ST15-08,AMC1303,,Docetaxel and capecitabine and oxaliplatin; docetaxel/xeloda/oxliplatin; capecitabine and oxaliplatin,docetaxel and capecitabine and oxaliplatin,Asan Medical Center,Seoul National University Bundang Hospital; Severance Hospital; Inha University Hospital; Hallym University Medical Center,Compare Adjuvant Chemotherapy of Docetaxel/Capecitabine/Oxliplatin Versus Capecitabine/Oxaliplatin in Advanced Gastric Cancer at Stage IIIb and IV(KCSG ST15-08): TRIUMPH,"Gastric Cancer, Adjuvant Chemotherapy, XO",RECRUITING,2028-06-30,disease-free survival,
NCT04437329,,,NPC-NDP,,"Docetaxel, nedaplatin, fluorouracil; DNF; Docetaxel, cisplatin, fluorouracil; DPF; Nedaplatin; NDP; Cisplatin; DDP; Intensity modulated-radiotherapy; IMRT","docetaxel, nedaplatin, fluorouracil",Affiliated Cancer Hospital & Institute of Guangzhou Medical University,,Nedaplatin Versus Cisplatin in Treatment for Nasopharyngeal Carcinoma,Nasopharyngeal Carcinoma,RECRUITING,2028-06-30,Progress-Free Survival (PFS),non-inferiority mentioned
NCT04576156,,,MYF3001,2020-003288-24; 2023-509120-17-00,Imetelstat; GRN163L; Best Available Therapy (BAT),imetelstat,Geron Corporation,,A Study Comparing Imetelstat Versus Best Available Therapy for the Treatment of Intermediate-2 or High-risk Myelofibrosis (MF) Who Have Not Responded to Janus Kinase (JAK)-Inhibitor Treatment,Myelofibrosis,ACTIVE_NOT_RECRUITING,2028-06-30,Overall survival (OS),
NCT04892173,,,NANORAY-312,NANORAY-312; 2024-520386-31-00,JNJ-90301900 (NBTXR3); Functionalized hafnium oxide nanoparticles; NBTXR3; Cetuximab; Erbitux; Radiation Therapy,jnj-90301900,Johnson & Johnson Enterprise Innovation Inc.,,JNJ-90301900 (NBTXR3) Activated by Radiotherapy With or Without Cetuximab in LA-HNSCC,"Carcinoma, Squamous Cell",RECRUITING,2028-06-30,Progression-free Survival (PFS) Based on Independent Central Review (ICR),
NCT06228079,,,early-rNPC-RCT-adj,,"Immunotherapy,Toripalimab Injection; Chemotherapy,Gemcitabine based regimen","immunotherapy,toripalimab injection",Eye & ENT Hospital of Fudan University,Shanghai Zhongshan Hospital; Shanghai 6th People's Hospital; Changhai Hospital; Fujian Medical University Union Hospital; People's Hospital of Guangxi Zhuang Autonomous Region; Shenzhen Second People's Hospital,Adjuvant vs Surgery Only in Early-stage Recurrent NPC,Recurrent Nasopharyngeal Carcinoma,RECRUITING,2028-06-30,DFS,
NCT06256588,JADE,,221530,2023-508613-17,Dostarlimab,dostarlimab,GlaxoSmithKline,,A Study of Dostarlimab vs Placebo After Chemoradiation in Adult Participants With Locally Advanced Unresected Head and Neck Squamous Cell Carcinoma,"Neoplasms, Head and Neck",RECRUITING,2028-06-30,Event-free Survival (EFS) Assessed by Blinded Independent Central Review (BICR),
NCT06281964,KANNON-2,,PLB1004-III-01,,PLB1004; Pemetrexed+（carboplatin or Cisplatin）with or without Sintilimab,plb1004,"Avistone Biotechnology Co., Ltd.",,Efficacy and Safety Evaluation of PLB1004 in Patients With Non-squamous NSCLC Harboring EGFR Exon 20 Insertion.,Non-Small-Cell Lung Cancer,ENROLLING_BY_INVITATION,2028-06-30,Progression-Free Survival (PFS) by BICR,
NCT06427447,ADJUPANC,,CH hospital,,Adjuvant chemoradiotherapy; Adjuvant chemotherapy,adjuvant chemoradiotherapy,Changhai Hospital,,Adjuvant Chemoradiotherapy Versus Chemotherapy for Pancreatic Cancer (ADJUPANC),Pancreatic Cancer,RECRUITING,2028-06-30,Disease progression free survival will be determined.,
NCT06510374,ABLE-32,,000423,U1111-1284-0685,Nadofaragene Firadenovec; Adstiladrin,nadofaragene firadenovec,Ferring Pharmaceuticals,,Trial of Nadofaragene Firadenovec vs. Observation in Participants With Intermediate Risk Non-Muscle Invasive Bladder Cancer,Intermediate Risk Non-Muscle Invasive Bladder Cancer,RECRUITING,2028-06-30,Recurrence Free survival,
NCT06732401,,CLEAR,NCI-2024-10081,NCI-2024-10081; EA5231; U10CA180820,"Biospecimen Collection; Biological Sample Collection; Biospecimen Collected; Sample Collection; Specimen Collection; Ceralasertib; AZD6738; Computed Tomography; CAT; CAT Scan; Computed Axial Tomography; Computerized Axial Tomography; Computerized axial tomography (procedure); Computerized Tomography; Computerized Tomography (CT) scan; CT; CT Scan; Diagnostic CAT Scan; Diagnostic CAT Scan Service Type; tomography; Durvalumab; Imfinzi; Immunoglobulin G1, Anti-(Human Protein B7-H1) (Human Monoclonal MEDI4736 Heavy Chain), Disulfide with Human Monoclonal MEDI4736 Kappa-chain, Dimer; MEDI 4736; MEDI-4736; MEDI4736; Echocardiography Test; EC; Echocardiography",ceralasertib,National Cancer Institute (NCI),,Testing the Addition of AZD6738 (Ceralasertib) to Immunotherapy to Increase Time Without Cancer for Patients With Non-Small Cell Lung Cancer,Lung Non-Small Cell Carcinoma; Stage II Lung Cancer AJCC v8; Stage IIIA Lung Cancer AJCC v8; Stage IIIB Lung Cancer AJCC v8,ACTIVE_NOT_RECRUITING,2028-06-30,Disease free survival (DFS),
NCT07197853,HAMSTER,,HAMSTER,,Huaier Granule,huaier granule,Xin Ye,,"Clinical Efficacy and Safety of Microwave Ablation Combined With Huaier Granules in Patients With Inoperable Stage IA Non-Small Cell Lung Cancer: A Prospective, Single-Center, Randomized Controlled Clinical Trial",Non-small Cell Lung Cancer (NSCLC); Huaier Granules; Microwave Ablation,NOT_YET_RECRUITING,2028-06-30,Progression-Free Survival (PFS),
NCT07218146,DLLEVATE,,ZL-1310-003,,ZL-1310; Investigator's Choice of Therapy,zl-1310,"Zai Lab (Shanghai) Co., Ltd.",Zai Lab (US) LLC,A Study of ZL-1310 Versus Investigator's Choice of Therapy in Participants With Relapsed Small Cell Lung Cancer (DLLEVATE),Small-cell Lung Cancer,RECRUITING,2028-06-30,Confirmed objective response rate (ORR) assessed by Blinded Independent Central Review of ZL-1310 compared to Investigator's Choice Therapy (ICT) | Overall survival of ZL-1310 compared to Investigator's Choice Therapy (ICT),
NCT07445295,,,CAR304,,Chiauranib; Toripalimab Injection; Albumin-paclitaxel Injection; Gemcitabine Injection,chiauranib,"Chipscreen Biosciences, Ltd.",,"Chiauranib Plus PD-1 Inhibitor, Albumin-paclitaxel and Gemcitabine in Patients With Metastatic Pancreatic Ductal Adenocarcinoma",Metastatic Pancreatic Ductal Adenocarcinoma,NOT_YET_RECRUITING,2028-06-30,Incidence and severity of adverse events | OS,
NCT02945033,ASPIK French,,2015/222/HP,,aspirin intake; Surgical resection of colonic adenocarcinoma stage III or II high risk; Molecular analysis of exon 9 and 20 of PI3K; blood intake,aspirin intake,"University Hospital, Rouen",Federation Francophone de Cancerologie Digestive,Study on Aspirin Versus Placebo in Resected Colon Cancer With PI3K Mutation Stage III or II High Risk,Colorectal Cancer,ACTIVE_NOT_RECRUITING,2028-07,"Number of patient with local or distant recurrence or second colorectal cancer or death from any cause, whichever occurred first",
NCT05058404,,,FIL_FOLL19,,"Immunochemotherapy regimen: Rituximab-bendamustine (Arm A); R-Benda, R-bendamustine; Immunochemotherapy regimen: Rituximab-bendamustine (Arm B); Immunochemotherapy regimen: R-CHOP (Arm A); R-CHOP; Immunochemotherapy regimen: R-CHOP (Arm B); Immunochemotherapy regimen: G-bendamustine (Arm A); G-Benda; Immunochemotherapy regimen: G-bendamustine (Arm B); Immunochemotherapy regimen: G-CHOP (Arm A); G-CHOP; Immunochemotherapy regimen: G-CHOP (Arm B); Immunochemotherapy regimen: G-CVP (Arm A); G-CVP; Immunochemotherapy regimen: G-CVP (Arm B)",immunochemotherapy regimen: rituximab-bendamustine,Fondazione Italiana Linfomi - ETS,,Shortened vs Standard Chemotherapy Combined With Immunotherapy for the Initial Treatment of Patients With High Tumor Burden Follicular Lymphoma,Follicular Lymphoma,ACTIVE_NOT_RECRUITING,2028-07,Progression Free Survival (PFS),
NCT05100862,MAHOGANY,,BGB-3111-308,CTR20232545; 2022-502548-12-00,Zanubrutinib; BGB-3111; Brukinsa; Rituximab; Rituxan; MabThera; Ruxience; Truxima; Lenalidomide; Revlimid; Obinutuzumab,zanubrutinib,BeOne Medicines,,A Study of Zanubrutinib Plus Anti-CD20 Versus Lenalidomide Plus Rituximab in Participants With Relapsed/Refractory Follicular or Marginal Zone Lymphoma,Relapsed/Refractory Follicular Lymphoma; Marginal Zone Lymphoma,ACTIVE_NOT_RECRUITING,2028-07,Progression-free Survival As Determined By A Blinded Independent Review Committee (BIRC),
NCT05382299,ASCENT-03,,GS-US-592-6238,2021-005743-79; DOH-27082022-7958; jRCT2041220122; CTR20234162; 2023-504195-14,Sacituzumab Govitecan-hziy; IMMU-132; Trodelvy™; GS-0132; Paclitaxel; nab-Paclitaxel; Abraxane®; Gemcitabine; Carboplatin,sacituzumab govitecan-hziy,Gilead Sciences,,Study of Sacituzumab Govitecan-hziy Versus Treatment of Physician's Choice in Patients With Previously Untreated Locally Advanced Inoperable or Metastatic Triple-Negative Breast Cancer,Triple Negative Breast Cancer; PD-L1 Negative,ACTIVE_NOT_RECRUITING,2028-07,Progression-free Survival (PFS) as Assessed by Blinded Independent Central Review (BICR) per Response Evaluation Criteria in Solid Tumors (RECIST) Version 1.1,
NCT05984485,TaLaR-02,,GIHSYSU-TaLaR-02,,neoadjuvant chemotherapy plus total mesorectal excision; total mesorectal excision,,Sun Yat-sen University,,The Efficacy of Primary Total Mesorectal Excision (TME) Surgery Versus Neoadjuvant Chemotherapy Combined With TME Surgery in Low-risk Locally Advanced Rectal Cancer,Rectal Cancer,RECRUITING,2028-07,3-year Disease Free Survival,
NCT06247605,,,AL8326-GB-010,,AL8326 tablets; AL8326,al8326 tablets,Advenchen Laboratories Nanjing Ltd.,,A Phase IIII Study of AL8326 in Small Cell Lung Cancer,Small Cell Lung Carcinoma,RECRUITING,2028-07,Overall survival (OS),
NCT06413498,iMMagine-3,,KT-US-679-0788,2024-511188-26; jRCT2043240170,Anitocabtagene Autoleucel; CART-ddBCMA; Cyclophosphamide; Fludarabine; Pomalidomide; Bortezomib; Dexamethasone; Daratumumab; Carfilzomib,anitocabtagene autoleucel,"Kite, A Gilead Company","Arcellx, Inc.",A Study Comparing Anitocabtagene Autoleucel to Standard of Care Therapy in Participants With Relapsed/ Refractory Multiple Myeloma,Multiple Myeloma,ACTIVE_NOT_RECRUITING,2028-07,Progression-Free Survival (PFS) | Minimal Residual Disease (MRD) Complete Response (CR) Rate at 9 Months,
NCT06504732,,,IAH0968-203,,IAH0968; Trastuzumab Injection,iah0968,"SUNHO（China）BioPharmaceutical CO., Ltd.",,To Evaluate IAH0968 in Combination With CAPEOX in HER2-positive Gastric Cancer,Stomach Neoplasms; Solid Tumor,RECRUITING,2028-07,Number of Participants Who Experienced At Least One Adverse Event (AE) | Number of Participants Who Discontinued Study Treatment Due to an Adverse Event (AE) | Progression-Free Survival (PFS) Per Response Evaluation Criteria in Solid Tumors Version 1.1 (RECIST 1.1),
NCT07025239,,mCRC,QL1706-309,,QL1706; Bevacizumab; Oxaliplatin; Capecitabine,ql1706,"Qilu Pharmaceutical Co., Ltd.",,QL1706 Injection Plus Bevacizumab and XELOX vs Placebo Plus Bevacizumab and XELOX as First-Line Treatment of Unresectable Metastatic Colorectal Cancer,Metastatic Colorectal Cancer,NOT_YET_RECRUITING,2028-07,Progression Free Survival (PFS) Assessed by the Independent Radiology Review Committee (IRRC),
NCT07355283,,,IMM0306-004,,IMM0306 2.0 mg/kg; Amulirafusp Alfa; Lenalidomide 20 mg,imm0306,ImmuneOnco Biopharmaceuticals (Shanghai) Inc.,,IMM0306 in Combination With Lenalidomide vs Placebo in Combination With Lenalidomide in Patients With Relapsed/Refractory Follicular Lymphoma,Relapsed/Refractory Follicular Lymphoma,NOT_YET_RECRUITING,2028-07,Complete remission rate(CRR) as Assessed by Investigator | Progression-Free Survival (PFS) as Assessed by Investigator,
NCT07689539,,,DN022150-302,,DN022150; Chemotherapy,dn022150,"Jiangxi Kvvit Pharmaceutical Co., Ltd.",,Trial of DN022150 Versus Chemotherapy in Previously Treated Advanced Pancreatic Cancer With KRAS G12D Mutation,Pancreatic Cancer,NOT_YET_RECRUITING,2028-07,Progression-Free Survival (PFS) | Overall Survival (OS),
NCT07742215,AMMADINA,,BCD-248-3/AMMADINA,,BCD-248 + daratumumab; Daratumumab + pomalidomide + dexamethasone,bcd-248 + daratumumab,Biocad,,A Study of the Efficacy and Safety of BCD-248 in Combination With Daratumumab in Patients With Relapsed or Refractory Multiple Myeloma (AMMADINA),Myeloma Multiple,RECRUITING,2028-07,Frequency of MRD negativity by flow cytometry at 12 months from the start of therapy | Progression-free survival according to the International Myeloma Working Group (IMWG) criteria,
NCT04530565,,,NCI-2020-06381,NCI-2020-06381; EA9181; U10CA180820,"Biospecimen Collection; Biological Sample Collection; Biospecimen Collected; Sample Collection; Specimen Collection; Blinatumomab; AMG 103; AMG-103; AMG103; Anti-CD19 x Anti-CD3 Bispecific Monoclonal Antibody; Anti-CD19/Anti-CD3 Recombinant Bispecific Monoclonal Antibody MT103; Blincyto; MEDI 538; MEDI-538; MEDI538; MT 103; MT-103; MT103; Bone Marrow Aspiration and Biopsy; Cyclophosphamide; (-)-Cyclophosphamide; 2H-1,3,2-Oxazaphosphorine, 2-[bis(2-chloroethyl)amino]tetrahydro-, 2-oxide, monohydrate; Asta B 518; B 518; B-518; B518; Carloxan; Ciclofosfamida; Ciclofosfamide; Cicloxal; Clafen; Claphene; CP monohydrate; CTX; CYCLO-cell; Cycloblastin; Cycloblastine; Cyclophospham; Cyclophosphamid monohydrate; Cyclophosphamide Monohydrate; Cyclophosphamidum; Cyclophosphan; Cyclophosphane; Cyclophosphanum; Cyclostin; Cyclostine; Cytophosphan; Cytophosphane; Cytoxan; Fosfaseron; Frindovyx; Genoxal; Genuxal; Ledoxina; Mitoxan; Neosar; Revimmune; Syklofosfamid; WR 138719; WR- 138719; WR-138719; WR138719; Cytarabine; .beta.-Cytosine arabinoside; 1-.beta.-D-Arabinofuranosyl-4-amino-2(1H)pyrimidinone; 1-.beta.-D-Arabinofuranosylcytosine; 1-Beta-D-arabinofuranosyl-4-amino-2(1H)pyrimidinone; 1-Beta-D-arabinofuranosylcytosine; 1.beta.-D-Arabinofuranosylcytosine; 2(1H)-Pyrimidinone, 4-Amino-1-beta-D-arabinofuranosyl-; 2(1H)-Pyrimidinone, 4-amino-1.beta.-D-arabinofuranosyl-; Alexan; Ara-C; ARA-cell; Arabine; Arabinofuranosylcytosine; Arabinosylcytosine; Aracytidine; Aracytin; Aracytine; Beta-Cytosine Arabinoside; CHX-3311; Cytarabinum; Cytarbel; Cytosar; Cytosine Arabinoside; Cytosine-.beta.-arabinoside; Cytosine-beta-arabinoside; Erpalfa; Starasid; Tarabine PFS; U 19920; U-19920; Udicil; WR-28453; Dasatinib; BMS 354825; BMS-354825; BMS354825; Dasatinib Hydrate; Dasatinib Monohydrate; Sprycel; Dexamethasone; Aacidexam; Adexone; Aknichthol Dexa; Alba-Dex; Alin; Alin Depot; Alin Oftalmico; Amplidermis; Anemul mono; Auricularum; Auxiloson; Baycadron; Baycuten; Baycuten N; Cortidexason; Cortisumman; Decacort; Decadrol; Decadron; Decadron DP; Decalix; Decameth; Decasone R.p.; Dectancyl; Dekacort; Deltafluorene; Deronil; Desamethasone; Desameton; Dexa-Mamallet; Dexa-Rhinosan; Dexa-Scheroson; Dexa-sine; Dexacortal; Dexacortin; Dexafarma; Dexafluorene; Dexalocal; Dexamecortin; Dexameth; Dexamethasone Intensol; Dexamethasonum; Dexamonozon; Dexapos; Dexinoral; Dexone; Dinormon; Dxevo; Fluorodelta; Fortecortin; Gammacorten; Hemady; Hexadecadrol; Hexadrol; LenaDex; Lokalison-F; Loverine; Methylfluorprednisolone; Millicorten; Mymethasone; Orgadrone; Spersadex; TaperDex; Visumetazone; ZoDex; Doxorubicin Hydrochloride; 5,12-Naphthacenedione, 10-[(3-amino-2,3,6-trideoxy-alpha-L-lyxo-hexopyranosyl)oxy]-7,8, 9,10-tetrahydro-6,8,11-trihydroxy-8-(hydroxyacetyl)-1-methoxy-, hydrochloride, (8S-cis)- (9CI); ADM; Adriacin; Adriamycin; Adriamycin Hydrochloride; Adriamycin PFS; Adriamycin RDF; ADRIAMYCIN, HYDROCHLORIDE; Adriamycine; Adriblastina; Adriblastine; Adrimedac; Chloridrato de Doxorrubicina; DOX; DOXO-CELL; Doxolem; Doxorubicin HCl; Doxorubicin.HCl; Doxorubin; Farmiblastina; FI 106; FI-106; FI106; hydroxydaunorubicin; Rubex; Echocardiography Test; EC; Echocardiography; Electrocardiography; ECG; EKG; Lumbar Puncture; LP; Spinal Tap; Mesna; 2-Mercaptoethanesulfonate, Sodium Salt; Ausobronc; D-7093; Filesna; Mercaptoethane Sulfonate; Mercaptoethanesulfonate; Mesnex; Mesnil; Mesnum; Mexan; Mistabron; Mistabronco; Mitexan; Mucofluid; Mucolene; UCB 3983; Uromitexan; Ziken; Methotrexate; Abitrexate; Alpha-Methopterin; Amethopterin; Brimexate; CL 14377; CL-14377; Emtexate; Emthexat; Emthexate; Farmitrexat; Fauldexato; Folex; Folex PFS; Jylamvo; Lantarel; Ledertrexate; Lumexon; Maxtrex; Medsatrexate; Metex; Methoblastin; Methotrexate LPF; Methotrexate Methylaminopterin; Methotrexatum; Metotrexato; Metrotex; Mexate; Mexate-AQ; MTX; Novatrex; Rheumatrex; Texate; Tremetex; Trexeron; Trixilem; WR-19039; Multigated Acquisition Scan; Blood Pool Scan; Equilibrium Radionuclide Angiography; Gated Blood Pool Imaging; MUGA; Radionuclide Ventriculography; RNVG; SYMA Scanning; Synchronized Multigated Acquisition Scanning; Ponatinib Hydrochloride; AP24534 HCl; Iclusig; Prednisone; .delta.1-Cortisone; 1, 2-Dehydrocortisone; Adasone; Cortancyl; Dacortin; DeCortin; Decortisyl; Decorton; Delta 1-Cortisone; Delta-Dome; Deltacortene; Deltacortisone; Deltadehydrocortisone; Deltasone; Deltison; Deltra; Econosone; Lisacort; Meprosona-F; Metacortandracin; Meticorten; Ofisolona; Orasone; Panafcort; Panasol-S; Paracort; Perrigo Prednisone; PRED; Predicor; Predicorten; Prednicen-M; Prednicort; Prednidib; Prednilonga; Predniment; Prednisone Intensol; Prednisonum; Prednitone; Promifen; Rayos; Servisone; SK-Prednisone; Vincristine Sulfate; Kyocristine; Leurocristine Sulfate; Leurocristine, sulfate; Oncovin; Vincasar; Vincosid; Vincrex; Vincristine, sulfate",blinatumomab,National Cancer Institute (NCI),,Testing the Use of Steroids and Tyrosine Kinase Inhibitors With Blinatumomab or Chemotherapy for Newly Diagnosed BCR-ABL-Positive Acute Lymphoblastic Leukemia in Adults,B Acute Lymphoblastic Leukemia With t(9;22)(q34.1;q11.2); BCR-ABL1,ACTIVE_NOT_RECRUITING,2028-07-01,Overall survival (OS),
NCT04559139,,,EA2197,NCI-2020-05162; EA2197; U10CA180820,Cisplatin; Abiplatin; Blastolem; Briplatin; CDDP; Cis-diammine-dichloroplatinum; Cis-diamminedichloridoplatinum; Cis-diamminedichloro Platinum (II); Cis-diamminedichloroplatinum; Cis-dichloroammine Platinum (II); Cis-platinous Diamine Dichloride; Cis-platinum; Cis-platinum II; Cis-platinum II Diamine Dichloride; Cismaplat; Cisplatina; Cisplatinum; Cisplatyl; Citoplatino; Citosin; Cysplatyna; DDP; Lederplatin; Metaplatin; Neoplatin; Peyrone''s Chloride; Peyrone''s Salt; Placis; Plastistil; Platamine; Platiblastin; Platiblastin-S; Platinex; Platinol; Platinol- AQ; Platinol-AQ; Platinol-AQ VHA Plus; Platinoxan; Platinum; Platinum Diamminodichloride; Platiran; Platistin; Platosin; Gemcitabine Hydrochloride; dFdCyd; Difluorodeoxycytidine Hydrochloride; FF 10832; FF-10832; FF10832; Gemcitabine HCI; Gemzar; LY-188011; LY188011; Lymphadenectomy; excision of the lymph node; Lymph Node Dissection; lymph node excision; Partial Hepatectomy; partial excision of liver; subtotal hepatectomy,,ECOG-ACRIN Cancer Research Group,National Cancer Institute (NCI),Comparison of Chemotherapy Before and After Surgery Versus After Surgery Alone for the Treatment of Gallbladder Cancer,Stage II Gallbladder Cancer AJCC v8; Stage IIA Gallbladder Cancer AJCC v8; Stage IIB Gallbladder Cancer AJCC v8; Stage III Gallbladder Cancer AJCC v8; Stage IIIA Gallbladder Cancer AJCC v8; Stage IIIB Gallbladder Cancer AJCC v8,ACTIVE_NOT_RECRUITING,2028-07-01,Difference in overall survival,
NCT07198074,,,NCI-2025-06974,NCI-2025-06974; NRG-GY035; U10CA180868,"Bevacizumab; ABP 215; ABP-215; ABP215; Alymsys; Anti-VEGF; Anti-VEGF Humanized Monoclonal Antibody; Anti-VEGF Monoclonal Antibody SIBP04; Anti-VEGF rhuMAb; Avastin; Avegra; Avzivi; Aybintio; BAT 1706; BAT-1706; BAT1706; BAT1706 Biosimilar; Bevacizumab awwb; Bevacizumab Biosimilar ABP 215; Bevacizumab Biosimilar BAT1706; Bevacizumab Biosimilar BEVZ92; Bevacizumab Biosimilar BI 695502; Bevacizumab Biosimilar CBT 124; Bevacizumab Biosimilar CT-P16; Bevacizumab Biosimilar FKB238; Bevacizumab Biosimilar GB-222; Bevacizumab Biosimilar HD204; Bevacizumab Biosimilar HLX04; Bevacizumab Biosimilar IBI305; Bevacizumab Biosimilar LY01008; Bevacizumab Biosimilar MB02; Bevacizumab Biosimilar MIL60; Bevacizumab Biosimilar Mvasi; Bevacizumab Biosimilar MYL-1402O; Bevacizumab Biosimilar QL 1101; Bevacizumab Biosimilar QL1101; Bevacizumab Biosimilar RPH-001; Bevacizumab Biosimilar SCT501; Bevacizumab Biosimilar Zirabev; Bevacizumab-adcd; Bevacizumab-aveg; Bevacizumab-awwb; Bevacizumab-aybi; Bevacizumab-bvzr; Bevacizumab-byva; Bevacizumab-equi; Bevacizumab-maly; Bevacizumab-nwgd; Bevacizumab-onbe; Bevacizumab-tnjn; BP102; BP102 Biosimilar; Byvasda; CT P16; CT-P16; CTP16; Equidacent; FKB 238; FKB-238; FKB238; HD204; IBI 305; IBI-305; IBI305; Immunoglobulin G1 (Human-Mouse Monoclonal rhuMab-VEGF Gamma-Chain Anti-Human Vascular Endothelial Growth Factor), Disulfide With Human-Mouse Monoclonal rhuMab-VEGF Light Chain, Dimer; Jobevne; MB 02; MB-02; MB02; Mvasi; MYL-1402O; Onbevzi; Oyavas; PF 06439535; PF-06439535; PF06439535; QL1101; Recombinant Humanized Anti-VEGF Monoclonal Antibody; rhuMab-VEGF; SCT501; SIBP 04; SIBP-04; SIBP04; Vegzelma; Zirabev; Biospecimen Collection; Biological Sample Collection; Biospecimen Collected; Sample Collection; Specimen Collection; Carboplatin; Blastocarb; Carboplat; Carboplatin Hexal; Carboplatino; Carboplatinum; Carbosin; Carbosol; Carbotec; CBDCA; Displata; Ercar; JM-8; JM8; Nealorin; Novoplatinum; Paraplatin; Paraplatin AQ; Paraplatine; Platinwas; Ribocarbo; Computed Tomography; CAT; CAT Scan; Computed Axial Tomography; Computerized Axial Tomography; Computerized axial tomography (procedure); Computerized Tomography; Computerized Tomography (CT) scan; CT; CT Scan; Diagnostic CAT Scan; Diagnostic CAT Scan Service Type; tomography; Magnetic Resonance Imaging; Magnetic Resonance; Magnetic Resonance Imaging (MRI); Magnetic resonance imaging (procedure); Magnetic Resonance Imaging Scan; Medical Imaging, Magnetic Resonance / Nuclear Magnetic Resonance; MR; MR Imaging; MRI; MRI Scan; MRIs; NMR Imaging; NMRI; Nuclear Magnetic Resonance Imaging; sMRI; Structural MRI; Paclitaxel; Anzatax; Asotax; Bristaxol; Praxel; Taxol; Taxol Konzentrat; Pembrolizumab; BCD-201; GME 751; GME751; Keytruda; Lambrolizumab; MK 3475; MK-3475; MK3475; Pembrolizumab Biosimilar BCD-201; Pembrolizumab Biosimilar GME751; Pembrolizumab Biosimilar QL2107; Pembrolizumab Biosimilar RPH-075; Pembrolizumab Biosimilar SB27; QL2107; RPH 075; RPH-075; RPH075; SB 27; SB-27; SB27; SCH 900475; SCH-900475; SCH900475",bevacizumab,National Cancer Institute (NCI),,"Testing the Addition of an Antiangiogenic Drug (Bevacizumab) to Chemotherapy (Carboplatin and Paclitaxel) Combined With Immunotherapy (Pembrolizumab) for pMMR, TP53 Mutated Endometrial Cancer",Advanced Endometrial Carcinoma; Recurrent Endometrial Carcinoma,RECRUITING,2028-07-01,Progression-free survival (PFS),
NCT05179889,,,2020-11-062,,mFOLFIRINOX; mFOLFOX 6,mfolfirinox,Chungnam National University Hospital,"Boryung Pharmaceutical Co., Ltd",Adjuvant mFOLFIRINOX for High-risk Stage III Colon Cancer,Colon Cancer Stage III,RECRUITING,2028-07-05,Disease free survival (DFS),
NCT03643276,,,AIEOP-BFM ALL 2017,,Blinatumomab; Bortezomib; Cyclophosphamide; Cytarabine; Daunorubicin; Myocet; Dexamethasone; Doxorubicin; Etoposide; Fludarabine Phosphate; Ifosfamide; 6-Mercaptopurine; Methotrexate; Pegaspargase; Prednisolone; Prednisone; Tioguanin; Vincristine; Vindesine; Erwinase,blinatumomab,Martin Schrappe,"Deutsche Krebshilfe e.V., Bonn (Germany)",Treatment Protocol for Children and Adolescents With Acute Lymphoblastic Leukemia - AIEOP-BFM ALL 2017,"Acute Lymphoblastic Leukemia, Pediatric",RECRUITING,2028-07-14,Event-free survival | Disease-free survival,
NCT07400536,,,AK104-IIT-CC-001,,standard EBRT+Brachytherapy; Concurrent chemotherapy; Immune induction therapy; Reduced dose radiotherapy; Dose reduction concurrent chemotherapy; Immunomaintenance therapy,immune induction therapy,"Union Hospital, Tongji Medical College, Huazhong University of Science and Technology",Akesobio,A Clinical Study on the Treatment of LACC With Cadonilimab Combined With Chemotherapy Followed by CCRT,Locally Advanced Cervical Carcinoma,RECRUITING,2028-07-18,Progression-Free Survival(PFS) per RECIST 1.1 assessed by investigator(INV),
NCT07081360,,,1563/06/2025,,Neoadjuvant chemotherapy; Upfront Surgery Group,neoadjuvant chemotherapy,Minia University,,Neoadjuvant vs Upfront Surgery for Resectable Pancreatic Cancer and Periampullary Cancer,Pancreas Cancer; Periampullary Cancer; Periampullary Carcinoma Resectable; Pancreatic Cancer Resectable; Ampullary Cancer; Pancreas Adenocarcinoma,RECRUITING,2028-07-20,Overall survival rate,
NCT07705243,,,SYSKY-2026-289-02,,Anti-PD1; Anti-PD1 combined with Becotatug Vedotin,anti-pd1 combined with becotatug vedotin,Sun Yat-sen University,Sun Yat-Sen Memorial Hospital of Sun Yat-Sen University,Efficacy and Safety of Becotatug Vedotin (MRG003) Combined With Anti-PD1 as Maintenance Therapy for Recurrent and Metastatic Nasopharyngeal Carcinoma,Nasopharyngeal Cancinoma (NPC),RECRUITING,2028-07-20,Progression free survival,
NCT05888493,LEDA,,CCTL019E2301,2023-503452-27-00,"Tisagenlecleucel; CTL019; Lenalidomide and rituximab (R2) in 28-day cycles for up to 12 cycles.; R2; Rituximab, cyclophosphamide, doxorubicin, vincristine and prednisone or prednisolone (R-CHOP) in 21-day cycles for 6 to 8 cycles; R-CHOP; Lymphodepleting chemotherapy; Corticosteroids and/or Radiation (Bridging therapy)",tisagenlecleucel,Novartis Pharmaceuticals,,A Phase III Trial Comparing Tisagenlecleucel to Standard of Care (SoC) in Adult Participants With r/r Follicular Lymphoma,Follicular Lymphoma (FL),ACTIVE_NOT_RECRUITING,2028-07-25,Progression-free survival (PFS) determined by blinded independent review committee (BIRC),
NCT05484024,,STELLAR II Study,NCC22/206-3408,,Sintilimab; Immune checkpoint inhibitor; Short-course radiotherapy; hypofraction; CAPOX/mFOLFOX; neoadjuvant chemotherapy,sintilimab,Chinese Academy of Medical Sciences,,Short-course Radiotherapy Followed by Chemotherapy and PD-1 Inhibitor for Locally Advanced Rectal Cancer,Rectal Neoplasms Malignant; Radiotherapy,NOT_YET_RECRUITING,2028-07-31,complete remission | Disease-free survival rate,non-inferiority mentioned
NCT06500481,,Radiate-LM,NRG-BN014,NCI-2024-04895; NRG-BN014; U10CA180868,"Biospecimen Collection; Biological Sample Collection; Biospecimen Collected; Specimen Collection; Computed Tomography; CAT; CAT Scan; Computed Axial Tomography; Computerized Axial Tomography; Computerized axial tomography (procedure); Computerized Tomography; Computerized Tomography (CT) scan; CT; CT Scan; Diagnostic CAT Scan; Diagnostic CAT Scan Service Type; tomography; Involved-Field Radiation Therapy; IFRT; Involved field radiotherapy; Lumbar Puncture; LP; Spinal Tap; Magnetic Resonance Imaging; Magnetic Resonance; Magnetic Resonance Imaging (MRI); Magnetic resonance imaging (procedure); Magnetic Resonance Imaging Scan; Medical Imaging, Magnetic Resonance / Nuclear Magnetic Resonance; MR; MR Imaging; MRI; MRI Scan; MRIs; NMR Imaging; NMRI; Nuclear Magnetic Resonance Imaging; sMRI; Structural MRI; Positron Emission Tomography; Medical Imaging, Positron Emission Tomography; PET; PET Scan; Positron emission tomography (procedure); Positron Emission Tomography Scan; Positron-Emission Tomography; PT; Proton Beam Craniospinal Irradiation; Craniospinal Proton Beam Radiation Therapy; p-CSI; Proton Craniospinal Irradiation; Proton Craniospinal Radiation Therapy; Quality-of-Life Assessment; Quality of Life Assessment",,NRG Oncology,,"Testing Proton Craniospinal Radiation Therapy Versus the Usual Radiation Therapy for Leptomeningeal Metastasis, RADIATE-LM Trial",Anatomic Stage IV Breast Cancer AJCC v8; Metastatic Breast Carcinoma; Metastatic Lung Non-Small Cell Carcinoma; Metastatic Malignant Neoplasm in the Leptomeninges; Stage IV Lung Cancer AJCC v8,RECRUITING,2028-07-31,Overall survival (OS),
NCT06545747,,,A2024-001,,DCE-MRI based split-course hypo-RT; CT based split-course hypo-RT; Concurrent chemotherapy; Consolidative immunotherapy,,Sun Yat-sen University,,Adaptive Hypofractionated Radiotherapy for Locally Advanced NSCLC Based on Dynamic Enhanced MRI,Non-small Cell Lung Cancer,RECRUITING,2028-07-31,treatment-related G2+ respiratory toxicity | progression-free survival rate,
NCT04534205,AHEAD-MERIT,,BNT113-01,2020-001400-41; 2024-512671-12-00,BNT113; Pembrolizumab,bnt113,BioNTech SE,,"A Clinical Trial Investigating the Safety, Tolerability, and Therapeutic Effects of BNT113 in Combination With Pembrolizumab Versus Pembrolizumab Alone for Patients With a Form of Head and Neck Cancer Positive for Human Papilloma Virus 16 and Expressing the Protein PD-L1",Unresectable Head and Neck Squamous Cell Carcinoma; Metastatic Head and Neck Cancer; Recurrent Head and Neck Cancer,ACTIVE_NOT_RECRUITING,2028-08,Part A - Occurrence of treatment-emergent adverse event (TEAE) - BNT113 in combination with pembrolizumab | Part B - Overall survival (OS) | Part B - Progression-free survival (PFS),
NCT06082167,STELLAR-305,,XL092-305; KEYNOTE-G06,EU CTR: 2023-506308-24-00; KEYNOTE-G06; MK-3475-G06,Zanzalintinib; XL092; Pembrolizumab; KEYTRUDA®,zanzalintinib,Exelixis,Merck Sharp & Dohme LLC,Study of Zanzalintinib (XL092) + Pembrolizumab vs Pembrolizumab in Subjects With PD-L1 Positive Recurrent or Metastatic Head and Neck Squamous Cell Carcinoma,Head and Neck Squamous Cell Carcinoma,ACTIVE_NOT_RECRUITING,2028-08,Progression-Free Survival (PFS) per Response Evaluation Criteria in Solid Tumors version 1.1 (RECIST 1.1) by Blinded Independent Central Review (BICR) | Overall Survival (OS),
NCT06795503,,,2407299-27,,"Docetaxel plus cyclophosphamide; Epirubicin, cyclophosphamide plus paclitaxel",docetaxel plus cyclophosphamide,Fudan University,,Non-Inferiority Study on MRNA-lncRNA Model in Low-Risk Triple-Negative Breast Cancer Patients,Triple-negative Breast Cancer,NOT_YET_RECRUITING,2028-08,invasive disease-free survival (iDFS),non-inferiority mentioned
NCT04974346,PAILACC,,CARTOnG 2101,,Paraaortic prophylactic irradiation and pelvic definitive concurrent chemoradiation; Pelvic definitive concurrent chemoradiation,,Zhejiang Cancer Hospital,,Para-aortic Prophylactic Irradiation for Locally Advanced Cervical Cancer,Cervical Cancer,RECRUITING,2028-08-01,Progression-free survival rate,
NCT06243393,TROPHIT1,,NCT_GI_BCK_01,2023-509771-17-00; AIO-KRK-0124/ass,Sacituzumab Govitecan (SG); Physicians Choice (PhC).,sacituzumab govitecan,University Hospital Heidelberg,,Sacituzumab Govitecan in Metastatic Colorectal Cancer,Metastatic Colorectal Cancer,RECRUITING,2028-08-01,Progression Free Survival (PFS),
NCT07379047,GISTAR-1,GIST,NB003-04,,NB003; regorafenib,,"Ningbo Newbay Technology Development Co., Ltd",,Efficacy and Safety of NB003 in Patients With Advanced Gastrointestinal Stromal Tumors (GIST),GIST - Gastrointestinal Stromal Tumor; Advanced,RECRUITING,2028-08-01,Progression-free Survival (PFS) | Objective response rate (ORR),
NCT06136624,OMAHA-003,MK-5684-003,5684-003,2023-504899-25-00; MK-5684-003; jRCT2031240029; U1111-1287-5304,Opevesostat; MK-5684; Abiraterone acetate; ZYTIGA; YONSA; Enzalutamide; XTANDI; Hydrocortisone; Fludrocortisone acetate; Prednisone; Dexamethasone,opevesostat,Merck Sharp & Dohme LLC,,Study of Opevesostat (MK-5684) Versus Alternative NHA in mCRPC (MK-5684-003),Prostate Cancer Metastatic,RECRUITING,2028-08-02,Overall Survival (OS) in Androgen Receptor Ligand Binding Domain (AR LBD) Mutation-Positive Participants | OS in AR LBD Mutation-Negative Participants,
NCT06984588,,,TJ004309LUC301,,Uliledlimab; Toripalimab; Pembrolizumab,uliledlimab,"TJ Biopharma Co., Ltd.",,"A Study to Compare Uliledlimab Combined With Toripalimab, Toripalimab Monotherapy, and Pembrolizumab Monotherapy in Patients With Previously Untreated Locally Advanced Unresectable or Metastatic PD-L1- and CD73- Selected Non-Small Cell Lung Cancer",Non Small Cell Lung Cancer,ACTIVE_NOT_RECRUITING,2028-08-05,Progression-free survival (PFS),
NCT06522555,,,POTENT STUDY,,"polatuzumab vedotin, zanubrutinib, rituximab and lenalidomide; zanubrutinib, rituximab and lenalidomide","polatuzumab vedotin, zanubrutinib, rituximab and lenalidomide",Ruijin Hospital,,The Efficacy and Safety of Pola-ZR2 Versus ZR2 in the Treatment of Old Patients With de Novo Diffuse Large B-cell Lymphoma,Diffuse Large B-Cell Lymphoma,RECRUITING,2028-08-10,2-year PFS rate,
NCT07125755,,,SL-B2025-367-02,,Cisplatin,cisplatin,Sun Yat-sen University,,Comparing Postoperative Adjuvant Cisplatin Concurrent Chemoradiotherapy With Adjuvant Radiotherapy Alone for Intermediate-risk Head and Neck Squamous Cell Carcinoma,Squamous Cell Cancer of Head and Neck (SCCHN),RECRUITING,2028-08-15,Failure-free survival (FFS),
NCT07774377,CHI-HSCT,,CHI-TALL-HSCT-001,,Chidamide; Control Group,chidamide,First Affiliated Hospital of Zhejiang University,,Chidamide Maintenance to Prevent Relapse After Allogeneic Hematopoietic Stem Cell Transplantation in Acute T-Lymphoblastic Leukemia/Lymphoma,T-Cell Acute Lymphoblastic Leukemia; T-Cell Lymphoblastic Lymphoma,NOT_YET_RECRUITING,2028-08-15,Relapse-Free Survival (RFS),
NCT06305754,,MK-2870-009,2870-009,2023-504910-31-00; U1111-1288-3804; MK-2870-009; jRCT2071240041,Sacituzumab tirumotecan; SKB264; MK-2870; Pemetrexed; Carboplatin; H1 Receptor Antagonist; H2 Receptor Antagonist; Acetaminophen (or equivalent); Dexamethasone (or equivalent); Steroid Mouthwash (dexamethasone or equivalent),sacituzumab tirumotecan,Merck Sharp & Dohme LLC,,"Sacituzumab Tirumotecan (MK-2870) Versus Pemetrexed and Carboplatin Combination Therapy in Participants With Epidermal Growth Factor (EGFR)-Mutated, Advanced Nonsquamous Non-small Cell Lung Cancer (NSCLC) Who Have Progressed on Prior EGFR Tyrosine Kinase Inhibitors (MK-2870-009)",Non-small Cell Lung Cancer (NSCLC),ACTIVE_NOT_RECRUITING,2028-08-17,Overall Survival (OS),
NCT07362186,,,LM108-03-202,,LM-108 in combination with Toripalimab; Paclitaxel injection intravenous infusion,lm-108 in combination with toripalimab,LaNova Medicines Limited,,LM-108 in Combination With Toripalimab Versus Paclitaxel Injection for the Treatment of Subjects With CCR8-Positive Gastric and Gastroesophageal Junction Adenocarcinoma,Locally Advanced or Metastatic GC and GCJ Adenocarcinoma,RECRUITING,2028-08-17,Overall survival (OS),
NCT07164443,KLK2-comPAS,mCRPC,78278343PCR3001,2025-520927-26-00,Pasritamig; JNJ-78278343; Best Supportive Care (BSC); JNJ-87189401,pasritamig,"Janssen Research & Development, LLC",,A Study of Pasritamig With or Without JNJ-87189401 Versus Placebo for Late Line Metastatic Castration-resistant Prostate Cancer (mCRPC),Metastatic Castration-resistant Prostatic Neoplasms,RECRUITING,2028-08-18,Overall Survival (OS),
NCT05489848,,,EC-2022 -01,,Paclitaxel; Carboplatin; Cisplatin; EBRT; VBT,,Fudan University,,Chemotherapy vs Chemoradiotherapy for Post-operative Endometrial Cancer Patients With P53-mutation,Endometrial Cancer,NOT_YET_RECRUITING,2028-08-20,the 2-year progression-free survival(PFS),non-inferiority mentioned
NCT06561763,,,SYSKY-2024-568-02,,"Nimotuzumab,Toripalimab，Cisplatin, albumin paclitaxel, capecitabine; Nimotuzumab,Toripalimab，Cisplatin, Gemcitabine","nimotuzumab,toripalimab，cisplatin, albumin paclitaxel, capecitabine",Sun Yat-sen University,,TPC VS. GP Induced Chemotherapy Combined With Nimotuzumab and Toripalimab in the Treatment of Locally Advanced Nasopharyngeal Carcinoma,High Risk Locally Advanced Nasopharyngeal Carcinoma,NOT_YET_RECRUITING,2028-08-20,3-year event free survival,non-inferiority mentioned
NCT07165886,,GEP-NETs,HB1901-010,,Sirolimus for injection (albumin bound); Octreotide long-acting injection; Everolimus,sirolimus for injection,"CSPC ZhongQi Pharmaceutical Technology Co., Ltd.",,Sirolimus for Injection (Albumin Bound) Combined With Octreotide Long-acting Injection in Patients With Metastatic Gastroenteropancreatic Neuroendocrine Tumors,Gastroenteropancreatic Neuroendocrine Tumors,RECRUITING,2028-08-29,Phase II: Incidences of Adeverse Events (AEs) | Phase II: Dose Limiting Toxicity (DLT) | Phase II: Recommended Phase 3 Dose (RP3D) | Phase II: Objective Response Rate (ORR） per investigator | Phase III: Progression Free Survival (PFS) per Blinded Independent Review Committee (BIRC),
NCT06082102,,,ICP-CL-00123,,Orelabrutinib; Rituximab; Lenalidomide,orelabrutinib,"Beijing InnoCare Pharma Tech Co., Ltd.",,Efficacy and Safety of Orelabrutinib Combined With Rituximab Versus Lenalidomide Combined With Rituximab in Patients With Relapsed/Refractory Marginal Zone Lymphoma,Relapsed/Refractory Marginal Zone Lymphoma,RECRUITING,2028-08-31,IRC-assessed PFS,
NCT06680921,,SIMRISE,SIM0270-301,,SIM0270; Everolimus (Afinitor®); Exemestane tablets; Fulvestrant injection,sim0270,"Jiangsu Simcere Pharmaceutical Co., Ltd.","Nanjing Zaiming Pharmaceutical Co., Ltd.",A Study of SIM0270 Combined With Everolimus vs. Treatment of Physician's Choice in Patients With ER+/HER2- Advanced Breast Cancer (SIMRISE),Locally Advanced or Metastatic Breast Cancer,ACTIVE_NOT_RECRUITING,2028-08-31,"Progression free survival(PFS) , as assessed by blinded independent review committee(BIRC) according to RECIST1.1",
NCT06742996,,CELESTIAL-RRMCL,BGB-11417-302,2024-515593-27-00; CTR20250207,Sonrotoclax; BGB-11417; Zanubrutinib; Brukinsa; BGB-3111,sonrotoclax,BeOne Medicines,,A Study to Investigate the Efficacy and Safety of Sonrotoclax Plus Zanubrutinib Compared With Placebo Plus Zanubrutinib in Adults With Relapsed/Refractory Mantle Cell Lymphoma (CELESTIAL-RRMCL),Mantle Cell Lymphoma; B Cell Lymphoma,RECRUITING,2028-08-31,Progression-Free Survival (PFS) as assessed by Blinded Independent Review Committee (BIRC),
NCT07393321,,,NTQ1062-301,,NTQ1062+Fulvestrant,ntq1062+fulvestrant,Nanjing Chia-tai Tianqing Pharmaceutical,,A Phase III Clinical Trial of NTQ1062 in Combination With Fulvestrant for the Treatment of Advanced or Metastatic HR+/HER2- Breast Cancer,HR Positive/HER2 Negative Advanced or Metastatic Breast Cancer,NOT_YET_RECRUITING,2028-08-31,Progression-free survival (PFS) as assessed by investigators according to RECIST v1.1,
NCT07416994,,,YL202-CN-301-01,,YL202; Docetaxel,yl202,"MediLink Therapeutics (Suzhou) Co., Ltd.",,Pivotal Study to Evaluate YL202 Versus Docetaxel in Patients With Locally Advanced or Metastatic EGFR Sensitive Mutation Non-Squamous Non-Small Cell Lung Cancer,Non-Small Cell Lung Cancer,RECRUITING,2028-08-31,Overall Survival (OS) | Title: Progression-Free Survival (PFS) assessed by Blinded Independent Central Review (BICR),
NCT07754123,,,HS-10504-301,,HS-10504; platinum-based doublet chemotherapy (Pemetrexed and Cisplatin/Carboplatin),hs-10504,"Jiangsu Hansoh Pharmaceutical Co., Ltd.",,Phase III Study of HS-10504 Versus Platinum-Based Doublet Chemotherapy in Patients With C797S+ NSCLC,Advanced or Metastatic NSCLC,NOT_YET_RECRUITING,2028-08-31,Progression Free Survival (PFS),
NCT02885753,OSCAR,,PRODIGE 49,,Oxaliplatin intravenous; Oxaliplatin IV; 5 FU bolus; 5 FU; Folinic acid; Folinic Acid IV; Oxaliplatin intra-arteriel; Oxaliplatin IA; Panitumumab; Pani; Bevacizumab; Beva; 5 FU continuous; Irinotecan; IRI,oxaliplatin intra-arteriel,Federation Francophone de Cancerologie Digestive,,Systemic Oxaliplatin or Intra-arterial Chemotherapy Combined With LV5FU2 +/- Irinotecan and an Target Therapy in First Line Treatment of Metastatic Colorectal Cancer Restricted to the Liver,Colorectal Neoplasms,RECRUITING,2028-09,progression-free survival,
NCT05317819,,,POLARIS2021-001,,ADI-PEG20; pegargiminase,adi-peg20,Polaris Group,,Study of ADI-PEG 20 Versus Placebo in Subjects With High Arginine Level and Unresectable Hepatocellular Carcinoma,Hepatocellular Carcinoma; Advanced Hepatocellular Carcinoma,RECRUITING,2028-09,Overall Survival (OS),
NCT05476939,BIOMEDE 2,,2014/2126,2014-001929-32; 2023-506027-29-00,Everolimus; VOTUBIA; AFINITOR; ONC201; Radiotherapy,onc201,"Gustave Roussy, Cancer Campus, Grand Paris","Innovative Therapies For Children with Cancer Consortium; Ministry of Health, France; Jazz Pharmaceuticals",Biological Medicine for Diffuse Intrinsic Pontine Glioma (DIPG) Eradication 2.0,"Diffuse Intrinsic Pontine Glioma; Diffuse Midline Glioma, H3 K27M-Mutant; Diffuse Midline Glioma, H3K27-altered",RECRUITING,2028-09,Progression-free survival,
NCT06486142,ERIS,,2021-003755-41,,Afatinib/Dacomitinib; Study participants receiving afatinib or dacomitinib until tumor progression/other reasons; Osimertinib; Study participants receiving osimertinib until tumor progression/other reasons,,Region Skane,Swedish Lung Cancer Study Group,EGFR-mutated Lung Cancer in Randomized Investigator-Initiated Study,Non-Small Cell Lung Cancer,RECRUITING,2028-09,Progression-free survival (PFS),
NCT06513065,HIPEC-PMP,,83709,,Mitomycin c; HIPEC,,University of Southampton,,Study to Evaluate the Non-inferiority of Low-dose HIPEC Versus High-dose HIPEC in the Treatment of PMP (HIPEC-PMP),Pseudomyxoma Peritonei,RECRUITING,2028-09,Disease Free Survival,non-inferiority mentioned
NCT06521255,,,ICP-CL-00903,,Tafasitamab; Lenalidomide; Gemcitabine; Oxaliplatin; Rituximab,tafasitamab,"Beijing InnoCare Pharma Tech Co., Ltd.",,Evaluate the Safety and Efficacy of Tafasitamab and Lenalidomide in Combination With Gemcitabine and Oxaliplatin Versus Rituximab in Combination With Gemcitabine and Oxaliplatin in Patients With Relapsed/Refractory Diffuse Large B-Cell Lymphoma,DLBCL,RECRUITING,2028-09,Dose limiting toxicity（DLT）and other adverse events (AEs) of tafasitamab and lenalidomide in combination with GemOx (TL-GemOx) assessed using CTCAE v5.0 | PFS assessed by IRC according to Lugano 2014,
NCT06699212,ECLIPSE,,ASP-1929-381,ECLIPSE,ASP-1929 Photoimmunotherapy; cetuximab sarotalocan; PIT690 Laser System; Pembrolizumab; Keytruda; Carboplatin; Cisplatin; 5-fluorouracil; Paclitaxel; Docetaxel,asp-1929 photoimmunotherapy,"Rakuten Medical, Inc.",,A Study of ASP-1929 Photoimmunotherapy in Combination With Pembrolizumab in First-line Treatment of Locoregional Recurrent Squamous Cell Carcinoma of the Head and Neck With No Distant Metastases,Recurrent Head and Neck Squamous Cell Carcinoma,RECRUITING,2028-09,Overall survival (OS),
NCT06745908,,,ResQ201A-NSCLC,,N-803; Tislelizumab; Docetaxel; Prior failed checkpoint inhibitor,n-803,"ImmunityBio, Inc.",,Clinical Trial of N-803 Plus Tislelizumab or Prior Failed Immune Checkpoint Inhibitor and Docetaxel Versus Docetaxel Monotherapy in Participants With Advanced or Metastatic Non-Small Cell Lung Cancer Who Have Acquired Resistance to Immune Checkpoint In,NSCLC Stage IV,RECRUITING,2028-09,Compare Overall Survival between the experimental and control arms,
NCT06755515,,,NTP-F520-502,,Rulonilimab; cisplatin/carboplatin + paclitaxel ± bevacizumab,rulonilimab,"Shandong New Time Pharmaceutical Co., LTD",,"A Phase Ⅱ/Ⅲ Study of Rulonilimab Plus Chemotherapy± Bevacizumab for the First-Line Treatment of Persistent, Recurrent or Metastatic Cervical Cancer",Cervical Cancer,ENROLLING_BY_INVITATION,2028-09,Objective tumor response rate (ORR) assessed by RECIST1.1 | Progression Free Survival (PFS) assessed by RECIST1.1 | Overall Survival (OS),
NCT07174908,,,IN10018-023,,IN10018 in combination with D-1553; anti-PD-1 monoclonal antibody in combination with platinum and pemetrexed,in10018 in combination with d-1553,"InxMed (Shanghai) Co., Ltd.",,A Phase 3 Study of IN10018 in Combination With D-1553 Versus Standard Therapy for First Line Non-squamous Non-small Cell Lung Cancer With KRAS G12C Mutation,Non-Small Cell Lung Cancer,RECRUITING,2028-09,Progression-Free Survival (PFS),
NCT07303023,INCIPT-NPC,,INCIPT-NPC,2507-83-01,Individualized Neck Irradiation; Standard Neck Irradiation,,Fudan University,,Individualized Neck Cervical Irradiation Prophylaxis Trial of NPC,Nasopharyngeal Carcinoma (NPC),RECRUITING,2028-09,neck recurrence-free survival.,non-inferiority mentioned
NCT07716449,,,QLS31905-302,,QLS31905; Sintilimab; Oxaliplatin; Capecitabine,qls31905,"Qilu Pharmaceutical Co., Ltd.",,QLS31905 in Combination With CAPOX Versus Sintilimab in Combination With CAPOX as First-line Treatment in Patients With GC/GEJ,Gastric or Gastroesophageal Junction Adenocarcinoma,NOT_YET_RECRUITING,2028-09,Progression free survival (PFS),
NCT04803539,Artemis,,SunYatsenU2H-LQ4,,capecitabine; capecitabine + camrelizumab + apatinib,capecitabine + camrelizumab + apatinib,Sun Yat-Sen Memorial Hospital of Sun Yat-Sen University,"Jiangsu HengRui Medicine Co., Ltd.","A Prospective, Phase II Trial Using ctDNA to Initiate Post-operation Boost Therapy After Adjuvant Chemotherapy in TNBC",Breast Cancer,RECRUITING,2028-09-01,Invasive Disease Free Survival(IDFS),
NCT07015892,ESCALADOR,ESCALADOR Study,ESCALADOR Study,PI 2024 11 1761,Thoracic Radiotherapy 45 Gy BID; Thoracic Radiotherapy 60 Gy BID; Thoracic Radiotherapy SIB 45-54 Gy BID,,Instituto de Investigación Biomédica de Salamanca,Spanish Lung Cancer Group,Dose-Escalation Radiotherapy in Limited-Stage Small Cell Lung Cancer: A Phase III Randomized Trial,Small Cell Lung Carcinoma,RECRUITING,2028-09-01,Progression-Free Survival (PFS),
NCT06758401,,,C5751003,2024-517968-36-00,Sigvotatug Vedotin; Pembrolizumab,sigvotatug vedotin,Pfizer,,This is a Study to Learn About How the Combination of the Study Medicines Sigvotatug Vedotin Plus Pembrolizumab Works in People With Non-small Cell Lung Cancer With High Levels of PD-L1.,"Non-Small Cell Lung Cancer; Carcinoma, Non-Small-Cell Lung; Carcinoma, Non-Small-Cell Lung (NSCLC)",RECRUITING,2028-09-05,Overall Survival | Progression Free Survival (PFS) assessed by blinded independent central review (BICR),
NCT07472517,,,1438-0012,2025-520565-51-00; U1111-1317-4955,obrixtamig; atezolizumab; carboplatin; etoposide,obrixtamig,Boehringer Ingelheim,,"DAREON ® -Lung-1: A Study in People With Advanced Small Cell Lung Cancer to Compare Obrixtamig Plus Atezolizumab, Carboplatin, and Etoposide Treatment With Standard Chemoimmunotherapy",Small Cell Lung Cancer (SCLC); Extensive-stage Small Cell Lung Cancer (ES-SCLC),RECRUITING,2028-09-09,Overall survival (OS),
NCT07028853,,MEVPRO-3,C2321008,MEVPRO-3; 2024-519369-24-00,Mevrometostat; PF-06821497; Enzalutamide; Xtandi,mevrometostat,Pfizer,,This Study Will Explore Whether a Combination of the Investigational Drug Mevrometostat (PF-06821497) and Enzalutamide Will Work Better Than Taking Enzalutamide Alone in Participants With mCSPC Who Are ARPI naïve.,Metastatic Castration Sensitive Prostate Cancer (mCSPC); Hormone Sensitive Prostate Cancer; Prostate Cancer; Cancer of the Prostate,RECRUITING,2028-09-12,Radiographic Progression Free Survival (rPFS),
NCT07522073,DAWN-303,,INCB161734-303,,INCB161734; Investigator's choice of chemotherapy; mFOLFIRINOX; GemNabP,incb161734,Incyte Corporation,Qiagen Manchester Ltd,"A Study to Evaluate Chemotherapy With or Without INCB161734 in Previously Untreated, KRAS G12D-Mutated Metastatic Pancreatic Ductal Adenocarcinoma",Solid Tumors,RECRUITING,2028-09-15,Overall Survival (OS) | Progression-free survival (PFS) by BICR | Objective Response by BICR,
NCT07758621,,,SYS6010-023,,SYS6010; Investigator's Choice of monotherapy,sys6010,"CSPC Megalith Biopharmaceutical Co.,Ltd.",,SYS6010 vs Investigator's Choice of Monotherapy in Patients With Recurrent or Metastatic HNSCC,Head and Neck Squamous Cell Carcinoma,NOT_YET_RECRUITING,2028-09-15,Objective Response Rate (ORR) as assessed by IRC per RECIST v.1.1. | Overall Survival,
NCT05239741,,MK-3475-C66,3475-C66,MK-3475-C66,Pembrolizumab; KEYTRUDA®; MK-3475; Oxaliplatin; Leucovorin; 5-fluorouracil; 5-FU; Irinotecan; Bevacizumab; Cetuximab,pembrolizumab,Merck Sharp & Dohme LLC,,Study of Pembrolizumab (MK-3475) Versus Chemotherapy in Chinese Participants With Stage IV Colorectal Cancer (MK-3475-C66),Colorectal Neoplasms,ACTIVE_NOT_RECRUITING,2028-09-19,Progression-Free Survival (PFS) per Response Evaluation Criteria in Solid Tumors Version 1.1 (RECIST 1.1) as Assessed by Blinded Independent Central Review (BICR) For All Participants | Progression-Free Survival (PFS) per Response Evaluation Criteria in Solid Tumors Version 1.1 (RECIST 1.1) as Assessed by Blinded Independent Central Review (BICR) For RAS Wild-type Participants,
NCT06252649,CodeBreaK 301,,20210081,,FOLFIRI Regimen; Sotorasib; AMG 510; Lumakras; Lumykras; Panitumumab; Vectibix; Bevacizumab-awwb; MVASI,sotorasib,Amgen,,"Study of Sotorasib, Panitumumab and FOLFIRI Versus FOLFIRI With or Without Bevacizumab-awwb in Treatment-naïve Participants With Metastatic Colorectal Cancer With KRAS p.G12C Mutation",Metastatic Colorectal Cancer,RECRUITING,2028-09-25,PFS per Response Evaluation Criteria in Solid Tumors (RECIST v1.1),
NCT07816666,TREVI-OC-03,,D8992C00001,2026-526776-23-00,Torvutatug samrotecan; AZD5335; Bevacizumab,torvutatug samrotecan,AstraZeneca,"GOG Foundation; European Network of Gynaecological Oncological Trial Groups (ENGOT); Ventana Medical Systems, Inc",Torvutatug Samrotecan With or Without Bevacizumab as Maintenance Treatment of Platinum-sensitive Relapsed Epithelial Ovarian Cancer,Platinum-sensitive Relapsed Epithelial Ovarian Cancer; Platinum-sensitive Relapsed Fallopian Tube Cancer; Platinum-sensitive Relapsed Primary Peritoneal Cancer,NOT_YET_RECRUITING,2028-09-26,Progression-Free Survival (PFS),
NCT04181203,CARLHA-2,,GETUG-AFU33 UC-0160/1702,2017-000155-21,"Apalutamide; ARN-509; Salvage radiotherapy (SRT); Luteinising Hormone Releasing Hormone agonist (LHRHa); leuprolide, goserelin, triptorelin acetate",apalutamide,UNICANCER,Janssen Pharmaceutica,"Combined Apalutamide, Radiotherapy, and LHRH Agonist in Prostate Cancer Patients After Prostatectomy",Prostate Cancer,ACTIVE_NOT_RECRUITING,2028-09-28,Progression-free survival (PFS),
NCT06855277,AcTFirst,,CAAA817B12301,2024-512340-32,AAA817; [225Ac]Ac-PSMA-617; ARPI; Enzalutamide or Abiraterone; Standard of Care; ARPI enzalutamide; ARPI abiraterone; Taxane based chemotherapy of docetaxel; Taxane based chemotherapy of cabazitaxel; [177Lu]Lu-PSMA-617 (AAA617),aaa817,Novartis Pharmaceuticals,,Study Comparing AAA817+ARPI Versus Standard of Care in Adult Participants With PSMA-positive mCRPC,Prostate Cancer,RECRUITING,2028-09-29,Radiographic Progression Free Survival (rPFS),
NCT05534087,CLAUDIA,KCSG CO22-12,H-2205-029-1322,,mFOLFIRINOX-FOLFIRI intensified chemotherapy; FOLFOX or CAPOX adjuvant chemotherapy,mfolfirinox-folfiri intensified chemotherapy,Seoul National University Hospital,,Platform Study of Circulating Tumor DNA Directed Adjuvant Chemotherapy in Colon Cancer (KCSG CO22-12),Colon Cancer,RECRUITING,2028-09-30,3-year disease-free survival rate,
NCT06616259,CAPCET-III,,20240716,,mCapOX plus Cetuximab; mFOLFOX6 plus Cetuximab,mcapox plus cetuximab,Meng Qiu,,"First-line Treatment of MCapOX + Cetuximab Vs. MFOLFOX6 + Cetuximab for RAS/BRAF Wild-type, MSS, Unresectable Left-Sided MCRC: a Multicenter, Randomized, Controlled, Phase III Study",Colorectal Cancer (CRC); Capecitabine; Cetuximab,NOT_YET_RECRUITING,2028-09-30,Progression free survival (PFS),
NCT06901531,LUCERNA,,8951-CL-0305,2024-519773-19; jRCT2031250021; CTR20253090,zolbetuximab; IMAB362; VYLOY; Pembrolizumab; Capecitabine; Oxaliplatin; Folinic acid (leucovorin or local equivalent); 5-fluorouracil (5-FU),zolbetuximab,"Astellas Pharma Global Development, Inc.",,A Study of Zolbetuximab Together With Pembrolizumab and Chemotherapy in Adults With Gastric Cancer,Locally Advanced Unresectable Gastroesophageal Junction (GEJ) Adenocarcinoma or Cancer; Locally Advanced Unresectable Gastric Adenocarcinoma or Cancer; Metastatic Gastric Adenocarcinoma or Cancer; Metastatic Gastroesophageal Junction (GEJ) Adenocarcinoma,RECRUITING,2028-09-30,Overall Survival (OS),
NCT06959693,,mCRC,SMA CRC 005,,Cetuxima-β; Envafolimab; mFOLFOX6,envafolimab,Sun Yat-sen University,,"A Clinical Study to Evaluate the Efficacy and Safety of Envafolimab Combined With Cetuxima-βand mFOLFOX6 in Patients With MSS, RAS/BRAF Wild-Type Metastatic Colorectal Cancer (mCRC)",Metastatic Colorectal Cancer (CRC),NOT_YET_RECRUITING,2028-09-30,Progressin Free Survival，PFS,
NCT07321652,,CLL/SLL,A042302,NCI-2025-08923,Zanubrutinib; Sonrotoclax; Computed Tomography; CT Scan; Cat Scan; Bone Marrow Aspiration; Biospecimen Collection; Survey Administration,sonrotoclax,Alliance for Clinical Trials in Oncology,National Cancer Institute (NCI),"Testing the Addition of Anti-Cancer Drug Sonrotoclax, to the Standard Treatment Zanubrutinib, for Previously Untreated CLL/SLL",Chronic Lymphocytic Leukemia; Small Lymphocytic Leukemia,RECRUITING,2028-09-30,Progression free survival (PFS),
NCT07414758,T-START-M1,,T-START-M1,,golidocitinib,golidocitinib,"Shanghai General Hospital, Shanghai Jiao Tong University School of Medicine","Xinhua Hospital, Shanghai Jiao Tong University School of Medicine; Shanghai Ninth People's Hospital Affiliated to Shanghai Jiao Tong University; Shanghai Cancer Hospital, China; Ruijin Hospital",Golidocitinib Versus Placebo as Maintenance Therapy in PTCL Patients With Response (CR/PR) After First-Line Chemotherapy,Peripheral T Cell Lymphoma,RECRUITING,2028-09-30,Progression-Free Survival (PFS),
NCT07669610,TRIBE,,SCHBCC-N0116,,SHR- A1811; Trastuzumab Rezetecan; SHR-A1811+BEV; Trastuzumab Rezetecan；bevacizumab,shr-a1811+bev,Fudan University,,"An Open-Label, Randomized Phase III Study of Trastuzumab Rezetecan With or Without Bevacizumab in First to Third Line BLIS Subtype TNBC",Breast Cancer; Triple Negative Breast Cancer (TNBC),NOT_YET_RECRUITING,2028-09-30,Progression Free Survival(PFS),
NCT07760844,SCHBCC-N0117,,SCHBCC-N0117,,SHR- A1811+ eve; SHR- A1811,shr- a1811+ eve,Fudan University,,"An Open-Label, Randomized Phase III Study of Trastuzumab Rezetecan With or Without Everolimus in First to Third Line LAR Subtype TNBC",Breast Cancer; Triple Negative Breast Cancer (TNBC),NOT_YET_RECRUITING,2028-09-30,Progression Free Survival(PFS),
NCT03340896,SALTORL,,GORTEC 2014-03,,Docetaxel; Taxotere; Cisplatin; Cisplatine; Fluorouracil; 5 FU; radiotherapy; radiation therapy,,Groupe Oncologie Radiotherapie Tete et Cou,,Trial of Laryngeal Preservation Comparing Induced CT Followed by RT vs CT Concomitant to RT,Head and Neck Squamous Cell Carcinoma,ACTIVE_NOT_RECRUITING,2028-10,free survival,
NCT05582265,,REDUCTION-I,SYSKY-2022-256-1,,Tislelizumab（neoadjuvant）; Cisplatin （neoadjuvant）; Nab-paclitaxel （neoadjuvant）; Surgical resection; Cisplatin（adjuvant）; Tislelizumab（adjuvant）; Radiation; Carboplatin (neoadjuvant）; Carboplatin (adjuvant）,tislelizumab（neoadjuvant）,Sun Yat-Sen Memorial Hospital of Sun Yat-Sen University,"Zhongshan People's Hospital, Guangdong, China; Shenzhen Sixth People's Hospital",Tislelizumab Combined With Chemotherapy Followed by Surgery Versus Up-front Surgery in Resectable Head and Neck Squamous Cell Carcinoma (REDUCTION-I),Head and Neck Squamous Cell Carcinomas,RECRUITING,2028-10,Event-free Survival (EFS),
NCT06216301,LUNAR-2,,EF-44,,NovoTTF-200T; Pembrolizumab; Platinum based chemotherapy,,NovoCure GmbH,,LUNAR-2: TTFields With Pembrolizumab + Platinum-based Chemotherapy for Metastatic NSCLC,Metastatic Non-small Cell Lung Cancer,RECRUITING,2028-10,Overall Survival (OS) | Progression Free Survival (PFS),
NCT06335355,,,SHR-1316-307,,Adebrelimab + SHR-8068 + Pemetrexed + Carboplatin; Camrelizumab + Pemetrexed + Carboplatin; Adebrelimab + Pemetrexed + Carboplatin,adebrelimab + shr-8068 + pemetrexed + carboplatin,"Shanghai Shengdi Pharmaceutical Co., Ltd",,A Phase II/III Study of Adebrelimab in Combination With SHR-8068 and Chemotherapy in Advanced or Metastatic NSCLC Patients,Non-squamous Non-small Cell Lung Cancer,NOT_YET_RECRUITING,2028-10,Investigator-assessed Objective Response Rate (Phase One) | Overall Survival (Phase Two),
NCT07187960,,,TQB2825-III-01,,TQB2825 Injection; Rituximab Injection,tqb2825 injection,"Shanghai Chia Tai Tianqing Pharmaceutical Technology Development Co., Ltd.",,Evaluation of the Efficacy and Safety of TQB2825 Injection Compared to Immunotherapy in the Treatment of Recurrent/Refractory Follicular Lymphoma,Follicular Lymphoma,NOT_YET_RECRUITING,2028-10,Progression free survival (PFS) evaluated by an independent review committee (IRC),
NCT07189455,,,ZG006-006,,ZG006; Topotecan,zg006,"Suzhou Zelgen Biopharmaceuticals Co.,Ltd",,Study Comparing ZG006 With Investigator-Selected Chemotherapy in Participants With Relapsed Small Cell Lung Cancer,Small-cell Lung Cancer,RECRUITING,2028-10,Overall Survival (OS),
NCT07223021,,INFLUENCE,25-072,,Fludarabine; Cyclophosphamide; CAR-T,fludarabine,Memorial Sloan Kettering Cancer Center,Princess Maxima Center for Pediatric Oncology,A Study of Fludarabine Dosing in Children and Young Adults With B-cell Acute Lymphoblastic Leukemia,B-cell Acute Lymphoblastic Leukemia,RECRUITING,2028-10,compare the event free survival (EFS ),
NCT07225270,RAINFOL-04,PSOC,GCT1184-04,2025-522167-15-00; jRCT2051250197; GOG-3134; ENGOT-OV96,Rina-S; Rinatabart sesutecan; GEN1184; PRO1184; Bevacizumab,rina-s,Genmab,,Study to Assess the Efficacy and Safety of Rina-S Plus Standard of Care Compared to Standard of Care for Maintenance Treatment of Participants With Recurrent Platinum-sensitive Ovarian Cancer After Second-line (2L) Platinum-based Doublet Chemotherapy,Ovarian Cancer; Platinum-sensitive Ovarian Cancer; PSOC,RECRUITING,2028-10,"Progression-free Survival (PFS) per Response Evaluation Criteria in Solid Tumours (RECIST) 1.1, as Determined by Blinded Independent Central Review (BICR)",
NCT07238283,,,HR070803-308,,Irinotecan Hydrochloride Liposome Injection (II); Oxaliplatin; 5Fluorouracil; Calcium folinate; nab-paclitaxel; gemcitabine,irinotecan hydrochloride liposome injection ; oxaliplatin; 5fluorouracil; calcium folinate,"Jiangsu HengRui Medicine Co., Ltd.",,"Irinotecan Hydrochloride Liposome Injection (II)in Combination With Oxaliplatin, 5-FU/LV Versus AG for First-line Treatment of Metastatic Pancreatic Cancer",First-line Treatment of Metastatic Pancreatic Cancer,RECRUITING,2028-10,Overall survival (OS),
NCT07385703,,,LM302-03-201,,LM-302 Injection; Tislelizumab; Oxaliplatin Injection; Capecitabine Tablets,lm-302 injection,"Shanghai Chia Tai Tianqing Pharmaceutical Technology Development Co., Ltd.",,Clinical Study on the Efficacy and Safety of LM-302 Injection Combined With Tislelizumab and Tislelizumab Combined Chemotherapy for the Treatment of Gastric or Gastroesophageal Junction Adenocarcinoma.,Adenocarcinoma,RECRUITING,2028-10,Progression-free survival (PFS),
NCT04269902,,,NCI-2020-00752,NCI-2020-00752; S1925; U10CA180888,"Biospecimen Collection; Biological Sample Collection; Biospecimen Collected; Sample Collection; Specimen Collection; Bone Marrow Aspiration; Bone Marrow Biopsy; Biopsy of Bone Marrow; Biopsy, Bone Marrow; Computed Tomography; CAT; CAT Scan; Computed Axial Tomography; Computerized Axial Tomography; Computerized axial tomography (procedure); Computerized Tomography; Computerized Tomography (CT) scan; CT; CT Scan; Diagnostic CAT Scan; Diagnostic CAT Scan Service Type; tomography; Obinutuzumab; Anti-CD20 Monoclonal Antibody R7159; GA 101; GA-101; GA101; Gazyva; huMAB(CD20); R 7159; R-7159; R7159; RO 5072759; RO-5072759; RO5072759; Questionnaire Administration; Venetoclax; ABT 199; ABT-0199; ABT-199; ABT199; GDC 0199; GDC-0199; GDC0199; RG7601; Venclexta; Venclyxto",,National Cancer Institute (NCI),,"Testing Early Treatment for Patients With High-Risk Chronic Lymphocytic Leukemia (CLL) or Small Lymphocytic Leukemia (SLL), EVOLVE CLL/SLL Study",Chronic Lymphocytic Leukemia; Small Lymphocytic Lymphoma,RECRUITING,2028-10-01,Overall survival (OS) | Functional Assessment of Cancer Therapy (FACT)-Leukemia total score,
NCT05058651,,NEC,NCI-2021-09851,NCI-2021-09851; S2012; U10CA180888,"Atezolizumab; MPDL 3280A; MPDL 328OA; MPDL-3280A; MPDL3280A; MPDL328OA; RG 7446; RG-7446; RG7446; RO 5541267; RO-5541267; RO5541267; Tecentriq; Biospecimen Collection; Biological Sample Collection; Biospecimen Collected; Sample Collection; Specimen Collection; Carboplatin; Blastocarb; Carboplat; Carboplatin Hexal; Carboplatino; Carboplatinum; Carbosin; Carbosol; Carbotec; CBDCA; Displata; Ercar; JM-8; JM8; Nealorin; Novoplatinum; Paraplatin; Paraplatin AQ; Paraplatine; Platinwas; Ribocarbo; Cisplatin; Abiplatin; Blastolem; Briplatin; CDDP; Cis-diammine-dichloroplatinum; Cis-diamminedichloridoplatinum; Cis-diamminedichloro Platinum (II); Cis-diamminedichloroplatinum; Cis-dichloroammine Platinum (II); Cis-platinous Diamine Dichloride; Cis-platinum; Cis-platinum II; Cis-platinum II Diamine Dichloride; Cismaplat; Cisplatina; Cisplatinum; Cisplatyl; Citoplatino; Citosin; Cysplatyna; DDP; Lederplatin; Metaplatin; Neoplatin; Peyrone's Chloride; Peyrone's Salt; Placis; Plastistil; Platamine; Platiblastin; Platiblastin-S; Platinex; Platinol; Platinol- AQ; Platinol-AQ; Platinol-AQ VHA Plus; Platinoxan; Platinum; Platinum Diamminodichloride; Platiran; Platistin; Platosin; Computed Tomography; CAT; CAT Scan; Computed Axial Tomography; Computerized Axial Tomography; Computerized axial tomography (procedure); Computerized Tomography; Computerized Tomography (CT) scan; CT; CT Scan; Diagnostic CAT Scan; Diagnostic CAT Scan Service Type; tomography; Etoposide; Demethyl Epipodophyllotoxin Ethylidine Glucoside; EPEG; Lastet; Toposar; Vepesid; VP 16; VP 16-213; VP 16213; VP-16; VP-16-213; VP-16213; VP16; VP16213; Magnetic Resonance Imaging; Magnetic Resonance; Magnetic Resonance Imaging (MRI); Magnetic resonance imaging (procedure); Magnetic Resonance Imaging Scan; Medical Imaging, Magnetic Resonance / Nuclear Magnetic Resonance; MR; MR Imaging; MRI; MRI Scan; MRIs; NMR Imaging; NMRI; Nuclear Magnetic Resonance Imaging; sMRI; Structural MRI; Patient Observation; Active Surveillance; deferred therapy; expectant management; Observation; Watchful Waiting",atezolizumab,National Cancer Institute (NCI),,Evaluating the Addition of the Immunotherapy Drug Atezolizumab to Standard Chemotherapy Treatment for Advanced or Metastatic Neuroendocrine Carcinomas That Originate Outside the Lung,Advanced Extrapulmonary Neuroendocrine Carcinoma; Metastatic Extrapulmonary Neuroendocrine Carcinoma; Recurrent Extrapulmonary Neuroendocrine Carcinoma; Unresectable Extrapulmonary Neuroendocrine Carcinoma,RECRUITING,2028-10-01,Overall survival,
NCT07004413,FIRE-11,,U1111-1319-8357,2025-522377-12-00; AIO-KRK-0524,"FOLFIRI+cetuximab; Cetuximab, Irinotecan, Folinic acid, 5-fluorouracil (FU); Guardant360 ctDNA assay",,"Charite University, Berlin, Germany","Guardant Health, Inc.; Merck KGaA, Darmstadt, Germany",Continuous or Intermittent Cetuximab Plus FOLFIRI as First-line Treatment in RAS/BRAF Wild-type mCRC Patients,Colorectal Cancer Metastatic,NOT_YET_RECRUITING,2028-10-01,Progression-free survival (PFS) on treatment rate at 12 months,
NCT07425808,FIT-AML,,EORTC 2467-LG,,Gilteritinib; Venetoclax; Azacitidine (AZA); Local standard of care (SOC),gilteritinib,European Organisation for Research and Treatment of Cancer - EORTC,Fondazione GIMEMA; Astellas Pharma Inc,FLT3-ITD Targeted Therapy in Fit AML Patients,AML (Acute Myeloid Leukemia),NOT_YET_RECRUITING,2028-10-01,"Phase II: Achievement of CR/CRi documented within 6 months from randomization, occurring prior to allografting and before initiation of any post-protocol treatments. | Phase III: Overall survival",
NCT07788001,SIGN,,SIGN study,,ICG-guided sentinel lymph node dissection; ICG-guided systematic lymph node dissection,icg-guided sentinel lymph node dissection,Fujian Medical University Union Hospital,Henan Cancer Hospital; The First Affiliated Hospital of Xiamen University; The University of Hong Kong; Shengjing Hospital; Sichuan Cancer Hospital and Research Institute; Zhangzhou Municipal Hospital of Fujian Province,A Non-inferiority Study of Indocyanine Green-guided Sentinel Lymph Node Mapping Versus Conventional Lymph Node Dissection in Esophageal Cancer,Esophageal Cancer; Sentinel Lymph Node; Lymphadenectomy; Indocyanine Green (ICG); Disease Free Survival,NOT_YET_RECRUITING,2028-10-01,3-year Disease free survival rate,non-inferiority mentioned
