nct,decision,confidence,screened_on,readout_date,evidence,evidence_links,confirm,note
NCT01405586,already_read_out,medium,2026-10-09,2017-05-20,"ASCO 2017 abstract 9002 (Gridelli et al., names NCT01405586 and NCT01656551), read through the Crossref record of the abstract DOI because ascopubs.org returns 403; dated by the JCO supplement issue date 20 May 2017 (ASCO put 2017 abstracts online about 17 May; oral session 2-6 June 2017). MILES-3 (299 pts) and MILES-4 were both closed early for slow accrual and analysed jointly on IDMC advice: with/without cisplatin median OS 9.6 vs 7.5 mo, HR 0.86 (0.70-1.04), p=0.14, 384 deaths. No MILES-3-only primary analysis exists, so this could be argued as terminated_no_analysis. JCO paper epub 2018-07-20 (PMID 30028656). Registry still carries an estimated primary completion of 2024-11 (status unknown), 7.5 years after the readout.",https://api.crossref.org/works/10.1200/JCO.2017.35.15_suppl.9002,,
NCT01917552,eligible,low,2026-10-09,,"CATALYSIS (KCSG ST14-05 / AMC1301, adjuvant capecitabine vs observation in stage IB gastric cancer). Registry status unknown, last updated Feb 2024, estimated primary completion 2026-08; the only linked paper is the 2015 risk-factor analysis (PMID 25614467). No result found in PubMed, Europe PMC or Crossref. Web search budget ran out before this row: checked only the registry record, PubMed, Europe PMC and Crossref (registry number and design keywords); no general web or Chinese-language search was run.",,,
NCT02062489,eligible,low,2026-10-09,,"No result found (Sun Yat-Sen Memorial Hospital, tamoxifen vs placebo in ER/PR-negative, ER-beta-positive operable breast cancer, BCCT2014001). Europe PMC by NCT number returns only reviews citing the registration. Registry status unknown, last update Apr 2022. Web-search budget ran out before this row: searched PubMed and Europe PMC by registry number, PubMed and Crossref by drug/design keywords, and the registry record only; no sponsor news page or Chinese-language search.",,,
NCT02106572,void,medium,2026-10-08,,"TIM terminated for slow recruitment (174 enrolled of about 520-550 planned); registry says follow-up was completed per protocol, and the EU CTIS record shows the trial ended 24 Apr 2026. No results posting, paper (PubMed) or Abnoba statement found in English or German searches; a descriptive analysis of the 174 patients could still appear.",,,
NCT02301286,eligible,medium,2026-10-09,,"Registry: active not recruiting, 770 enrolled, not updated since 2024-03-18. PubMed, PMC and Crossref searched for NCT number, ASPIRIN trial, Leiden/Liefers and adjuvant aspirin in colon cancer: results found only for other trials (ALASCCA, ASCOLT, SAKK 41/13). No trial website reachable. General web search was unavailable (session search budget exhausted), so trade press, exchange notices and conference sites were not searched by name.",https://clinicaltrials.gov/api/v2/studies/NCT02301286,,
NCT02531516,eligible,medium,2026-10-09,,"J&J pipeline 'as of July 15, 2026' lists ERLEADA 'Localized Prostate Cancer (ATLAS)' in phase 3, not in registration. Registry updated 2026-09-25, primary completion 2027-03 estimated. PubMed and PMC searched for NCT number and ATLAS with apalutamide: 2026 reviews call it ongoing (the 2026 NEJM apalutamide paper is the sibling PROTEUS). J&J press releases after mid-July were checked only for the latest ten. General web search was unavailable (session search budget exhausted), so trade press, exchange notices and conference sites were not searched by name.",https://clinicaltrials.gov/api/v2/studies/NCT02531516 https://s203.q4cdn.com/636242992/files/doc_financials/2026/q2/v2/JNJ-Pipeline-2Q26.pdf https://www.jnj.com/media-center/press-releases https://eutils.ncbi.nlm.nih.gov/entrez/eutils/efetch.fcgi?db=pmc&retmode=xml&id=12892170,,
NCT02546102,eligible,low,2026-10-09,,"No result found for ICT-107-301 (PubMed, registry). Registry: suspended, 'Company is discussing with FDA to reinitiate the trial now', last updated Apr 2024, with a start date now given as Dec 2024 and enrolment still an estimate, i.e. the trial has not run to an analysis. No general web search was run for this row (search budget exhausted). If the sponsor has abandoned it the row would be terminated_no_analysis.",,,
NCT02887040,eligible,medium,2026-10-09,,"Not started: registry (updated Sept 2025) still shows not yet recruiting, ten years after registration (Burzynski BRI-BT-52, antineoplastons + radiation in DIPG). No publication in PubMed or Europe PMC beyond a review citing the registration. Web-search budget ran out before this row: searched PubMed and Europe PMC by registry number, PubMed and Crossref by drug/design keywords, and the registry record only; no sponsor news page or Chinese-language search.",,,
NCT03002103,eligible,low,2026-10-09,,"No result found for EndoTAG-1 (SB05) CT4005 in triple-negative breast cancer (PubMed, registry, SynCore website). Registry: suspended for 'study design reconsideration', last updated Apr 2023, enrolment still an estimate. SynCore posted a notice on 18 May 2022 that it was voluntarily ending a Taiwan-FDA-approved phase 3 trial for R&D strategy reasons; the notice does not name the trial, so it is not proof that this one ended. If it did, the row would be terminated_no_analysis. No general web search was run for this row (search budget exhausted).",,,
NCT03008148,already_read_out,low,2026-10-07,2026-10-07,"Johnpro Biotech (Taiwan) JP001/Siroquine in glioblastoma: registry record stale since May 2021 (status UNKNOWN), no posted results, no paper, press item or licensee (HebaBiz) news found in English searches. Cannot tell whether the trial completed; nothing public located.",https://clinicaltrials.gov/study/NCT03008148,,
NCT03094351,already_read_out,medium,2026-10-09,2026-03-31,"RAMIE trial, Lancet Gastroenterol Hepatol online 31 Mar 2026 (PMID 41932350, names NCT03094351): 5-year OS 69.4% vs 56.2%, HR 0.71 (0.51-0.97), non-inferiority confirmed (margin HR 1.33), exploratory superiority p=0.032. NON-INFERIORITY DESIGN. DATE PROBABLY LATE: a preprint with the identical title and authors was registered at SSRN (Preprints with The Lancet), DOI 10.2139/ssrn.5346485, Crossref record created 2025-07-10; SSRN returns 403 so its abstract and result could not be read. If the adjudicators can open it, first disclosure moves to about July 2025 (lag about +220 days). No conference presentation of the survival result found (Crossref, PubMed); short-term results were published in Ann Surg 2022. Registry status unknown, last update Feb 2020.",https://pubmed.ncbi.nlm.nih.gov/41932350/,,
NCT03201861,eligible,medium,2026-10-09,,"Registry: recruiting, 762 planned, last updated 2025-05-16 (over a year). PubMed and PMC searched for NCT number, SHPD004 and adjuvant cisplatin in high-risk early breast cancer from RenJi: no result. General web search was unavailable (session search budget exhausted), so trade press, exchange notices and conference sites were not searched by name.",https://clinicaltrials.gov/api/v2/studies/NCT03201861,,
NCT03250338,already_read_out,medium,2026-10-08,2025-12-08,"ARO-013 presented as an ASH 2025 oral (abstract 767, 8 Dec 2025): 106 randomised of 276 planned, median EFS 3.4 vs 0.0 mo. Earliest sources opened are the Roswell Park release and a VJHemOnc interview of 8 Dec (EFS met, no HR); HR 0.64, p=0.013, no CI, is from a trade article of 10 Dec. The ASH abstract was probably online from early Nov 2025 and the talk itself probably showed the HR, but neither could be opened.",https://www.roswellpark.org/newsroom/202512-roswell-park-leukemia-expert-led-ash-2025-studies-assessing-2-new-treatment,,
NCT03258931,eligible,medium,2026-10-08,,"ARO-021: searched NCT, ARO-021, crenolanib vs midostaurin and Arog (private, no news page found) across ASCO, EHA and ASH: no result. Registry completed 6 Apr 2026 with 214 of about 510 planned patients, no results posted; the only Arog phase 3 data found (ASH 2025) are from the separate relapsed/refractory trial NCT03250338.",,,
NCT03383458,eligible,medium,2026-10-08,,"CheckMate 9DX not read out as far as public sources show: the BMS Q2 2026 results deck (30 Jul 2026, opened) still lists it as ""projected data readout 2026"", and searches by acronym, CA209-9DX and adjuvant nivolumab HCC found no later release or abstract. Registry active, not recruiting (updated 2026-07-31).",,,
NCT03391934,eligible,low,2026-10-09,,"No result found. PubMed (CinnaGen AND cetuximab; cetuximab biosimilar AND Iran AND colorectal) returns nothing for this trial. Registry stale (status unknown, last update Apr 2023, estimated completion 2025-11-30). Biosimilar equivalence design, to be reviewed for exclusion. No general web search, Persian-language search or Iranian registry (IRCT) check was run (budget exhausted).",,,
NCT03399110,eligible,medium,2026-10-09,,"Not disclosed yet: LOMAC (XELOX 4 vs 6 months after D2 gastrectomy, non-inferiority on DFS, n=1024) reached primary completion on 2026-08-15 per a registry update of 2026-08-24 (completed, no results posted). One web search, PubMed, Europe PMC and Crossref find no abstract or paper. NON-INFERIORITY DESIGN. ESMO 2026 (late October) and later meetings not yet checked. Chinese-language sources not checked (web-search budget ran out).",,,
NCT03456063,already_read_out,medium,2026-10-08,2026-01-29,"CORRECTED 2026-10-08 after a second check: Roche's FY2025 pipeline document (status as of 2026-01-29) states 'Study did not meet primary endpoint Q4 2025' for IMpower030 and lists it as removed from phase III; that is the first disclosure. The conference presentation of 2026-09-12 was the first data, not the first disclosure. Earlier note: IMpower030 final analysis, WCLC 2026 oral OA04.03 (Seoul, 12 Sep 2026): median EFS 62.8 vs 34.9 mo, not statistically significant; OncLive, News-Medical and ASCO Post coverage opened, none gives the HR. HR 0.77 (0.58-1.02), p=0.07 was seen ONLY in a search summary of a paywalled Cancer Therapy Advisor report (HTTP 402, not opened). No Roche release found; trial is in the Roche HY2025 pipeline PDF with no result and absent from the HY2026 one, so a silent pipeline removal may predate WCLC.",https://assets.roche.com/f/176343/x/b26656352f/pharmaq425.pdf,,
NCT03464305,eligible,medium,2026-10-09,,"Registry: active not recruiting, 148 enrolled, not updated since 2024-03-19. Sister trial of the Dutch ASPIRIN trial (NCT02301286); PubMed, PMC and Crossref searches for either found no result. General web search was unavailable (session search budget exhausted), so trade press, exchange notices and conference sites were not searched by name.",https://clinicaltrials.gov/api/v2/studies/NCT03464305,,
NCT03519230,eligible,medium,2026-10-08,,"No result found for BGB-290-302 by study number, BGB-290, pamiparib or Chinese name, in English or Chinese web searches or PubMed; registry (updated 2026-03-16) shows active, not recruiting with no results posted. BeOne news and quarterly coverage seen only in search summaries, none mentioning a readout.",,,
NCT03520686,already_read_out,low,2026-10-08,2026-01-13,"QUILT-2.023 (N-803/Anktiva): ImmunityBio release of 13 Jan 2026 (company page ir.immunitybio.com/node/11041 timed out; opened a reposted copy) says the primary endpoint was PFS, enrolment closed early (102 enrolled per registry) and lymphocyte count rose significantly (p=0.0065 per search summary of the Business Wire text), but gives no PFS result. Registry: Terminated, no results posted; ApexOnco noted the PFS omission.",https://www.1stoncology.com/blog/?p=108173,,
NCT03533582,eligible,medium,2026-10-09,,"General web search was unavailable (session search budget exhausted), so trade press, exchange notices and open-web name searches were not done. AHEP1531 is the COG part of PHITT (European registration NCT03017326). A PHITT consortium paper (2025-05) says recruitment has concluded and the major results will be published in the next 2-3 years; a 2026-06 SIOPEL paper speaks of the post-PHITT era without results. PubMed, Europe PMC and Crossref searches of NCT number, AHEP1531 and PHITT found no outcome report. SIOP meeting abstracts could not be searched. Registry active, updated 2026-09-14.",https://clinicaltrials.gov/study/NCT03533582 https://doi.org/10.1016/j.ejcped.2025.100235 https://europepmc.org/article/MED/42276863,,
NCT03562637,already_read_out,medium,2026-10-07,2025-04-23,"OBI Pharma (Taiwan) GLORIA: material-information announcement of 23 Apr 2025 said the DSMB recommended stopping after the second interim analysis (113 of 187 events) and the company ended the trial; no efficacy numbers given and the full text on the company site is password-protected, so ""futility"" rests on Taiwanese press wording. Registry still shows ACTIVE_NOT_RECRUITING.",https://www.obipharma.com/announcement/to-announce-the-press-release-for-material-information-in-a-press-conference/,,
NCT03574571,eligible,medium,2026-10-09,,"General web search was unavailable (session search budget exhausted), so trade press, exchange notices and open-web name searches were not done. DORA (docetaxel with or without radium-223). Registry active, 732 enrolled, updated 2026-05-14, no results. PubMed, Europe PMC and Crossref (including ASCO 2025-2026 abstract titles) searches of NCT number, DORA and radium-223 plus docetaxel found no result; an Oct 2025 review calls it ongoing. MSK and Bayer news not checked; ESMO 2026 has not yet taken place.",https://clinicaltrials.gov/study/NCT03574571 https://europepmc.org/article/MED/41060609,,
NCT03613181,eligible,medium,2026-10-09,,"ANGLeD: no result found by NCT, acronym, ANG1005 (paclitaxel trevatide) or Angiochem in a web search and PubMed; no company release, abstract or paper. Registry status unknown, not updated since Apr 2023 (was active, not recruiting); a site page says the study is closed. Angiochem is private with no investor page found. Whether the trial completed or was abandoned is not stated anywhere I could find. Light search.",,,
NCT03661320,eligible,medium,2026-10-08,,"CA017-078 is ENERGIZE (acronym not in registry). Searched NCT, CA017-078, ENERGIZE, linrodostat / BMS-986205 and BMS Q2 2026 materials (30 Jul 2026, no mention): nothing found. Scheduled as ESMO 2026 proffered paper 4736O (23-27 Oct 2026, nivolumab vs chemotherapy comparison) per an OncoDaily preview of 7 Oct 2026 that states no outcome.",,,
NCT03682068,already_read_out,low,2026-10-07,2026-07-27,"NILE: no stand-alone press release found; the result first appears as a ""new disclosure"" in the pipeline table of AstraZeneca's H1/Q2 2026 results announcement of 27 Jul 2026 (later 6-K text says ""July 2026""). No hazard ratio public yet.",https://www.astrazeneca.com/content/dam/az/PDF/2026/h1q2/H1-and-Q2-2026-results-announcement.pdf,,
NCT03711032,eligible,medium,2026-10-09,,"KEYNOTE-676. No result found by two web searches (acronym, Merck, pembrolizumab plus BCG). Merck's Q2 2026 earnings release (4 Aug 2026, 8-K exhibit) and the first ten items of its news page (to 1 Oct 2026) do not mention the trial; the pipeline page (as of 5 Aug 2026) does not list NMIBC among selected Keytruda trials. Registry: active, not recruiting, estimated primary completion 2026-07-31, updated May 2026. Two primaries in separate cohorts (CR rate in cohort A, EFS in cohort B). Merck's 10-Q and 10-K text and the Q4 2025 and Q1 2026 releases were not read.",,,
NCT03721744,eligible,medium,2026-10-09,,"No result found for STEMNESS-PANC (GB201, earlier registered as napabucasin, plus weekly paclitaxel and low-dose gemcitabine; phase 2/3): web search by acronym, drug names and sponsor, and PubMed, returned only the registry and older napabucasin trials (CanStem111P, stopped for futility in 2019, is a different trial). 1Globe issues no press releases that I could find. Registry status unknown, last update Apr 2024; an EU CTIS entry (seen in search summary only) lists the trial as ongoing, recruitment ended.",,,
NCT03769506,already_read_out,medium,2026-10-09,2026-05-30,"Rakuten Medical release of 30 May 2026 for an ASCO 2026 poster of ASP-1929-301 (data cutoff 30 Apr 2025, 135 randomised): PFS 3.2 vs 3.1 months, HR 0.98 ('similar'); OS 15.7 vs 9.6 months, HR 0.83 ('longer numerical trend'); no CIs or p-values and no statement that either primary endpoint was met, so recorded as not_met. HR cells hold PFS. The ASCO abstract page (asco.org/abstracts-presentations/261461) returned 403 and probably went online about a week earlier. No topline release found on the company's 2025-2026 press pages (first archive page only for 2025). Month-only registry date taken as the 15th. Open-label.",https://rakuten-med.com/us/news/press-releases/2026/05/30/7959/,,
NCT03899636,eligible,medium,2026-10-09,,"DIRECT (NanoKnife IRE): no result found. One web search (acronym, AngioDynamics, NanoKnife stage III pancreatic), AngioDynamics Q4 FY2026 release (8-K, 14 Jul 2026) and the FY2026 10-K (first 100k characters): no mention of DIRECT. Registry last updated Feb 2025, active not recruiting, estimated date. 8-K of 8 Oct 2026 and conference abstracts not checked.",,,
NCT03912415,eligible,low,2026-10-09,,"FERMATA (BCD-100 is prolgolimab): no result found. One web search (acronym, BCD-100-5, prolgolimab cervical), PubMed (no hits for prolgolimab cervical cancer), Crossref (only the phase 2 CAESURA abstract, ASCO 2023) and the Biocad trial page (ct.biocad.ru, no status or results). Registry not updated since Sept 2020 (status unknown). Biocad news site is script-rendered and was not readable; Russian-language press not searched (web search budget ran out), so a Russian-only disclosure cannot be ruled out.",,,
NCT03924050,eligible,medium,2026-10-09,,"Junshi JS001-CT25-III-NSCLC (toripalimab + pemetrexed-platinum after EGFR-TKI failure; lead sponsor is a company). Registry shows completed, primary completion 2024-10-21, last update 2026-08-06, no results posted. No result found by NCT, study number, toripalimab + EGFR-TKI in English or Chinese web searches, PubMed, Europe PMC or Crossref; only the phase 2 (PMID 34650034) is published, and a June 2026 review (PMID 42317338) still cites only that. Junshi's pipeline page lists no EGFR-TKI-failed indication and its 2026 interim results summary does not mention the trial. The full 2025 annual report and 2026 interim report (HKEX/SSE) were not opened, so a one-line mention there is possible.",,,
NCT03926091,eligible,medium,2026-10-09,,"CLOVER (4 vs 6 cycles of adjuvant TC). No result found by NCT, acronym or design in a web search, PubMed, Europe PMC or Crossref. Registry status unknown, last updated Nov 2023, enrolment still an estimate (2,172). No Chinese-language search was run. A cycle-number comparison of this kind is usually a non-inferiority design; not checked.",,,
NCT04210115,already_read_out,medium,2026-10-08,2026-04-30,"KEYNOTE-975: no stand-alone release found; the result is one sentence in the Merck Q1 2026 results release of 30 Apr 2026 (EFS not statistically significant). Not in the Q4 2025 release (3 Feb 2026) or the Q2 2026 release; the 10-K and 10-Q were not checked, and no HR, abstract or paper was found.",https://www.merck.com/news/merck-co-inc-rahway-n-j-usa-announces-first-quarter-2026-financial-results-highlights-significant-regulatory-approvals-and-clinical-milestones/,,
NCT04224493,void,medium,2026-10-09,,"Ipsen release of 2026-03-09: on IDMC advice (secondary haematologic malignancies, risks may outweigh benefits) tazemetostat stopped for all SYMPHONY-1 patients and Tazverik withdrawn worldwide; no PFS or other efficacy result given; study stays open without enrolment for safety follow-up. Clin Cancer Res commentary (2026-08-14) reports 18/318 (5.7%) haematologic second malignancies vs 0 and no efficacy data. Ipsen H1 2026 results do not mention it. Medium because the trial is formally still open (registry active, updated 2026-10-05) and a later efficacy disclosure could not be excluded without a web search.",https://clinicaltrials.gov/api/v2/studies/NCT04224493 https://www.ipsen.com/press-release/update-ipsen-voluntarily-withdraws-tazverik-tazemetostat-in-follicular-lymphoma-and-epithelioid-sarcoma-3252192/ https://www.ipsen.com/press-release/ipsen-delivers-excellent-h1-2026-results-and-upgrades-its-full-year-guidance-3335743/ https://eutils.ncbi.nlm.nih.gov/entrez/eutils/efetch.fcgi?db=pubmed&retmode=xml&id=42599162 https://eutils.ncbi.nlm.nih.gov/entrez/eutils/efetch.fcgi?db=pmc&retmode=xml&id=13565804,,
NCT04229004,already_read_out,medium,2026-10-09,2022-01-26,"PLATFORM TRIAL WITH TWO ARM-LEVEL READOUTS, both negative on OS. (1) TYME press release of 26 Jan 2022 (Business Wire, read via a Stock Titan copy): PanCAN terminated the SM-88 arm ""due to futility"" on the primary endpoint of OS in second-line patients; no numbers. This arm was dropped in stage 1 and never reached the phase 3 stage. (2) FibroGen press release of 30 July 2024 (read via OncLive, dated 31 July): pamrevlumab + gem/nab-paclitaxel arm, which graduated to stage 2, did not meet OS; Bayesian model HR 1.170 (95% credible interval 0.882-1.563), posterior probability 0.14. HR COLUMNS ARE FOR THE PAMREVLUMAB ARM. If the trial is to be scored on its phase 3 (pamrevlumab) comparison, first disclosure is 2024-07-30 with HR in the first disclosure (lag -190 days). Full data at ASCO GI 2025 (abstract 673: HR 1.18, 0.88-1.56). Registry lists a third experimental arm (canakinumab + spartalizumab) for which no result was found. Registry PCD 2025-02-05 actual, no results posted.",https://stocktitan.net/news/TYME/tyme-technologies-inc-provides-update-on-precision-promise-trial-in-xlpotvw3dnyy.html,,
NCT04233151,eligible,low,2026-10-09,,"QL1203 (Qilu, privately held) + mFOLFOX6 in RAS wild-type mCRC. Nothing found: no PubMed record by NCT number or 'QL1203' (the one hit is unrelated preclinical work), registry status unknown and not updated since May 2023. Qilu files nothing with an exchange. Conference abstracts and Chinese-language sources were not searched. Web search budget ran out part-way through this tranche, so this row rests on direct lookups (sponsor site, exchange disclosure platform, PubMed, registry) rather than a general web search.",,,
NCT04338191,eligible,low,2026-10-09,,"FANTASTIC (Sun Yat-sen, adjuvant mFOLFOXIRI vs mFOLFOX6). Registry status unknown, last updated Dec 2023; no publication or abstract found. Beware namesakes: a Japanese phase 2 also called FANTASTIC (mFOLFOXIRI after metastasectomy, PMID 39086881) and a Sun Yat-sen MRD-positive mFOLFOXIRI vs mFOLFOX6 trial-in-progress abstract (ASCO 2024 TPS3642) that may be a different record. Web search budget ran out before this row: checked only the registry record, PubMed, Europe PMC and Crossref (registry number and design keywords); no general web or Chinese-language search was run.",,,
NCT04342910,eligible,medium,2026-10-09,,"SHR-1210-III-316, camrelizumab + apatinib vs chemotherapy, second-line gastric. Registry updated 20 Jan 2026: still recruiting, primary completion estimated 1 Apr 2026. None of Hengrui's 40 application-acceptance notices since June 2024 (all downloaded and searched) concerns it, and the H1 2026 report (19 Aug 2026) has no such trial result. PubMed: only an unrelated phase 2. Web search budget ran out part-way through this tranche, so this row rests on direct lookups (sponsor site, exchange disclosure platform, PubMed, registry) rather than a general web search.",,,
NCT04448522,eligible,low,2026-10-09,,"No result found (SYSUCC-MYC-2020-1201, reduced vs conventional dose IMRT in chemotherapy-sensitive stage II-III NPC). Europe PMC by NCT number returns only reviews and a retrospective analysis citing it as ongoing (latest Mar 2026). Registry recruiting, not updated since Sept 2020, estimated PCD Aug 2026. Web-search budget ran out before this row: searched PubMed and Europe PMC by registry number, PubMed and Crossref by drug/design keywords, and the registry record only; no sponsor news page or Chinese-language search.",,,
NCT04543617,already_read_out,medium,2026-10-08,2025-04-24,"SKYSCRAPER-07: no Roche release. ApexOnco article of 24 Apr 2025 (opening lines opened, rest paywalled) says the failure was slipped into the Roche Q1 2025 results presentation; a Roche spokesperson confirming the missed primary is from a search summary of the same article, and the Roche slide itself was not opened. HR at ESMO 2025 (17 Oct per ApexOnco; article opened is dated 20 Oct, no CI); CI 0.65-1.03, p=0.0947 from the Annals of Oncology paper (PMID 42628839, 21 Aug 2026) as summarised by OncoDaily.",https://www.apexonco.com/node/1271,,
NCT04547166,eligible,medium,2026-10-07,,"Phase 3 stage of ASTRUM-015 not read out: Henlius 2026 interim results release (Aug 2026, seen in search summary only) says phase 3 enrolment is complete, with no readout. Only the phase 2 part has been published (ASCO GI/ASCO 2024, Med 2024). Registry record stale (recruiting, last update Oct 2024).",,,
NCT04578613,already_read_out,low,2026-10-09,2026-03-25,"Orelabrutinib vs chlorambucil + rituximab, first-line CLL/SLL. Earliest explicit result I could open is InnoCare's FY2025 annual results announcement (HKEX, 25 Mar 2026): median PFS NR vs 19.4 mo, HR 0.32 (0.18-0.58), p<0.0001 (it mislabels the comparator as bendamustine + rituximab). Full paper in Signal Transduct Target Ther on 6 Jul 2026 (PMID 42402625): met at interim analysis, data cutoff 17 May 2024. THE TRUE FIRST DISCLOSURE IS PROBABLY EARLIER: the NDA was accepted in Aug 2024 and approved on 25 Apr 2025, but the H1 2024, FY2024 and H1 2025 results announcements and the approval notice, all opened, state no result. A conference abstract, the Chinese label or Chinese-language press was not searched. Web search budget ran out part-way through this tranche, so this row rests on direct lookups (sponsor site, exchange disclosure platform, PubMed, registry) rather than a general web search.",https://www1.hkexnews.hk/listedco/listconews/sehk/2026/0325/2026032501166.pdf,,
NCT04603807,eligible,medium,2026-10-07,,"Roche MO41552 (entrectinib vs crizotinib, ROS1 NSCLC): registry ACTIVE_NOT_RECRUITING with estimated PCD 30 Sep 2026; no Roche release, abstract or posted result found.",,,
NCT04619433,void,medium,2026-10-09,,"SHR-1210-III-324. Registry: 'Terminated by Sponsor', 48 enrolled (actual), last update Sep 2025. With 48 patients the phase 3 part cannot have reached its PFS analysis; the trial appears to have stopped during or just after the pharmacokinetic part 1. No publication or Hengrui notice found (PubMed; HKEX filing notices Aug 2025 to Oct 2026). The sponsor gives no reason.",,,
NCT04632758,already_read_out,medium,2026-10-09,2023-09-10,"INSPIRE (name given after registration; WX-0593 = iruplinalkib). Prespecified interim analysis (145 of 192 planned IRC PFS events, cutoff 13 Nov 2022) presented at WCLC 2023, abstract OA03.05 (meeting 9-12 Sept 2023; OncLive coverage dated 10 Sept, Oncology Nursing News 11 Sept): median PFS 27.7 vs 14.6 mo, HR 0.344 (0.226-0.523), p<0.0001. The JTO paper (PMID 38280448, online 2024-01-25) reports the interval as a 98.02% CI 0.23-0.52. Win at interim with trial continuing, coded met. Registry record stale (status unknown, last update Nov 2023, estimated completion 2024-12-01). Qilu is unlisted; an earlier Chinese-language notice (first-line approval in China followed in early 2024) was not searched for after the web-search budget ran out.",https://onclive.com/view/iruplinalkib-improves-pfs-vs-crizotinib-in-locally-advanced-or-metastatic-alk-nsclc,,
NCT04639180,eligible,medium,2026-10-09,,"No result found by NCT or SHR-1210-III-325 (PubMed). Hengrui 2026 interim results (HKEX, 19 Aug 2026) do not mention an adjuvant liver cancer readout, and none of Hengrui's 26 filing-acceptance notices on HKEX from Aug 2025 to 9 Oct 2026 concerns it (the Jan 2026 camrelizumab plus apatinib notice is the TACE trial CARES-336; the Lancet 2025 paper is the perioperative CARES-009; both siblings). Registry: active, not recruiting, 687 enrolled, updated Dec 2025. No general web search was run for this row (search budget exhausted).",,,
NCT04679064,eligible,medium,2026-10-09,,"NItCHE-MITO33. No result found by NCT, acronym, MITO 33 or drug names in two web searches, PubMed, Europe PMC or Crossref; only the design paper (PMID 34607820) and trial-in-progress abstracts exist. The MITO study dashboard (opened Oct 2026) lists it as active, enrolment closed. Registry status unknown, not updated since Aug 2021. ESMO 2026 (23-27 Oct) programme was not checked.",,,
NCT04691063,eligible,medium,2026-10-09,,"No result found by NCT, SHR-1316-III-302 or adebrelimab plus chemoradiotherapy in limited-stage SCLC (English and Chinese web search, PubMed); only the safety run-in (ELCC 2024 poster) is public. Hengrui 2026 interim results (HKEX, 19 Aug 2026) still list adebrelimab for first-line limited-stage SCLC as a phase 3 programme, and none of Hengrui's 26 filing-acceptance notices on HKEX from Aug 2025 to 9 Oct 2026 concerns it. Registry record not updated since Feb 2021.",,,
NCT04714190,eligible,medium,2026-10-09,,"No result found by NCT, RC48-C007 or disitamab vedotin phase 3 in HER2-overexpressing gastric cancer (web search in English, PubMed). RemeGen 2026 interim results (HKEX, 24 Aug 2026) describe the 2021 conditional approval in third-line gastric cancer and newer first-line trials but say nothing about a C007 readout. Registry status unknown, last updated Dec 2023.",,,
NCT04716114,already_read_out,low,2026-10-07,2026-10-07,"CSPC SKLB1028 (ruserontinib) ALIVE: registry stale since Nov 2021 (status UNKNOWN); English and Chinese searches and a drug news tracker show no interim CR/CRh or OS result, filing or termination notice. Nothing public located.",https://clinicaltrials.gov/study/NCT04716114,,
NCT04720716,already_read_out,low,2026-10-08,2026-05-27,"CIBI310C301: ASCO 2026 poster abstract 4148 read via the Crossref record of the DOI (deposited 27 May 2026; poster 30 May). Median OS 44.0 mo (3 mg/kg cohort) and 36.1 mo (1 mg/kg cohort) vs 22.9 mo sorafenib, ORR 41.7% / 22.1% vs 2.6% called significantly higher, but no HR, no p-value and no statement that the primary endpoint was met; IBI310 dose was changed mid-trial. Innovent 2026 interim results (HKEX, 25 Aug 2026) only cite the abstract; no topline notice found.",https://doi.org/10.1200/JCO.2026.44.16_suppl.4148,,
NCT04736394,eligible,medium,2026-10-09,,"ASCERTAIN not read out. Asieris (SSE 688176) notice of 5 Feb 2024 on the sibling APL-1202 + chemotherapy trial (which failed) says ASCERTAIN was still enrolling and that 'existing data show a similar recurrence-free proportion' in the APL-1202 and epirubicin arms, with the development strategy under review; the 2024 half-year and annual reports repeat that line and say recruitment continues; the 2025 annual report (18 Apr 2026, cninfo) still lists the single-agent phase 3 as in progress. No EFS analysis, no termination notice in SSE/cninfo titles Jun 2023 to Oct 2026. Registry not updated since Feb 2022. The descriptive interim remark is not a primary analysis.",,,
NCT04772287,eligible,medium,2026-10-09,,"General web search was unavailable (session search budget exhausted), so trade press, exchange notices and open-web name searches were not done. Registry record is stale: 'not yet recruiting', never updated since 2021-02-26, so the trial may never have started. Europe PMC full-text search of the NCT number and LungMate-008 found only reviews (latest 2026-01) listing it as an ongoing adjuvant trial; no result. Sponsor and Chinese-language sources not checked.",https://clinicaltrials.gov/study/NCT04772287 https://europepmc.org/search?query=%22LungMate-008%22,,
NCT04793958,already_read_out,medium,2026-10-08,2026-04-30,"No release: the BMS Q1 2026 results deck (30 Apr 2026) lists ""KRAZATI in 2L CRC"" as removed from phase 3 without stating a result (the Q4 2025 deck of 5 Feb 2026 still said ""projected data readout 2026""). A BMS spokesperson then confirmed the miss to Precision Medicine Online (search summary only, 403). Explicit result and HRs came at ESMO GI 2026 (LBA1, 2 Jul): PFS HR 0.89 (0.71-1.13), OS HR 0.83 (0.67-1.03); coverage opened is dated 3 Jul.",https://www.bms.com/assets/bms/us/en-us/pdf/investor-info/doc_presentations/2026/BMY-2026-Q1-Results-Investor-Presentation-with-Appendix.pdf,,
NCT04829708,eligible,medium,2026-10-09,,"Shandong PCI vs MRI surveillance in limited-stage SCLC (non-inferiority on OS). The trial protocol was published in Respiratory Research on 8 Sep 2026 (PMID 42763407) and describes the trial prospectively, with no results. Registry recruiting, not updated since Apr 2021. No abstract found in PubMed, Europe PMC or Crossref. The web search budget ran out before a general web search on this row.",,,
NCT04833114,already_read_out,medium,2026-10-09,2026-06-11,"Pola-R-ICE (GLA 2017-R2), EHA 2026 oral S237 (abstract EHA-3674), presented by B. Glass: 2-year EFS 26% vs 30%, p=0.901, no improvement in EFS, PFS or OS. Earliest source opened is coverage dated 11 Jun 2026, the first congress day; EHA abstracts normally go online some weeks before the congress and the abstract page itself was not found, so the true first date is probably earlier. The only EFS hazard ratio seen is HR 1.0 (p=0.901) from a multivariable analysis, no CI, in coverage dated 12 Jun; it was probably in the abstract too. No Roche or GLA release found; registry updated 2026-06-10 without results. No paper in PubMed.",https://www.hmpgloballearningnetwork.com/site/onc/news/addition-polatuzumab-r-ice-falls-short-second-line-large-b-cell-lymphoma,,
NCT04834024,eligible,low,2026-10-09,,"MIL62-CT301 (MIL62 plus lenalidomide vs lenalidomide, rituximab-refractory FL). No result found by NCT, study number or MIL62 in a web search, PubMed or Crossref; only the single-arm phase 1b/2 is published (EClinicalMedicine 2024, PMID 39007066). Registry says recruiting, last updated Nov 2024. Beijing Mabworks is unlisted; its own news page and Chinese-language press were not searched. Light search.",,,
NCT04854668,already_read_out,medium,2026-10-07,2025-05-31,"ANCHOR, ASCO 2025 LBA3502 (session may have been 30 May; coverage opened is dated 31 May); a Sino Biopharm HKEX notice of 24 Apr 2025 only listed the abstract title. CONFLICT: ASCO coverage reported non-inferiority as met (margin HR 1.09), but the 2026 publication (Signal Transduct Target Ther, PMID 42675036, 2026-09-01) states the trial failed to reach the prespecified non-inferiority margin (upper CI 1.18); recorded as not_met.",https://www.onclive.com/view/frontline-anlotinib-plus-capeox-elicits-similar-efficacy-to-soc-therapy-in-ras-braf-wild-type-mcrc,,
NCT04861558,eligible,low,2026-10-09,,"EFFIPEC (Uppsala, phase I then registry-based phase III). Registry recruiting, last updated May 2025. PubMed shows only the protocol (PMID 38437211) and the single-arm phase I dose-escalation part, published in BJS Open on 4 Sep 2026 (PMID 42832193; no abstract in PubMed and the full text did not load); no phase III recurrence-free survival result found. Web search budget ran out before this row: checked only the registry record, PubMed, Europe PMC and Crossref (registry number and design keywords); no general web or Chinese-language search was run.",,,
NCT04880746,eligible,low,2026-10-09,,"No result found for cladribine + BEAC vs BEAC conditioning in PTCL (Ruijin, ASCT-001): nothing in PubMed or Europe PMC by NCT number, nothing in PubMed/Crossref by cladribine + BEAC + T-cell lymphoma (only unrelated chidamide/cladribine regimens). Registry status unknown, not updated since May 2021. Web-search budget ran out before this row: searched PubMed and Europe PMC by registry number, PubMed and Crossref by drug/design keywords, and the registry record only; no sponsor news page or Chinese-language search.",,,
NCT04884360,eligible,low,2026-10-09,,"MONO-OLA1 not read out as far as could be checked: AstraZeneca's clinical trials appendices for FY2025, Q1 2026 and H1 2026 (the last dated July 2026) all say 'Data anticipated: H2 2026'. AstraZeneca press releases from August to early October 2026 could not be listed (the press page loads by script and the web-search budget had run out), so a topline in the last ten weeks is possible. Registry active, not recruiting, last update Mar 2026.",,,
NCT04895358,eligible,medium,2026-10-08,,"KEYNOTE-B49: not mentioned in the Merck Q4 2025, Q1 2026 or Q2 2026 results releases, and no topline release found. Listed as ESMO 2026 late-breaking abstract LBA51 (23-27 Oct 2026) in an OncoDaily preview of 28 Sep 2026 that states no outcome.",,,
NCT04906993,already_read_out,medium,2026-10-09,2025-09-30,"Hengrui SSE notice 2025-158 dated 30 Sep 2025 (read in Gelonghui copy of 30 Sep 2025 and in Shanghai Securities News of 9 Oct 2025): NMPA accepted the first-line cervical cancer application for camrelizumab + famitinib; the phase 3 (443 patients, 45 centres, vs platinum chemotherapy) 'reached the prespecified primary endpoint in July 2025', PFS and OS significantly prolonged; no numbers and no protocol number in the notice. Protocol number SHR-1210-III-329 confirmed in Hengrui's ESMO article (24 Oct 2025): ESMO 2025 LBA38 presented 19 Oct 2025, PFS by BICR HR 0.68 (0.53-0.86), p=0.0007; OS HR 0.65 (0.49-0.86), p=0.0012; cutoff 10 Jun 2025. Hengrui's 2025 half-year report (Aug 2025) was not checked for an earlier line.",https://m.gelonghui.com/news/5092021,,
NCT04914598,already_read_out,low,2026-10-09,2026-07-16,"COREMAP (Simcere, Endostar plus intracavitary cisplatin). Only result found is ESMO GI 2026 abstract 673P (Ann Oncol suppl, doi 10.1016/j.annonc.2026.05.202), titled final analysis, cutoff 10 Feb 2025: dual primary endpoints OS and PuFS; 'no statistically significant difference in PuFS'; OS median 7.8 vs 5.6 mo, HR 0.807 (0.625-1.042), Peto P=0.0338, called 'clinically meaningful', with no statement that OS met its significance boundary. HR CELLS ARE FOR OS, NOT PuFS (no PuFS HR given). On the registry's single primary endpoint (PuFS) this is not_met; coded unclear because the abstract names OS as a second primary and hints at success without stating it. Date is the Crossref deposit date; the congress was in early July 2026 (not verified), so the true date is probably about two weeks earlier. Simcere's 2025 annual results (25 Mar 2026) and 2026 interim results say only that the NDA for thoracoabdominal effusions was accepted in Feb 2026, with no result; 2024 annual results give last patient in Nov 2024. An earlier Chinese-language disclosure is possible.",https://www.annalsofoncology.org/article/S0923-7534(26)00386-8/fulltext,,
NCT04921527,already_read_out,medium,2026-10-09,2026-05-29,"CHIPRO, ASCO 2026 LBA5504; OncLive article dated 29 May 2026 opened: PFS by IRC HR 0.427 (0.34-0.54), p<0.001; OS HR 0.932 (0.73-1.20), p=0.583; data cutoff 29 Jul 2025. Recorded met on one of two dual primaries (OS missed so far); whether PFS alone suffices under the protocol was not confirmed. Checked for an earlier company line: Chipscreen (SSE 688321) reply to an exchange inquiry dated Sept 2025 says the trial was 'waiting for the primary events', the 2025 annual report (31 Mar 2026, cninfo) says the phase 3 is 'ongoing', and no SSE/cninfo notice on chiauranib ovarian cancer was filed between Jul 2025 and Oct 2026. Registry still 'recruiting' with an estimated date.",https://www.onclive.com/view/chiauranib-plus-paclitaxel-displays-pfs-benefit-in-platinum-resistant-ovarian-cancer,,
NCT04974398,already_read_out,medium,2026-10-09,2025-04-23,"AK105-304. No topline announcement exists: all Akeso (2023-2026) and Sino Biopharm (mid-2023 to Apr 2025) HKEX titles were listed and none reports this trial's result. The earliest explicit statement found is the FDA approval notice of 23 Apr 2025: median PFS 9.6 vs 7.0 mo, HR 0.45 (0.33-0.62), p<0.0001 (prespecified interim analysis); presented at AACR 2025 (CT011) days later. HINTS THAT PREDATE IT, without stating a result: Akeso FY2023 results (18 Mar 2024) say an sNDA for first-line NPC was submitted in Dec 2023; NMPA approval announced 16 Mar 2025. An adjudicator may prefer one of those dates. Registry still gives an estimated primary completion of 2026-02-23.",https://www.fda.gov/drugs/resources-information-approved-drugs/fda-approves-penpulimab-kcqx-non-keratinizing-nasopharyngeal-carcinoma,,
NCT04980716,eligible,medium,2026-10-09,,"Not read out: registry updated Nov 2025 still shows recruiting (GASTO-1074, impedance-cardiography-guided cardiovascular intervention in locally advanced NSCLC, co-primary OS and grade 2+ cardiotoxicity), estimated PCD 2026-01-31. Nothing in PubMed, Europe PMC or Crossref. Web-search budget ran out before this row: searched PubMed and Europe PMC by registry number, PubMed and Crossref by drug/design keywords, and the registry record only; no sponsor news page or Chinese-language search.",,,
NCT05008809,eligible,medium,2026-10-09,,"Registry: recruiting, 507 planned, updated 2025-12-12, primary completion 2027-11 estimated. PubMed and PMC: only the 2022 protocol paper. The AIO study page could not be found. General web search was unavailable (session search budget exhausted), so trade press, exchange notices and conference sites were not searched by name.",https://clinicaltrials.gov/api/v2/studies/NCT05008809 https://eutils.ncbi.nlm.nih.gov/entrez/eutils/esummary.fcgi?db=pubmed&retmode=json&id=35366831,,
NCT05015621,eligible,low,2026-10-09,,"SURTORI-01 (acronym not in registry): no result and no termination statement found. HUTCHMED results announcements read on EDGAR: FY2023 (28 Feb 2024) and 2024 interim (31 Jul 2024) list 'SURTORI-01: 2L NEC, phase III, ongoing since 2021'; FY2024 (19 Mar 2025), 2025 interim (7 Aug 2025) and FY2025 (5 Mar 2026) no longer mention the trial at all (first 100k characters of each read). A silent removal from the pipeline between Aug 2024 and Mar 2025, reason not stated; could be a quiet termination or a failed analysis. Registry not updated since Dec 2023. Web search for a notice was limited to one query.",,,
NCT05016245,eligible,medium,2026-10-07,,"Boston Scientific MANDARIN (TheraSphere vs cTACE, China, n=92): registry COMPLETED (PCD 13 Feb 2026) with no posted results; no release, abstract or paper found in English or Chinese searches.",,,
NCT05043090,eligible,medium,2026-10-08,,"No SAMETA readout found by acronym, savolitinib plus durvalumab, or sponsor: AstraZeneca H1/Q2 2026 results announcement (27 Jul 2026) and HUTCHMED 2026 interim results (30 Jul 2026), both opened, do not mention the trial. Registry active, not recruiting (updated 2026-05-22), actual primary completion 31 Dec 2025.",,,
NCT05044117,eligible,low,2026-10-09,,"No result found for CMHN (metronomic capecitabine in locally advanced HNSCC, PFS). Registry recruiting, last update Mar 2022, estimated PCD Oct 2026 (not yet reached). Nothing in PubMed, Europe PMC or Crossref. Web-search budget ran out before this row: searched PubMed and Europe PMC by registry number, PubMed and Crossref by drug/design keywords, and the registry record only; no sponsor news page or Chinese-language search.",,,
NCT05050162,already_read_out,medium,2026-10-09,2026-06-23,"NRG-HN009 ended at its phase II stage: the phase II primary endpoint (acute toxicity, a registry primary outcome) was reported for both cohorts and neither advanced to phase III, so the phase III OS primary will not be analysed. p16+ result: abstract 'First Report from NRG-HN009' online by 2026-04-16 (title only, Elsevier 403), described in a BMJ Oncol review of 2026-06-23 (phase III not proceeding in HPV-positive patients). p16-negative: NRG news 2026-09-29 (ASTRO 2026 LBA; T-score ratio 1.11, p=0.77, did not advance). NRG protocol page: closed to accrual and treatment 2026-10-02. Date given is the earliest source opened that states a result; true first disclosure is earlier. Medium because the label (read out vs ended without phase III analysis) is a judgement call.",https://europepmc.org/article/MED/42369560 https://doi.org/10.1016/j.ijrobp.2026.02.048 https://www.nrgoncology.org/Home/News/Post/weekly-cisplatin-shows-similar-burden-of-acute-treatment-side-effects-as-every-3-week-schedule-for-patients-with-p16-negative-head-and-neck-cancer-on-nrg-oncology-trial/ https://www.nrgoncology.org/Clinical-Trials/Protocol/nrg-hn009 https://doi.org/10.1016/j.ijrobp.2026.06.2466 https://clinicaltrials.gov/study/NCT05050162,,
NCT05051891,void,medium,2026-10-09,,"Orelabrutinib + R-CHOP in untreated MCL: registry shows completed with 3 patients enrolled (actual) of a planned phase 3, so no primary PFS analysis is possible. InnoCare's FY2023 results (HKEX, 28 Mar 2024) already describe a different first-line MCL phase 3 (orelabrutinib + BR vs BR, global), and FY2025 results (25 Mar 2026) list only that one. No notice explaining the stop was found; reason inferred, not stated.",,,
NCT05063786,void,medium,2026-10-09,,"ALPHABET (GEICAM/2017-01). INFERRED, no sponsor statement found: the design paper planned about 300 patients (PMID 35465733), the registry shows 27 actually enrolled and active, not recruiting (last update Sep 2025), and the EU CTIS record (2024-514611-98-00) lists the trial as ended on 23 Dec 2025 with 27 participants and no results. With 27 patients across two cohorts the event-driven PFS analysis cannot be run. No abstract or paper found by NCT, acronym or drug names in a web search, PubMed, Europe PMC or Crossref; the reason for stopping accrual is not stated in any source opened. A descriptive report may still appear.",,,
NCT05077215,eligible,medium,2026-10-09,,"General web search was unavailable (session search budget exhausted), so trade press, exchange notices and open-web name searches were not done. HPC-EG-007-3.1. Registry not yet recruiting with a planned start of 2026-12 (updated 2025-12-08), so no analysis can exist. Europe PMC search of NCT number and EG-007 found only old trial-listing reviews. Evergreen Therapeutics news not checked; the trial has been 'not yet recruiting' since 2021 and may never start.",https://clinicaltrials.gov/study/NCT05077215 https://europepmc.org/search?query=%22NCT05077215%22,,
NCT05116462,eligible,medium,2026-10-09,,"CIBI308G301 (perioperative sintilimab, resectable NSCLC): no result found. Innovent HKEX announcement titles Jun 2025 to Oct 2026 have nothing on it; 2026 interim results (25 Aug 2026) say only that phase 3 studies of sintilimab 'including as perioperative therapy of NSCLC' are ongoing or planned. PubMed nothing. Registry active not recruiting, estimated date 30 Sep 2026.",,,
NCT05118776,already_read_out,low,2026-10-07,2025-08-15,"Only disclosure found is one line in the Ascletis 2025 interim results (HKEX, 15 Aug 2025): ""After analysis of ASC40 Phase III study for rGBM, the Group decided to terminate this program"" - implies a negative outcome but states no endpoint result. The 2024 annual results (26 Mar 2025) said only that the group would ""seek opportunities to maximise value"". Lag computed from mid-month (registry PCD is month-only, 2025-06); registry not updated since Oct 2024.",https://www1.hkexnews.hk/listedco/listconews/sehk/2025/0815/2025081500656.pdf,,
NCT05130866,already_read_out,medium,2026-10-09,2025-05-05,"Disclosed inside Recursion's Q1 2025 results release of 5 May 2025 (wire repost opened; same wording in the 10-Q per search summary): REC-2282 in NF2 meningioma discontinued - 'Phase 2 passed the futility threshold primarily driven by the 40mg cohort, however the 60mg and combined dose arms did not pass the futility criteria ... limited overall tumor shrinkage and clinical activity ... Totality of data supports the discontinuation'. Recorded as stopped_futility, but the analysis was of the uncontrolled phase 2 dose cohorts (25 enrolled); the placebo-controlled phase 3 part never ran, so terminated_no_analysis is arguable. Registry says only 'sponsor decision'. Phase 2/3 design; review for exclusion.",https://markets.financialcontent.com/clarkebroadcasting.mymotherlode/article/gnwcq-2025-5-5-recursion-reports-first-quarter-2025-financial-results-and-provides-business-update,,
NCT05132075,void,medium,2026-10-08,,"KontRASt-02 (JDQ443 is opnurasib): Novartis discontinued opnurasib in its Q2 2024 update for portfolio reasons (ApexOnco, 18 Jul 2024, opening lines opened; ""not driven by clinical data"" is from search summaries). Enrolment ended at 95 of about 360 planned; registry still active, not recruiting, with no results, and no PFS analysis, abstract or paper was found.",,,
NCT05132413,eligible,low,2026-10-09,,"SHR-1701 is retlirafusp alfa. No result found: one web search (SHR-1701-III-310, retlirafusp alfa + bevacizumab NSCLC), Hengrui website news list to Oct 2026 (only the Oct 2021 trial approval for SHR-1701 + bevacizumab in NSCLC; later SHR-1701 items are other indications). Registry not updated since Nov 2021 (status unknown). Hengrui exchange notices have generic titles and were not read one by one; light search.",,,
NCT05144854,already_read_out,medium,2026-10-08,2026-05-27,"ONO-4538-113 is ATTRACTION-6 (acronym not in registry). ASCO 2026 abstract 4006 read via the Crossref record of the DOI (deposited 27 May 2026; ascopubs page returns 403): OS not met, median 15.7 vs 15.8 mo; the interval is a 95.8% CI. ASCO probably released the abstract about a week earlier; oral presentation 1 Jun 2026 (OncoDaily coverage opened). No Ono topline release found, only the 22 Apr 2026 programme notice.",https://doi.org/10.1200/JCO.2026.44.16_suppl.4006,,
NCT05171049,already_read_out,medium,2026-10-07,2026-04-22,"No sponsor press release found. Registry flipped to ""Terminated - sponsor decision"" on 2026-02-23; the only explanation found is a Fierce Biotech article of 22 Apr 2026 in which a Novartis spokesperson confirmed ASTER was halted after a data review suggested abelacimab would fail to beat apixaban. Which endpoint drove the stop is not stated, and an earlier mention in Novartis quarterly documents is possible but was not found.",https://www.fiercebiotech.com/biotech/novartis-narrows-focus-anticoagulant-once-anchored-anthos-spinout,,
NCT05171075,void,medium,2026-10-08,,"MAGNOLIA (abelacimab): registry Terminated, ""Sponsor Decision"", 417 enrolled (EU CTIS lists 1,033 planned, per search summary), no results. Per a Fierce Biotech article of 22 Apr 2026 (403, read in search summary only) Novartis stopped MAGNOLIA alongside ASTER after ASTER looked set to fail against apixaban; no result for MAGNOLIA itself was reported and no Novartis release was found.",,,
NCT05189067,eligible,low,2026-10-09,,"No result found (Zhejiang 2nd Affiliated Hospital, adjuvant docetaxel vs paclitaxel with trastuzumab in stage I HER2+ breast cancer, 2021-0170). Registry status unknown, last update Jan 2022; nothing in PubMed, Europe PMC or Crossref. Web-search budget ran out before this row: searched PubMed and Europe PMC by registry number, PubMed and Crossref by drug/design keywords, and the registry record only; no sponsor news page or Chinese-language search.",,,
NCT05194878,eligible,low,2026-10-09,,"Sun Yat-sen University neoadjuvant FOLFOXIRI vs immediate surgery in colon cancer (2021-FXY-244). Registry recruiting, not updated since Jan 2022; no publication or abstract found. Web search budget ran out before this row: checked only the registry record, PubMed, Europe PMC and Crossref (registry number and design keywords); no general web or Chinese-language search was run.",,,
NCT05201404,eligible,medium,2026-10-09,,"LIVERATION not read out: Can-Fite's press-release list (opened; titles only) shows a 2 Sep 2026 item 'Longer-Than-Anticipated Overall Survival in Ongoing Pivotal Phase III Liver Cancer Study' and a Q2 2026 results item on 8 Sep 2026, both describing the study as ongoing; no interim or topline result. Registry recruiting, last update Apr 2025. Releases themselves not opened.",,,
NCT05204628,already_read_out,low,2026-10-07,2025-09-17,"XZP-3621 (dirozalkib, trial later named DIAMOND-2): earliest source opened is Xuanzhu's draft HKEX listing document (date 17 Sep 2025 inferred from the HKEX file name) stating significant PFS benefit vs crizotinib; fuller data at AACR 2026 (HR 0.47, about 19 Apr 2026). True first disclosure is probably earlier: NDA accepted 2 May 2024, first listing application 25 Nov 2024, NMPA approval Aug 2025, none of which I could open with the result; registry record stale since 2022.",https://www1.hkexnews.hk/listedco/listconews/sehk/2025/1015/11879302/sehk25091701280.pdf,,
NCT05211895,void,medium,2026-10-08,,"PACIFIC-8 stopped without a primary analysis: AstraZeneca H1/Q2 2026 results (27 Jul 2026, RNS copy opened) say it was discontinued ""based on results of"" the Arcus/Gilead trials STAR-121 and STAR-221, with no new safety signals; Arcus confirmed the discontinuation on 5 Aug 2026 (10-Q and call) without a reason. One automated summary calls it futility; no company source does.",,,
NCT05235516,eligible,medium,2026-10-09,,"No result found for AK104-305 / COMPASSION-18 (cadonilimab + chemoradiotherapy, locally advanced cervical cancer): web search in English and Chinese found only safety run-in data (SGO, Mar 2025); Akeso's HKEX announcement titles from Oct 2025 to Oct 2026 and its 2026 interim results (27 Aug 2026) contain no readout. Results for AK104-303 (recurrent/metastatic, met PFS Nov 2023) are a different trial. Registry last updated Aug 2024.",,,
NCT05236972,eligible,low,2026-10-09,,"No result found for PACE (sintilimab vs CAPOX-based adjuvant therapy in dMMR/MSI-H stage III colon cancer, B2021-361-01). Only a trial-in-progress abstract at ASCO 2023 (TPS3637); reviews through Aug 2026 cite it as ongoing. Registry recruiting, last update Dec 2022, estimated PCD June 2026. Web-search budget ran out before this row: searched PubMed and Europe PMC by registry number, PubMed and Crossref by drug/design keywords, and the registry record only; no sponsor news page or Chinese-language search.",,,
NCT05244642,eligible,low,2026-10-09,,"AK105-303 (penpulimab vs chemotherapy, cHL, 60 patients): no result found. Akeso English news index (12 pages, to Sept 2026) has no Hodgkin item; PubMed/Crossref nothing. Registry not updated since Feb 2022. Light search: no web search, Akeso HKEX results announcements not read.",,,
NCT05254171,eligible,low,2026-10-09,,"ASPIRE (SBP-101 = ivospemin). No result found. Panbela's last results release (14 Nov 2024) said the interim analysis was on track for Q1 2025; the company notified its lender of default on 20 Jan 2025, filed its last 8-K on 18 Feb 2025 and has made no SEC filing since (an SEC staff order is dated 29 Sep 2025). Company website refused the connection. PubMed has only 2026 case reports of retinal toxicity. Registry stale (recruiting, Nov 2024). The interim outcome may have been announced outside EDGAR in 2025; no general web search was run (budget exhausted).",,,
NCT05257395,already_read_out,medium,2026-10-09,2025-09-17,"BRIGHT-3 (XZP-3287 / bireociclib + letrozole or anastrozole). Earliest statement of the result opened is Xuanzhu's Hong Kong listing document (post-hearing information pack, 17 Sep 2025; same text in the prospectus of 6 Oct 2025): 'Based on positive results in an interim analysis, we submitted the NDA to the NMPA in April 2025, which was accepted in May 2025' - it does not use the words 'primary endpoint'. Sihuan's HKEX notice of 9 Jun 2025 on the NDA acceptance gives no result; an earlier application proof of the listing document may carry the same sentence and was not found. Data as an ESMO 2025 poster on 20 Oct 2025 (Xuanzhu HKEX notice of 22 Oct 2025): 47% reduction in risk of progression or death, medians not reached vs 18.43 months; no HR with CI found, so HR cells are blank. NMPA approval 3 Mar 2026.",https://www1.hkexnews.hk/listedco/listconews/sehk/2025/1015/sehk25091701229.pdf,,
NCT05264896,eligible,low,2026-10-09,,"No result found for the CUHK trial of perioperative FLOT vs adjuvant XELOX (CRE 2020.500, 3-year DFS). Beware sibling: PECORINO (J Gastrointest Oncol 2025, PMID 40672074) is a Ukrainian FLOT vs XELOX trial, NCT04937738. Registry shows recruiting, last update Sept 2023. Web-search budget ran out before this row: searched PubMed and Europe PMC by registry number, PubMed and Crossref by drug/design keywords, and the registry record only; no sponsor news page or Chinese-language search.",,,
NCT05268692,eligible,low,2026-10-09,,"No result found (Kochi University, neoadjuvant GS vs GnP for pancreatic cancer, n=500, OS). Beware sibling: JCOG2101C PRESTIGE (Jpn J Clin Oncol 2026, PMID 41968990) is a different GnP vs GS neoadjuvant phase III (jRCTs031220351), and that paper is a protocol. Registry recruiting, last update Mar 2022. Japanese-language sources not checked. Web-search budget ran out before this row: searched PubMed and Europe PMC by registry number, PubMed and Crossref by drug/design keywords, and the registry record only; no sponsor news page or Chinese-language search.",,,
NCT05304468,eligible,medium,2026-10-09,,"Registry: active not recruiting, 452 enrolled, primary completion 2026-10-29 estimated, but record not updated since 2025-03-21. PubMed and PMC full text searched for the NCT number, study id 2022-FXY-017 and reduced-dose radiotherapy after induction chemotherapy in NPC: only review citations of the ongoing trial, no result (the 2025 CA Cancer J Clin reduced-volume trial is a sibling, NCT04384627). General web search was unavailable (session search budget exhausted), so trade press, exchange notices and conference sites were not searched by name.",https://clinicaltrials.gov/api/v2/studies/NCT05304468,,
NCT05313282,eligible,low,2026-10-09,,"No phase 3 result found for TRIPLET-III (HAIC + apatinib + camrelizumab vs apatinib + camrelizumab, BCLC C, PFS): PubMed/Europe PMC by NCT number return only reviews and the single-arm phase 2 TRIPLET paper (Signal Transduct Target Ther 2023, PMID 37884523). Beware sibling: ASCO 2024 TPS4194 is a different randomised trial of the same regimen in PVTT with OS primary (NCT05198609). Registry status unknown, last update June 2022. Web-search budget ran out before this row: searched PubMed and Europe PMC by registry number, PubMed and Crossref by drug/design keywords, and the registry record only; no sponsor news page or Chinese-language search.",,,
NCT05341583,already_read_out,medium,2026-10-09,2025-10-20,"ELEVATE (BTP-42338), prespecified interim analysis presented at ESMO 2025 as LBA66 (mini oral, 17-21 Oct 2025): DFS HR 0.20 (0.11-0.38) in stage II-IIIB. The ESMO Daily Reporter page renders by script; the text and a 2025-10-20 date were read from its embedded data, so the day is uncertain by one or two days. A report of Betta's 25 Nov 2025 Shenzhen filing on the NMPA acceptance says the data were first disclosed at ESMO 2025; no earlier Betta notice was found, but Shenzhen exchange notices were not searched directly. NEJM paper 8 Jul 2026; NMPA approval 3 Sep 2026 (search summary). Registry stale (status unknown, last update Aug 2024).",https://www.esmo.org/insights-by-esmo/all-news/adjuvant-alk-tkis-show-robust-and-durable-disease-free-survival-benefit-in-non-small-cell-lung-cancer,,
NCT05353257,eligible,medium,2026-10-07,,"Henlius serplulimab + chemoradiotherapy in limited-stage SCLC (HLX10-020-SCLC302): registry ACTIVE_NOT_RECRUITING, estimated PCD Jun 2026; no PFS/OS result in English or Chinese searches or in the Henlius 2026 interim results release.",,,
NCT05427669,eligible,low,2026-10-09,,"No result found for AFFORD (adjuvant mFOLFOXIRI vs mFOLFOX6 in MRD-positive stage II-III CRC, GIHSYSU-24). Only a trial-in-progress abstract at ASCO 2024 (TPS3642). Registry still says not yet recruiting, last update Oct 2022. Web-search budget ran out before this row: searched PubMed and Europe PMC by registry number, PubMed and Crossref by drug/design keywords, and the registry record only; no sponsor news page or Chinese-language search.",,,
NCT05429697,eligible,medium,2026-10-07,,"No result found by NCT, SMT-NK, SMT bio in English or Korean; registry record not updated since Sept 2022 (status unknown). A Dailypharm interview of 2026-09-16 says the phase 2b is ongoing (70 of 128 completed, descriptive interim ORR 28.6% only) with completion expected around Apr-May 2027.",,,
NCT05430399,eligible,low,2026-10-09,,"No result found for utidelone vs docetaxel in HER2-negative advanced breast cancer (SYSU-2022-UCAN): one web search, PubMed, Europe PMC and Crossref return only the older utidelone + capecitabine trial (BG01-1323L) and unrelated utidelone studies. Registry shows recruiting, last update July 2023. Beijing Biostar exchange filings and Chinese-language sources not checked (web-search budget ran out).",,,
NCT05468489,eligible,medium,2026-10-07,,"Henlius ASTRIDE (US bridging trial vs atezolizumab): registry ACTIVE_NOT_RECRUITING, estimated PCD Feb 2026; Henlius 2026 interim results release (21 Aug 2026) and searches show no OS readout.",,,
NCT05518318,eligible,low,2026-10-09,,"No result found by NCT, GLS-010-31 or zimberelimab vs chemotherapy in relapsed/refractory classical Hodgkin lymphoma (English and Chinese web search, PubMed). Small confirmatory trial (60 planned); registry never updated since Aug 2022 (not yet recruiting / unknown). Sponsor website not reachable.",,,
NCT05527470,eligible,low,2026-10-09,,"GLMU-08 (induction GP then IMRT alone vs concurrent chemoradiotherapy in nasopharyngeal carcinoma; likely a non-inferiority design, not checked). Registry recruiting, last updated May 2023; no publication found. Beware a sibling from the same Guilin group: NCT02434614 (TPF induction then RT vs CCRT) was published in JAMA Oncology in 2024 (PMID 38329737) and is a different trial. Web search budget ran out before this row: checked only the registry record, PubMed, Europe PMC and Crossref (registry number and design keywords); no general web or Chinese-language search was run.",,,
NCT05552976,already_read_out,medium,2026-10-09,2026-03-09,"SUCCESSOR-2. The date is taken from BMS's Q1 2026 results release (8-K exhibit, 30 Apr 2026), whose pipeline table lists '9 March: positive interim results from the Phase 3 SUCCESSOR-2 trial' (significant PFS improvement); the 9 March release itself was not opened because the BMS news site blocks scripts. BMS's Q4 2025 release (5 Feb 2026) was opened and has no mention (the page was truncated near its end). HR 0.48 (0.36-0.63) in the Lancet paper published online 14 Jun 2026. Interim-analysis win, trial continuing; six months before the registry's estimated date.",https://www.sec.gov/Archives/edgar/data/14272/000001427226000008/a2026q1ex991.htm,,
NCT05566041,eligible,low,2026-10-07,,"EpicentRx (private) REPLATINUM, RRx-001/nibrozetone: registry last updated Oct 2024, estimated PCD 31 Dec 2025; no topline release, abstract or posted result found by acronym, drug names or NCT number.",,,
NCT05576272,eligible,low,2026-10-09,,"No result found. One web search by drug names (QL1706, iparomlimab and tuvonralimab) and indication returned only the registry record and phase 1/2 data; PubMed (QL1706 OR iparomlimab AND nasopharyngeal) has only phase 1/1b papers. Registry not updated since Nov 2023 (status unknown, 460 planned). Qilu is unlisted, so no exchange filings exist. Chinese-language and conference searches were not run (web-search budget exhausted).",,,
NCT05587374,eligible,medium,2026-10-09,,"Registry: active not recruiting, not updated since 2025-01-23. PubMed and Crossref searched for cadonilimab in nasopharyngeal carcinoma with induction or chemoradiotherapy: no result for this trial (the ASCO 2026 cadonilimab NPC result is a different trial, in recurrent or metastatic disease after immunotherapy). General web search was unavailable (session search budget exhausted), so trade press, exchange notices and conference sites were not searched by name.",https://clinicaltrials.gov/api/v2/studies/NCT05587374 https://eutils.ncbi.nlm.nih.gov/entrez/eutils/efetch.fcgi?db=pubmed&retmode=xml&id=42814119,,
NCT05594927,eligible,low,2026-10-09,,"No result found by NCT, SNG2111-ICR-1, BESTPOP or icaritin vs huachansu (web search, PubMed). Registry status unknown, last updated Aug 2024. Sponsor (Shenogen) website not reachable. Beware the earlier icaritin phase 3 trials (NCT03236636, NCT03236649), which are different studies.",,,
NCT05615818,eligible,medium,2026-10-09,,"General web search was unavailable (session search budget exhausted), so trade press, exchange notices and open-web name searches were not done. SAFIR-ABC10 / PRODIGE 78. Registry recruiting, updated 2026-05-19, first patient 2024-07. Europe PMC full-text search of NCT number and acronym found only reviews (to 2026-10) citing it as ongoing; no result. UNICANCER news not checked.",https://clinicaltrials.gov/study/NCT05615818 https://europepmc.org/search?query=%22SAFIR-ABC10%22,,
NCT05623267,eligible,medium,2026-10-09,,"SURPASS (sugemalimab consolidation in limited-stage SCLC, phase 2/3). No result found by NCT, acronym or drug in a web search, PubMed, Europe PMC or Crossref; only the design paper (PMID 37442748). A review published Aug 2026 (PMID 42568026) still lists it as ongoing. Registry recruiting, not updated since Aug 2023. No CStone or Chinese-language search was run.",,,
NCT05624554,eligible,medium,2026-10-09,,"Merck pipeline (table updated 2026-08-05) lists nemtabrutinib with BELLWAVE-008 (NCT05624554) as an ongoing trial. Registry active not recruiting, updated 2026-03-16. PubMed and PMC: no result. Merck news checked only for the latest ten releases (2026-09-18 to 2026-10-01). General web search was unavailable (session search budget exhausted), so trade press, exchange notices and conference sites were not searched by name.",https://clinicaltrials.gov/api/v2/studies/NCT05624554 https://www.merck.com/research/product-pipeline/ https://www.merck.com/media/news/,,
NCT05633654,eligible,medium,2026-10-09,,"Registry: still recruiting (1,514 planned), updated 2026-09-09. Gilead Q2 2026 results release does not mention ASCENT-05 or any readout; J Clin Invest (2026-08) describes it as an ongoing randomised trial. Gilead's pipeline page did not load. General web search was unavailable (session search budget exhausted), so trade press, exchange notices and conference sites were not searched by name.",https://clinicaltrials.gov/api/v2/studies/NCT05633654 https://www.gilead.com/news/news-details/2026/gilead-sciences-announces-second-quarter-2026-financial-results https://www.gilead.com/science/pipeline https://eutils.ncbi.nlm.nih.gov/entrez/eutils/efetch.fcgi?db=pmc&retmode=xml&id=13574147,,
NCT05647954,eligible,medium,2026-10-09,,"No result found by NCT, HX008-III-MM-01 or pucotenlimab plus TACE. Lepu Biopharma 2026 interim results (HKEX, 19 Aug 2026) say the confirmatory phase 3 in first-line stage IV (M1c) melanoma is still being conducted. Registry record never updated since Dec 2022 (not yet recruiting / unknown).",,,
NCT05652894,eligible,medium,2026-10-09,,"HX008-III-CRC-01 (pucotenlimab, first-line MSI-H/dMMR mCRC). Not read out: Lepu Biopharma's 2026 interim results (HKEX, 19 Aug 2026) say 'We are conducting confirmatory Phase III clinical studies on the first-line MSI-H/dMMR metastatic colorectal cancer'; no Lepu announcement title since Jan 2026 concerns it. Nothing in a web search or PubMed. Registry active, not recruiting (updated May 2026), estimated primary completion 2026-06-30. Co-developer HanX Biopharmaceuticals' pages were not searched.",,,
NCT05653453,eligible,medium,2026-10-09,,"General web search was unavailable (session search budget exhausted), so trade press, exchange notices and open-web name searches were not done. Registry: recruiting, last updated 2025-03-24 (over a year ago). Europe PMC full-text search of the NCT number, P100-LAPC1 and sponsor name found only a 2023 review listing the trial; no result. Sponsor site and Chinese-language sources not checked.",https://clinicaltrials.gov/study/NCT05653453 https://europepmc.org/search?query=%22NCT05653453%22,,
NCT05673512,eligible,medium,2026-10-09,,"Not read out as far as can be told. SUNHO Bio (HKEX 2898) 2025 interim results (29 Aug 2025) say the phase IIb/III trial of IAH0968 plus CAPEOX in first-line HER2+ colorectal cancer was entered in January 2024, with no result. Nothing later: the company has not published 2025 annual or 2026 interim results and its shares have been suspended since 1 Apr 2026. PubMed has only the phase 1 paper. Registry stale (status unknown, Feb 2024). No general web search run (budget exhausted).",,,
NCT05673590,eligible,medium,2026-10-09,,"Primary OS analysis not done. Biostar 2026 interim results (HKEX, 26 Aug 2026, https://www1.hkexnews.hk/listedco/listconews/sehk/2026/0826/2026082602061.pdf): about 300 of 612 enrolled; 'nearly twofold advantage over docetaxel in both ORR and PFS (OS has not been reached in either arm)'; data to be shown at ESMO (23-27 Oct 2026); enrolment suspended because it was too slow, and the study 'will be either restarted or terminated'. So secondary endpoints have been described without numbers, the primary has not, and the trial may end without a primary analysis. Could be argued as unclear. Registry status unknown, last updated Nov 2023.",,,
NCT05674539,eligible,low,2026-10-09,,"No result found (Wuhan Union Hospital, Flu-Bu vs Flu-Mel reduced-intensity conditioning in AML/MDS, WHUH-RIC-HSCT-1115). The 2025 Flu-Mel vs Flu-Bu items in Cancer and at ASH 2025 are a meta-analysis, not this trial. Registry enrolling by invitation, last update Feb 2025, estimated PCD Dec 2025. Web-search budget ran out before this row: searched PubMed and Europe PMC by registry number, PubMed and Crossref by drug/design keywords, and the registry record only; no sponsor news page or Chinese-language search.",,,
NCT05701436,eligible,low,2026-10-09,,"No result found (Zhujiang Hospital, 3D-HDRA in resectable primary liver cancer, 1-year DFS, 2022-KY-277-01). Registry status unknown, last update Mar 2023; nothing in PubMed, Europe PMC or Crossref. Web-search budget ran out before this row: searched PubMed and Europe PMC by registry number, PubMed and Crossref by drug/design keywords, and the registry record only; no sponsor news page or Chinese-language search.",,,
NCT05712694,already_read_out,medium,2026-10-07,2026-06-25,"Only disclosure found is the ClinicalTrials.gov record: status changed to Terminated with reason ""Lack of Efficacy, no safety concern"" (submitted 2026-06-22, posted 2026-06-25). No Polaris press release, Taiwan exchange notice or conference abstract found in English or Chinese; an earlier Taiwan-exchange material-information notice is possible.",https://clinicaltrials.gov/study/NCT05712694,,
NCT05717764,eligible,medium,2026-10-09,,"No result found for HE071-031 (mitoxantrone liposome + capecitabine, nasopharyngeal carcinoma): CSPC's HKEX announcement titles from 2023 to Oct 2026 show only 'first patient dosed' (2 Mar 2023), the CSPC 2026 interim results (20 Aug 2026) list no readout for this indication, and PubMed has only a phase 1b. No web search was run (budget ran out). Registry never updated since Feb 2023 (still 'not yet recruiting').",,,
NCT05738694,eligible,medium,2026-10-09,,"General web search was unavailable (session search budget exhausted), so trade press, exchange notices and open-web name searches were not done. 2021-FXY-518. Registry recruiting, started 2023-04, DFS endpoint, updated 2026-03-17. Europe PMC search of the NCT number found nothing; investigator and Chinese-language sources not checked.",https://clinicaltrials.gov/study/NCT05738694 https://europepmc.org/search?query=%22NCT05738694%22,,
NCT05744687,eligible,medium,2026-10-07,,"Shanghai Pharma SPH4336 + letrozole (phase 2/3): registry RECRUITING, last updated Aug 2025, estimated PCD May 2026; English and Chinese searches found no ORR or PFS result or exchange notice.",,,
NCT05747794,void,medium,2026-10-08,,"AIPAC-003 (eftilagimod alfa): only the 66-patient randomised phase 2 dose-optimisation part ran; the placebo-controlled phase 3 part with the OS primary never started. Immutep ASX quarterly of 30 Apr 2026 still described phase 2 follow-up; registry later changed to Terminated, ""Sponsor Decision"" (updated 30 Jul 2026), after the sibling TACTI-004 futility stop of Mar 2026. No termination announcement found.",,,
NCT05751850,eligible,low,2026-10-09,,"No result found for the first-line pancreatic phase 3 of HR070803 (Hengrui irinotecan liposome): one English/Chinese web search and PubMed returned only the second-line trial (PAN-HEROIC-1) and a phase 1; the 26 Hengrui filing-acceptance and trial notices carried on HKEX from May 2025 to Oct 2026 were opened and none concerns irinotecan liposome or pancreatic cancer. Not checked: Shanghai exchange notices before Hengrui's May 2025 Hong Kong listing, and 2025-2026 conference abstracts (web-search budget ran out). Registry stale (status unknown, last update May 2024, study completion estimated 2025-12).",,,
NCT05754853,eligible,medium,2026-10-07,,"No result found by NCT, MRG002-010, MRG002 urothelial in English or Chinese; Lepu Biopharma 2026 interim results (seen in search summary only) describe the phase 3 in urothelial carcinoma as ongoing. Registry record not updated since Apr 2023.",,,
NCT05755048,already_read_out,low,2026-10-07,2026-10-07,"FS-1502 (IKS014/LCB14) vs T-DM1, Fosun: registry stale since Sep 2023 (status UNKNOWN, estimated PCD Jul 2025); English, Chinese and Korean (partner LigaChem) searches found only phase 1 data and ""phase 3 ongoing"" statements. No result located; a Chinese exchange notice could exist that I did not find.",https://clinicaltrials.gov/study/NCT05755048,,
NCT05766605,eligible,low,2026-10-09,,"Zhujiang Hospital PDOX-guided therapy in resectable liver cancer, 90 patients. Registry status unknown, last updated Mar 2023; no publication found. Web search budget ran out before this row: checked only the registry record, PubMed, Europe PMC and Crossref (registry number and design keywords); no general web or Chinese-language search was run.",,,
NCT05767892,eligible,low,2026-10-09,,"No result found by NCT, SZPH-2023-001 or YK-029A phase 3 in first-line EGFR exon 20 insertion NSCLC (web search, PubMed: phase 1 papers only). Puhe's website lists the programme (PH001) with breakthrough designation and a recruitment notice, no readout or filing. Registry never updated since Apr 2023 (not yet recruiting).",,,
NCT05797831,eligible,low,2026-10-09,,"KRT-232-118 (navtemadlin maintenance, TP53 wild-type endometrial cancer; ENGOT/GOG). No result found by NCT, study number or navtemadlin + endometrial in PubMed, Crossref or SEC full-text search; Kartos is private. Registry says recruiting, not updated since May 2024; the 2025-08 date most likely relates to Part 1 dose selection. Light search: no web search was possible for this row and the Kartos, ENGOT and GOG pages were not opened.",,,
NCT05814354,already_read_out,medium,2026-10-07,2026-07-02,"First disclosure is a Hengrui SSE announcement (no. 2026-092, dated 2 Jul 2026, Chinese only) that the NMPA accepted the HER2-low breast cancer filing; it states the phase 3 vs investigator-choice chemotherapy significantly prolonged PFS, with no numbers. The notice does not give the protocol number - matched to SHR-A1811-III-306 by design, comparators and population. No HR or conference presentation found yet.",https://pdf.dfcfw.com/pdf/H2_AN202607021826660844_1.pdf,,
NCT05840341,eligible,medium,2026-10-09,,"Fudan QYHJ (Qingyi Huaji) formula vs placebo with chemotherapy in metastatic pancreatic cancer. Registry completed (primary completion 2025-12-30), last updated 2026-09-03, no results posted. No result found by NCT, formula name or design in a web search (English and Chinese terms), PubMed, Europe PMC or Crossref; only preclinical QYHJ papers appear. CNKI and CSCO abstracts were not searched.",,,
NCT05851014,already_read_out,medium,2026-10-09,2024-03-27,"LEONARDA-2 (lerociclib/GB491 plus letrozole, first line). First statement of the result is in Genor's 2023 annual results announcement (HKEX, 27 Mar 2024): 'the efficacy data analysis of phase III clinical trial for the first line advanced breast cancer of Lerociclib (GB491) has reached the primary endpoint'; NDA submitted 28 Feb 2024 and accepted 13 Mar 2024 (that acceptance notice does not state the result); approved May 2025. The announcement names neither the protocol number nor the acronym: matched by drug, line and letrozole design. This is 22 months before the registry's estimated primary completion (record not updated since May 2023, still 'recruiting'). No HR found: no conference abstract or paper located (PubMed empty for LEONARDA-2 and lerociclib letrozole).",https://www1.hkexnews.hk/listedco/listconews/sehk/2024/0327/2024032703181.pdf,,
NCT05861505,eligible,medium,2026-10-09,,"General web search was unavailable (session search budget exhausted), so trade press, exchange notices and open-web name searches were not done. COLLISION RELAPSE. Registry: recruiting, not updated since 2023-05-17 (stale). PubMed and Europe PMC searches of NCT number and trial name found the 2023 protocol paper and reviews (latest 2026-07) only; no result. OS endpoint with a 2023 start makes a readout unlikely. Sponsor news not checked.",https://clinicaltrials.gov/study/NCT05861505 https://europepmc.org/article/MED/37943351,,
NCT05862064,eligible,medium,2026-10-09,,"Not read out: registry updated July 2025 shows recruiting (BCTOP-T-A02, camrelizumab + antivascular therapy + chemotherapy vs chemotherapy, adjuvant TNBC, iDFS), estimated PCD July 2026. Nothing in PubMed, Europe PMC or Crossref; the BCTOP-T-A01 result at ASCO 2024 is a different trial. Web-search budget ran out before this row: searched PubMed and Europe PMC by registry number, PubMed and Crossref by drug/design keywords, and the registry record only; no sponsor news page or Chinese-language search.",,,
NCT05868707,eligible,low,2026-10-09,,"No result found by NCT, BH-OH2-020 or OH2 phase 3 in melanoma (web search, PubMed: phase 1a/1b paper only). Registry: recruiting, last updated Jul 2025, completion 2027. Sponsor website not reachable.",,,
NCT05884255,eligible,medium,2026-10-09,,"Registry: recruiting, 220 planned, updated 2026-05-19. PubMed and PMC searched for NCT number, HRFS-Q-2011-301 and lutetium oxodotreotide with Hengrui: no result. Hengrui pipeline page ('by Jul 2026') opened but did not show this product; Hengrui's Chinese exchange notices could not be searched. General web search was unavailable (session search budget exhausted), so trade press, exchange notices and conference sites were not searched by name.",https://clinicaltrials.gov/api/v2/studies/NCT05884255 https://www.hengrui.com/en/pipeline.html,,
NCT05899049,eligible,medium,2026-10-08,,"No disclosure found for the China extension itself (NCT05899049, 251 patients). The global LITESPARK-012 study, a different registry record, missed PFS and OS at an interim analysis (Merck/Eisai update of Apr 2026, repeated in the Merck Q1 2026 release of 30 Apr 2026); nothing found says how the China extension was analysed. Registry active, not recruiting (updated 2026-08-20).",,,
NCT05901935,eligible,low,2026-10-07,,"CSPC DP303c vs trastuzumab+chemo: registry still NOT_YET_RECRUITING and unchanged since Jun 2023; the programme appears to have moved to a different phase 3 (vs T-DM1, NCT06313086). No result found; the trial may never have enrolled.",,,
NCT05919030,eligible,low,2026-10-09,,"Renmin Hospital of Wuhan University chemoradiation + tislelizumab in advanced oesophageal squamous cell carcinoma, 155 patients. Registry recruiting, last updated Nov 2024; no publication or abstract found. Other tislelizumab + chemoradiotherapy trials in locally advanced disease (e.g. PMID 41962116) are different records. Web search budget ran out before this row: checked only the registry record, PubMed, Europe PMC and Crossref (registry number and design keywords); no general web or Chinese-language search was run.",,,
NCT05919381,already_read_out,medium,2026-10-09,2026-07-22,"Gentuximab (金妥昔单抗, anti-VEGFR2) + paclitaxel, second-line gastric. Changchun High-Tech (SZSE 000661, parent of GeneScience) notice no. 2026-058 dated 22 Jul 2026 (posted on cninfo the evening of 21 Jul): NDA accepted; the pivotal randomised double-blind phase 3 (CTR20220815, 754 subjects, OS primary) 'met the primary endpoint with statistical significance'; no numbers. Matched to this registry number by design and size (registry: 752, OS), not by NCT number. The 2025 annual report (21 Apr 2026) says only 'phase 3 completed'. No PubMed record; an earlier conference abstract (e.g. ASCO 2026) was not ruled out. Web search budget ran out part-way through this tranche, so this row rests on direct lookups (sponsor site, exchange disclosure platform, PubMed, registry) rather than a general web search.",http://static.cninfo.com.cn/finalpage/2026-07-22/1225434878.PDF,,
NCT05922345,eligible,medium,2026-10-09,,"Benmelstobart (TQB2450) + AL2846 vs docetaxel, NSCLC after immunotherapy. No Sino Biopharm HKEX announcement since June 2024 names this trial (title list read), and AL2846 does not appear in the FY2025 annual results (26 Mar 2026) or the H1 2026 results (19 Aug 2026). PubMed: only phase 1/2 AL2846 papers. Registry status unknown since Dec 2024. Web search budget ran out part-way through this tranche, so this row rests on direct lookups (sponsor site, exchange disclosure platform, PubMed, registry) rather than a general web search.",,,
NCT05943795,eligible,medium,2026-10-09,,SI-B001 (izalontamab) + docetaxel in NSCLC. Sichuan Biokin's H1 2026 report (26 Aug 2026) counts one SI-B001 registrational study as ongoing and reports no result; no SI-B001 result notice among Biokin's SSE announcements (only a 2023 FDA IND notice). PubMed: phase 1 only.,,,
NCT05945901,eligible,medium,2026-10-09,,"No result found by NCT or HR070803-306-CRC (PubMed: only pancreatic and phase 1 HR070803 papers). Hengrui 2026 interim results (HKEX, 19 Aug 2026) do not mention a colorectal readout for irinotecan liposome, and none of Hengrui's 26 filing-acceptance notices on HKEX from Aug 2025 to 9 Oct 2026 concerns it. Registry: active, not recruiting, 669 enrolled, updated Nov 2025. No general web search was run for this row (search budget exhausted).",,,
NCT05990127,eligible,medium,2026-10-07,,"No result found by NCT, AK104-307, or cadonilimab vs tislelizumab in PD-L1-negative NSCLC; Akeso reported first patient dosed in Mar 2024 and its 2026 interim results release does not mention a readout. Registry still says ""not yet recruiting"" (last update Aug 2023).",,,
NCT05994339,eligible,low,2026-10-09,,"No result found (Laibin People's Hospital, radiotherapy + almonertinib/aumolertinib in stage III EGFR-mutant lung cancer, n=40). Beware sibling: the phase III ADVANCE trial of aumolertinib + radiotherapy (Signal Transduct Target Ther, 21 Sep 2026, PMID 42764281) is a different study (ChiCTR2000040590, CAMS). Registry status unknown, last update Aug 2023. Web-search budget ran out before this row: searched PubMed and Europe PMC by registry number, PubMed and Crossref by drug/design keywords, and the registry record only; no sponsor news page or Chinese-language search.",,,
NCT06057610,already_read_out,medium,2026-10-07,2026-08-31,"Hengrui SHR-A1811-307 (trastuzumab rezetecan): Chinese business press of 2 Sep 2026 reports the company announced on 31 Aug 2026 that PFS was met at interim analysis; I could not open the original Hengrui notice, so the channel (press release vs exchange notice) is unconfirmed. Result found only in Chinese; no hazard ratio public.",https://eu.36kr.com/zh/p/3965667237369734,,
NCT06073730,eligible,medium,2026-10-09,,"Primary EFS analysis not disclosed. Interim response data only: ASH 2024 abstract (49 pts) and ASH 2025 abstract (Blood, 10.1182/blood-2025-3450; 120 pts at 30 June 2025; CR 73.1% vs 52.9%, p=0.034) which states ""OS, RFS, and EFS remain unreported due to the short follow-up"". Registry updated 2026-09-09: completed, 154 enrolled, PCD 2025-12-30 actual, no results posted. Nothing later in PubMed, Europe PMC or Crossref; ASH 2026 abstracts not yet out. A related single-arm DEC3-VEN paper (Blood Cancer J 2024, PMID 39567479) is not the randomised comparison.",,,
NCT06079346,eligible,medium,2026-10-09,,"STOP-PC. Not read out. Oncotelic's 10-Q for Q2 2026 (filed 13 Aug 2026; first 100,000 characters read) says OT-101 is out-licensed to a joint venture that 'continues preparing for planned Phase 2 and Phase 3 trials' in pancreatic cancer and other indications; no enrolment or result for this trial. PubMed: nothing. Registry stale (recruiting, Aug 2024, 455 planned). No general web search run (budget exhausted).",,,
NCT06079983,eligible,medium,2026-10-09,,"JSKN003-302 not read out. Alphamab Oncology HKEX announcements Jan 2025 to Oct 2026 (titles) contain no JSKN003-302 result, and the 2026 interim results (27 Aug 2026) still list JSKN003 in >=2L HER2-low breast cancer as a phase 3 programme with no readout. Registry recruiting, estimated date.",,,
NCT06082635,eligible,low,2026-10-09,,"No result found for TGRX-326 (deulorlatinib) vs crizotinib (PubMed: phase 1 and single-arm phase 2 papers only, the latter Apr 2026). Registry: active, not recruiting, 321 enrolled, last updated May 2025, completion 2028. Sponsor website not reachable and the company is not on HKEX; no general web search was run for this row (search budget exhausted), so an interim-analysis notice in Chinese could have been missed.",,,
NCT06089382,eligible,low,2026-10-09,,"Tongji Hospital adjuvant sintilimab + lenvatinib in HCC with PVTT. Registry still not yet recruiting, last updated Oct 2023; the estimated primary completion (2024-11) predates any plausible follow-up for 104 patients. Reviews of 2025-2026 cite it only as a registered trial. Web search budget ran out before this row: checked only the registry record, PubMed, Europe PMC and Crossref (registry number and design keywords); no general web or Chinese-language search was run.",,,
NCT06095167,eligible,low,2026-10-09,,"No result found (Fujian Cancer Hospital NPC010, radiotherapy with or without concurrent cisplatin after induction chemo-immunotherapy). Registry still not yet recruiting, last update Oct 2023; nothing in PubMed, Europe PMC or Crossref. Web-search budget ran out before this row: searched PubMed and Europe PMC by registry number, PubMed and Crossref by drug/design keywords, and the registry record only; no sponsor news page or Chinese-language search.",,,
NCT06097416,eligible,low,2026-10-09,,"St. James's Hospital TNT vs neoadjuvant chemoradiotherapy in T3 rectal cancer, 100 patients. Registry still not yet recruiting, last updated Oct 2023; no publication found. Web search budget ran out before this row: checked only the registry record, PubMed, Europe PMC and Crossref (registry number and design keywords); no general web or Chinese-language search was run.",,,
NCT06110663,eligible,low,2026-10-09,,"HS-10241-301 (dalmelitinib, HS-10241, plus aumolertinib). No statement of the phase 3 primary result found: web search, PubMed, Crossref, and Hansoh HKEX documents read (2025 annual results 29 Mar 2026; 2026 interim results 26 Aug 2026). CAUTION: Hansoh announced on 27 Feb 2026 that the NMPA accepted the NDA for dalmelitinib plus aumolertinib in exactly this population (https://www1.hkexnews.hk/listedco/listconews/sehk/2026/0227/2026022701558.pdf), but neither that notice nor the results documents say which study supports it or give any phase 3 outcome; the only data Hansoh cites are the single-arm phase 1b (ELCC, Mar 2026). The filing may rest on this trial. Registry stale since Nov 2023 (not yet recruiting). Chinese-language press not searched in depth.",,,
NCT06119581,eligible,medium,2026-10-09,,"General web search was unavailable (session search budget exhausted), so trade press, exchange notices and open-web name searches were not done. SUNRAY-01 (LY3537982 is olomorasib). Registry recruiting, 1,264 planned, updated 2026-10-07; the randomised PFS primary has no result in Europe PMC or Crossref. Caution: the other registry primary outcome (Part B dose-optimisation lead-in adverse events) has been presented, pooled with LOXO-RAS-20001, at WCLC 2025 (MA02.06, OA08.02) and ASCO 2026 (abstracts 8570, 8628); the study lead should decide whether that counts. Lilly pipeline and earnings documents not read.",https://clinicaltrials.gov/study/NCT06119581 https://doi.org/10.1016/j.jtho.2025.09.109 https://doi.org/10.1016/j.jtho.2025.09.055 https://doi.org/10.1200/jco.2026.44.16_suppl.8570 https://doi.org/10.1080/14796694.2026.2651961,,
NCT06122389,eligible,medium,2026-10-09,,"SHR2554-301 (zeprumetostat vs chidamide, r/r PTCL). No phase 3 result found: web search, PubMed, and all Hengrui filing-acceptance notices on HKEX from Aug 2025 to Oct 2026 read (none concerns this trial). Zeprumetostat was approved in China in 2025 on single-arm data; Hengrui's 2026 interim results (19 Aug 2026) list it without a phase 3 readout. Registry says recruiting (updated Jan 2026).",,,
NCT06123884,eligible,medium,2026-10-07,,"Bio-Thera BAT1308 in cervical cancer: registry RECRUITING (last update Feb 2025, estimated PCD Sep 2026); no PFS/OS result in English or Chinese searches.",,,
NCT06143553,eligible,medium,2026-10-09,,Paclitaxel polymeric micelles in metastatic breast cancer. Shanghai Yizhong (SSE 688091) H1 2026 report (25 Aug 2026) says the phase 3 trials in breast and pancreatic cancer 'continue to progress steadily'; no result announcement in its 2025-2026 notices (title list read); no PubMed record.,,,
NCT06152575,eligible,medium,2026-10-09,,"MagnetisMM-32 not read out as far as found: registry updated 24 Aug 2026 still shows recruiting with study completion Dec 2027; Pfizer Q2 2026 earnings release (4 Aug 2026) has no line on it. Pfizer's press release page and pipeline PDF are blocked to scripts and no general web search was run for this row (search budget exhausted), so Sept-Oct 2026 news was not covered.",,,
NCT06156514,eligible,medium,2026-10-09,,"General web search was unavailable (session search budget exhausted), so trade press, exchange notices and open-web name searches were not done. Registry: recruiting, last updated 2025-05-28 (over a year ago). PubMed and Europe PMC searches of the NCT number, MICHELE and gemcitabine-vs-cisplatin chemoradiation in cervical cancer found no result. Sponsor (INCan Mexico) news not checked.",https://clinicaltrials.gov/study/NCT06156514 https://europepmc.org/search?query=%22NCT06156514%22,,
NCT06158841,eligible,medium,2026-10-09,,"Registry: active not recruiting, 421 enrolled, updated 2026-08-27. PubMed and PMC: 2026 reviews describe CERVINO as an ongoing randomised trial, no result. AbbVie newsroom checked only for the latest ten releases (to 2026-10-07), none on etentamig; AbbVie pipeline page returned 403. ORR is a dual primary and could be reported early. General web search was unavailable (session search budget exhausted), so trade press, exchange notices and conference sites were not searched by name.",https://clinicaltrials.gov/api/v2/studies/NCT06158841 https://news.abbvie.com/news/press-releases https://www.abbvie.com/science/pipeline.html https://eutils.ncbi.nlm.nih.gov/entrez/eutils/efetch.fcgi?db=pmc&retmode=xml&id=13338907,,
NCT06170489,eligible,medium,2026-10-09,,"JS004-009-III-cHL (tifcemalimab + toripalimab; lead sponsor is a company). Registry recruiting, last updated Feb 2025, study completion 2027-09. No result found by NCT, study number or drug names in a web search, PubMed, Europe PMC or Crossref; only the phase 1 is published (PMID 40379637). Junshi's pipeline page shows tifcemalimab in phase 3 and its 2026 interim results summary reports no readout. The 2025-05 estimated primary completion looks stale.",,,
NCT06177041,eligible,medium,2026-10-09,,"General web search was unavailable (session search budget exhausted), so trade press, exchange notices and open-web name searches were not done. Registry: recruiting, not updated since 2024-02-28 (stale). Europe PMC full-text search of the NCT number and M108/FG-M108 found reviews to 2026-09 listing the phase 3 as recruiting with only phase 1/2 data reported; no phase 3 result. FutureGen site could not be reached; Chinese-language sources not checked.",https://clinicaltrials.gov/study/NCT06177041 https://europepmc.org/article/MED/42719091 https://europepmc.org/article/MED/41374966,,
NCT06182592,eligible,low,2026-10-09,,"HC1702-004 (CSPC liposomal cytarabine-daunorubicin bridging study vs 7+3, OS primary). No result found: PubMed, Crossref, CSPC HKEX announcement titles Dec 2023 to Oct 2026 (none names the product), and CSPC results documents read. The 2025 interim and annual results say only that 'In April 2025, the database lock was completed for bioequivalence clinical trials conducted in China' for this product in untreated elderly AML, with no outcome; whether that refers to this study is not clear. Registry status unknown, not updated since Dec 2023. Non-inferiority-style bridging design: flag for exclusion review.",,,
NCT06196736,eligible,medium,2026-10-07,,"No result found by NCT, 9MW2821-2023-CP301, bulumtatug fuvedotin or Chinese names; Mabwell investor materials in 2026 (seen in search summaries only) say an interim analysis of the monotherapy urothelial phase 3 is planned for H2 2026. Registry record last updated Apr 2025.",,,
NCT06241755,eligible,low,2026-10-09,,"KN-BCG-III (Chengdu CoenBiotech BCG, NMIBC). No result found by NCT in PubMed; registry status unknown, not updated since Feb 2024, primary endpoint is 1-year RFS so the 2025-09 estimate may be optimistic. The sponsor is a small unlisted company. Light search: no web search was possible for this row; Chinese-language sources, CDE and the sponsor's site were not searched.",,,
NCT06279364,already_read_out,medium,2026-10-09,2026-05-21,"SKB264 is sacituzumab tirumotecan (sac-TMT); the trial is OptiTROP-Breast03. Kelun-Biotech release of 21 May 2026: IDMC found PFS met at a prespecified interim analysis, OS immature with a positive trend, no numbers. Matched by design, not registry number: first-line TNBC, PD-L1-negative or PD-L1-positive relapsed after early-stage anti-PD-(L)1, vs investigator-choice chemotherapy, PFS and OS primaries, exactly as the registry record. NMPA accepted the first-line TNBC application on 30 Jul 2026 (Kelun news list). No HR found yet. Kelun's HKEX filing of the same news was not opened and may be dated a day earlier.",https://www.prnewswire.com/news-releases/kelun-biotech-announces-phase-iii-trial-of-sacituzumab-tirumotecan-sac-tmt-versus-chemotherapy-as-firstline-treatment-for-advanced-tnbc-met-primary-endpoint-of-pfs-302779066.html,,
NCT06296706,eligible,medium,2026-10-09,,"No result found for HB1801-010 (albumin-bound docetaxel vs Taxotere, second-line gastric cancer). CSPC 2026 interim results (HKEX, 20 Aug 2026) and its ESMO 2026 notice (5 Oct 2026) cover HB1801 with anbenitamab in breast cancer and HB1801 plus FOLFOX in first-line gastric cancer (a different phase 1b/3 trial) but not this study; no HB1801 gastric readout among CSPC HKEX announcement titles from Mar 2024. Registry: recruiting, last updated Nov 2024. No general web search was run for this row (search budget exhausted).",,,
NCT06300177,eligible,medium,2026-10-09,,"Garsorasib (D-1553) vs docetaxel, KRAS G12C NSCLC. No Sino Biopharm HKEX announcement of a phase 3 result since June 2024 (title list read); the FY2025 and H1 2026 results announcements mention garsorasib only as a marketed product. Registry: recruiting, not updated since Apr 2024, primary completion estimated Oct 2026. No PubMed record. Web search budget ran out part-way through this tranche, so this row rests on direct lookups (sponsor site, exchange disclosure platform, PubMed, registry) rather than a general web search.",,,
NCT06313086,already_read_out,medium,2026-10-09,2026-02-17,"DATE IS LATE BY ABOUT TWO MONTHS. DP303c vs T-DM1 was presented at SABCS 2025 (December 2025) as late-breaking rapid-fire abstract RF6-03; no dated source for the session could be opened, so the row carries the Crossref deposit date of the published abstract (Clin Cancer Res supplement, doi 10.1158/1557-3265.SABCS25-RF6-03, 17 Feb 2026; AACR page returns 403, abstract text read from the Crossref record): interim analysis, cutoff 8 Jul 2025, BIRC PFS 8.8 vs 5.8 mo, stratified HR 0.56 (0.42-0.75), p<0.0001; OS immature. CSPC FY2025 results (HKEX, 25 Mar 2026) confirm the SABCS presentation and a clinical study report completed in Nov 2025; CSPC issued no stand-alone HKEX announcement (titles Jun 2024 to Oct 2026 checked), and its 2025 interim results (22 Aug 2025) report only last patient enrolled in Apr 2025. Matched by design (448 randomised from 28 Mar 2024), not by registry number.",https://api.crossref.org/works/10.1158/1557-3265.sabcs25-rf6-03,,
NCT06313983,eligible,low,2026-10-09,,"No result found. PubMed has only the phase 1 paper for Hemay022. Registry shows recruiting (last update Apr 2025), estimated primary completion 2025-12. Tianjin Hemay is not on the Hong Kong exchange. No general web or Chinese-language search was run (budget exhausted).",,,
NCT06316531,eligible,medium,2026-10-09,,"BL-M07D1 is T-Bren (HER2 ADC). Not read out: Sichuan Biokin (SSE 688506) announcement titles Jan 2025 to 30 Sep 2026 include 'interim analysis met primary endpoint' notices for five iza-bren (BL-B01D1) phase 3 trials but none for BL-M07D1 vs T-DM1; the Hong Kong prospectus of 7 Nov 2025 describes T-Bren as in phase 3 for HER2+ breast cancer without a result. PubMed/Crossref nothing. Registry (Jul 2026) active not recruiting, 274 enrolled, estimated date Oct 2026.",,,
NCT06319313,eligible,medium,2026-10-09,,"No result found for JMT101-013 (JMT101 plus docetaxel or HB1801 in squamous NSCLC). CSPC 2026 interim results (HKEX, 20 Aug 2026) mention JMT101 only for the osimertinib combination trial (a sibling) and colorectal cancer. Registry still 'not yet recruiting', last updated Mar 2024. No general web search was run for this row (search budget exhausted).",,,
NCT06330337,eligible,medium,2026-10-09,,"Registry: recruiting, 58 planned, not updated since 2024-03-26. PubMed: only the study protocol (JMIR Res Protoc 2026-01-29) and preclinical work; no result. Academic sponsor with no news page found. General web search was unavailable (session search budget exhausted), so trade press, exchange notices and conference sites were not searched by name.",https://clinicaltrials.gov/api/v2/studies/NCT06330337 https://eutils.ncbi.nlm.nih.gov/entrez/eutils/esummary.fcgi?db=pubmed&retmode=json&id=41610368,,
NCT06371157,eligible,medium,2026-10-09,,"AK104-308, cadonilimab + lenvatinib + TACE in HCC. Akeso's H1 2026 results announcement (HKEX, 27 Aug 2026) says enrolment is ongoing in the phase 2/3 study COMPASSION-29 of this regimen; matched by design, not by protocol number. No Akeso voluntary announcement on it since Jan 2025 (title list read); no PubMed record.",,,
NCT06394492,eligible,low,2026-10-09,,"SHR-A1921-303, TROP2 ADC vs chemotherapy in platinum-resistant ovarian cancer. No result found. SHR-A1921 is listed for this indication in Hengrui's 2024 annual report and H1 2025 report, but is absent from the pipeline tables of the 2025 annual report (25 Mar 2026) and is not mentioned at all in the H1 2026 report (19 Aug 2026): possibly a quiet discontinuation, which no source states. Registry not updated since Aug 2024 (recruiting). None of Hengrui's acceptance notices since June 2024 concerns it. PubMed: phase 1 and other tumour types only. Web search budget ran out part-way through this tranche, so this row rests on direct lookups (sponsor site, exchange disclosure platform, PubMed, registry) rather than a general web search.",,,
NCT06417008,eligible,medium,2026-10-07,,"No result found by NCT, HS-20117-301 or drug names; registry shows recruiting (last update Aug 2025) with study completion in 2030. The 2026-06 estimated primary completion date appears to relate to the phase 1b part.",,,
NCT06430437,eligible,low,2026-10-09,,"SHR-A1811 is trastuzumab rezetecan. No result found for the first-line HER2-mutant NSCLC phase 3: Hengrui website news list to Oct 2026 has phase 3 'met primary endpoint' items for other SHR-A1811 trials (HER2+ breast, Sept 2026) but none for HER2-mutant NSCLC; registry updated Jan 2026, still recruiting. Hengrui exchange notices carry generic titles and were not read one by one; no web search.",,,
NCT06441565,eligible,low,2026-10-09,,"FAITH-CRC (Sun Yat-sen, fruquintinib with or without HAI-FOLFOX; 84 patients; primary endpoint is a 6-month PFS rate). Registry recruiting, last updated Jul 2025; no publication or abstract found. Web search budget ran out before this row: checked only the registry record, PubMed, Europe PMC and Crossref (registry number and design keywords); no general web or Chinese-language search was run.",,,
NCT06469879,eligible,low,2026-10-07,,"Chia Tai Tianqing TQB2450 (benmelstobart) + anlotinib after chemoradiotherapy in limited-stage SCLC: registry status UNKNOWN (last update Jul 2024, estimated PCD Sep 2026); searches return only the earlier phase 1b and readouts of other benmelstobart phase 3 trials in NSCLC, which are easy to confuse with this one.",,,
NCT06485466,eligible,low,2026-10-09,,"Sichuan TACE + camrelizumab + apatinib vs camrelizumab + apatinib in unresectable HCC (IIT2024041), 101 patients. Registry recruiting, last updated Apr 2026; no publication or abstract found. Web search budget ran out before this row: checked only the registry record, PubMed, Europe PMC and Crossref (registry number and design keywords); no general web or Chinese-language search was run.",,,
NCT06492941,eligible,medium,2026-10-09,,"No result found. CSPC (HKEX 1093) announcement titles from mid-2024 to Oct 2026 were listed: several HB1801 notices, all breast or gastric, none on pancreatic cancer. CSPC FY2025 results (25 Mar 2026) list albumin-bound docetaxel for advanced pancreatic cancer among pipeline products with no result; the 2026 interim results (20 Aug 2026) do not mention the pancreatic trial. PubMed: nothing. Registry stale (not yet recruiting, July 2024). No general web search run (budget exhausted).",,,
NCT06519370,eligible,medium,2026-10-09,,"FDA018-ADC (F0024, Trop2-SN38 ADC) phase 3 not read out. Fudan-Zhangjiang 2026 interim results (HKEX, 14 Aug 2026): follow-up and data collection 'progressed as planned' and the company is preparing the marketing application, with no result stated; HKEX English and Chinese titles to 9 Oct 2026 show no result notice. PubMed has only the phase 1 paper. Registry estimated date 18 Aug 2026.",,,
NCT06532006,eligible,medium,2026-10-09,,"General web search was unavailable (session search budget exhausted), so trade press, exchange notices and open-web name searches were not done. HLX22-GC-301. Registry recruiting, updated 2026-02-27. Crossref shows only trial-in-progress abstracts (ASCO 2025, ASCO GI 2026); Europe PMC no result. Henlius Chinese news list read for 2026-09 only (page 1 of 13): no HLX22 item. Henlius HKEX announcements and interim report not checked.",https://clinicaltrials.gov/study/NCT06532006 https://www.henlius.com/News-960.html https://doi.org/10.1200/jco.2026.44.2_suppl.tps467,,
NCT06548347,eligible,low,2026-10-09,,"No result found. Registry shows not yet recruiting (last update Aug 2024) with an estimated primary completion date of 2024-12-31 that cannot be the phase 3 PFS analysis of a 606-patient trial; two primaries (ORR for the phase 2 part, PFS for phase 3). PubMed (linperlisib AND CHOP / PTCL) has only relapsed-setting and combination phase 1 papers. Shanghai YingLi is not on the Hong Kong exchange. No general web search was run (budget exhausted).",,,
NCT06563479,eligible,medium,2026-10-09,,"General web search was unavailable (session search budget exhausted), so trade press, exchange notices and open-web name searches were not done. MSK 24-200. Registry recruiting, updated 2026-09-24, started 2024-08. Europe PMC search of the NCT number found three reviews (to 2026-06) citing it as ongoing; no result. MSK news not checked.",https://clinicaltrials.gov/study/NCT06563479 https://europepmc.org/search?query=%22NCT06563479%22,,
NCT06569420,already_read_out,medium,2026-10-07,2024-09-09,"REMARK interim analysis presented as late-breaking oral OA09.03 at WCLC 2024 on 9 Sept 2024 (Chinese-language coverage opened is dated 10 Sept 2024; Fosun English news item only on 2025-03-10 with the NMPA filing). Trial was registered on ClinicalTrials.gov only in Aug 2024, weeks before the readout, and lists 13 ""primary"" outcomes; the registry record is stale. An earlier abstract release or Chinese exchange notice is possible but not found.",https://www.pharnexcloud.com/zixun/shiye/lcyj_59763,,
NCT06619236,eligible,medium,2026-10-08,,"RAINFOL-02 (GCT1184-02) not read out: Genmab release of 3 Oct 2026 and IGCS coverage of 5 Oct 2026 report only phase 1/2 RAINFOL-01 data and describe the phase 3 data as still to come in 2026. Searched acronym, Rina-S, rinatabart sesutecan and Genmab news; the Genmab investor site returns 403, so releases were read through news wires.",,,
NCT06664983,eligible,low,2026-10-09,,"No randomised result found for TPC + cadonilimab vs TPC in anti-PD-1-resistant R/M NPC (B2024-581-02, n=84): one web search, PubMed, Europe PMC and Crossref return only the single-arm phase 2 of the same combination (ESMO 2024 893P; BMC Medicine 2025). Registry active not recruiting, last update Oct 2024, estimated PCD Oct 2025. Chinese-language sources not checked (web-search budget ran out).",,,
NCT06675214,eligible,medium,2026-10-09,,"General web search was unavailable (session search budget exhausted), so trade press, exchange notices and open-web name searches were not done. Registry recruiting, started 2024-07, not updated since 2024-11-05 (stale). Europe PMC search of the NCT number and ZDWY.BYAFZZX.074 found nothing. Sponsor and Chinese-language sources not checked.",https://clinicaltrials.gov/study/NCT06675214 https://europepmc.org/search?query=%22NCT06675214%22,,
NCT06732323,eligible,medium,2026-10-09,,"General web search was unavailable (session search budget exhausted), so trade press, exchange notices and open-web name searches were not done. ESG401-302. Registry recruiting, first patient 2025-09, record verified 2024-12 and updated 2025-09-23 (over a year ago). Europe PMC search of NCT number and ESG401 found reviews to 2026-09 with no phase 3 result. Qilu news and Chinese-language sources not checked.",https://clinicaltrials.gov/study/NCT06732323 https://europepmc.org/search?query=%22ESG401%22,,
NCT06735391,eligible,medium,2026-10-07,,"No result found by NCT, JMT101-018 or becotatug; trial only started in late 2024 and is listed as recruiting. The positive CSPC phase 3 announcement for JMT101 plus osimertinib concerns a different trial (EGFR exon 20, NCT06380348).",,,
NCT06738251,eligible,medium,2026-10-09,,"Not read out as far as can be told. Hengrui 2025 annual results (26 Mar 2026) list SHR-A2102 in urothelial carcinoma among launches expected in 2028; the 2026 interim results (19 Aug 2026) still show second/third-line urothelial carcinoma monotherapy in the pipeline table with no result. All 16 Hengrui marketing-application acceptance notices on HKEX from Jan to 14 Sep 2026 were opened: none is for SHR-A2102. PubMed: nothing. Two primary endpoints (PFS, OS). No general web or conference search run (budget exhausted).",,,
NCT06751485,eligible,medium,2026-10-09,,"Registry is stale: 'not yet recruiting', not updated since 2024-12-31. PubMed and PMC searched for NCT number, JSKN003-306 and JSKN003 in platinum-resistant ovarian cancer: 2026 reviews list the phase 3 as ongoing and cite only phase 1/2 data. Alphamab's website returned no readable content and its HKEX announcements could not be searched, so an interim-analysis notice cannot be excluded. General web search was unavailable (session search budget exhausted), so trade press, exchange notices and conference sites were not searched by name. Highest-priority row for a proper search.",https://clinicaltrials.gov/api/v2/studies/NCT06751485 https://eutils.ncbi.nlm.nih.gov/entrez/eutils/efetch.fcgi?db=pmc&retmode=xml&id=13360467 https://eutils.ncbi.nlm.nih.gov/entrez/eutils/efetch.fcgi?db=pmc&retmode=xml&id=13530527,,
NCT06759857,eligible,low,2026-10-09,,"No result found for FHND9041 vs afatinib (PubMed has only the phase 1/2 paper of Jul 2025; registry). Registered on ClinicalTrials.gov only in Jan 2025 for a trial started Aug 2021, with estimated primary completion Mar 2025 and no update since. Sponsor (Chia Tai Fenghai) website not reachable; no general web search or Chinese regulator search was run for this row (search budget exhausted), so a Chinese-language filing notice could have been missed.",,,
NCT06780930,eligible,medium,2026-10-08,,"No result found for the Asian vorasidenib study (CL3-95032-016, 57 patients, China and Taiwan) by study number, S095032, AG-881, vorasidenib or Servier; Servier 2026 news seen in search results covers only INDIGO follow-up. Registry active, not recruiting (updated 2026-06-04). Servier newsroom not opened directly.",,,
NCT06828354,eligible,medium,2026-10-09,,"General web search was unavailable (session search budget exhausted), so trade press, exchange notices and open-web name searches were not done. SHR-A1811 is trastuzumab rezetecan. Hengrui media listing read to 2026-10-08: no ovarian phase 3 result; the 2026-02-14 and 2026-07-08 filing-acceptance notices were opened and are for colorectal (SHR-A1811-309) and HER2-low breast (SHR-A1811-III-306), not ovarian; the 2026-04-22 notice lists platinum-resistant ovarian only as a breakthrough designation. Registry recruiting, updated 2026-04-20. Hengrui exchange filings and periodic report not checked.",https://clinicaltrials.gov/study/NCT06828354 https://www.hengrui.com/media/index.html https://www.hengrui.com/media/detail-988.html https://www.hengrui.com/media/detail-913.html https://www.hengrui.com/media/detail-936.html,,
NCT06857175,eligible,medium,2026-10-09,,"Registry: recruiting, updated 2026-04-20. SystImmune (Biokin's US arm) news to 2026-09-22 reports phase 3 interim wins only for NPC (BL-B01D1-303), ESCC (305) and TNBC (307); nothing for urothelial carcinoma (IZABRIGHT-Bladder01, NCT07106762, is a different global sibling). Biokin's own site failed to load and its Shanghai/Hong Kong notices could not be searched; the sponsor has announced interim results quickly in other trials. General web search was unavailable (session search budget exhausted), so trade press, exchange notices and conference sites were not searched by name.",https://clinicaltrials.gov/api/v2/studies/NCT06857175 https://systimmune.com/news/1 https://systimmune.com/news/1?search=&id=1&page=2 https://systimmune.com/news_detail/48 https://systimmune.com/pipeline.html,,
NCT06881784,eligible,medium,2026-10-09,,"Registry: still recruiting, updated 2026-09-29, primary completion 2027-12-01 estimated. PMC reviews of July-September 2026 list RASolve 301 as an ongoing phase 3. Revolution Medicines investor pages returned 403 and its main site shows no trial news, so sponsor releases were not read. General web search was unavailable (session search budget exhausted), so trade press, exchange notices and conference sites were not searched by name.",https://clinicaltrials.gov/api/v2/studies/NCT06881784 https://ir.revmed.com/news-releases https://www.revmed.com/pipeline/ https://eutils.ncbi.nlm.nih.gov/entrez/eutils/efetch.fcgi?db=pmc&retmode=xml&id=13458617,,
NCT06929325,eligible,medium,2026-10-09,,"HB1901-008 not read out: the trial was registered in Apr 2025 as not yet recruiting, and CSPC's HKEX announcement titles to Oct 2026 and its 2026 interim results show no result for sirolimus (albumin-bound) in breast cancer. The CSPC notices of Apr and Jul 2026 (phase 1b/3 met its primary endpoint; NDA accepted) concern a different trial, in malignant PEComa.",,,
NCT06954246,eligible,medium,2026-10-09,,"Registry: recruiting, 450 planned, overall-survival endpoint, updated 2025-06-18 (over a year ago). PubMed: no MHB088C records; PMC reviews of mid-2026 list the phase 3 as ongoing. Qilu news page opened, nothing on MHB088C; Minghui's site was not reached. General web search was unavailable (session search budget exhausted), so trade press, exchange notices and conference sites were not searched by name.",https://clinicaltrials.gov/api/v2/studies/NCT06954246 https://www.qilu-pharma.com/ https://eutils.ncbi.nlm.nih.gov/entrez/eutils/efetch.fcgi?db=pmc&retmode=xml&id=13360467,,
NCT06956001,eligible,medium,2026-10-09,,"General web search was unavailable (session search budget exhausted), so trade press, exchange notices and open-web name searches were not done. ALSC013AST2818. Registry recruiting, started 2024-11, updated 2026-08-13. Europe PMC search of the NCT number found nothing. Allist English news list read to 2026-10-06: the 2026-10-06 item reports that the sibling trial FURVENT (exon 20 insertion) missed its PFS primary; it does not concern this PACC/L861Q trial, which it describes as progressing. Allist Shanghai exchange notices not checked.",https://clinicaltrials.gov/study/NCT06956001 https://www.allist.com.cn/en/news.html https://www.allist.com.cn/en/newsd/102/1058.html,,
NCT06980272,eligible,low,2026-10-09,,"SSGJ-707 (PD-1/VEGF bispecific, licensed to Pfizer as PF-08634404) vs pembrolizumab: no result found. 3SBio HKEX announcement titles May 2025 to Oct 2026 show only the Pfizer licence; 2026 interim results (20 Aug 2026) give no readout. Trial registered in 2025 with an estimated date of Jul 2026. Light search: no web search, Pfizer materials not read.",,,
NCT06998108,eligible,low,2026-10-09,,"No result found. PubMed has only the phase 1 paper for BEBT-209 (Breast, July 2025). Trial registered in mid-2025 as recruiting with an estimated primary completion of 2025-12-31. BeBetter Med is not on the Hong Kong exchange; its mainland filings were not checked. No general web or Chinese-language search was run (budget exhausted).",,,
NCT07109531,eligible,medium,2026-10-09,,"General web search was unavailable (session search budget exhausted), so trade press, exchange notices and open-web name searches were not done. ASKC202-301. Registry recruiting, started 2025-08, updated 2026-08-19. Europe PMC search of NCT number and ASKC202 found one 2026 review; no result. Aosaikang news and Shenzhen exchange notices not checked.",https://clinicaltrials.gov/study/NCT07109531 https://europepmc.org/search?query=%22ASKC202%22,,
NCT07138209,eligible,medium,2026-10-09,,"Registry: recruiting, 228 planned, updated 2026-05-22; registered 2025. PubMed: no QLS32015 records; one 2026 review lists the trial. Qilu news page opened, nothing on QLS32015. General web search was unavailable (session search budget exhausted), so trade press, exchange notices and conference sites were not searched by name.",https://clinicaltrials.gov/api/v2/studies/NCT07138209 https://www.qilu-pharma.com/,,
NCT07202065,eligible,medium,2026-10-09,,"Registry: recruiting, 900 planned, last updated 2025-10-07 (just over a year). PubMed and PMC searched for NCT number, Dose-Ig and TRU-RPT-22: nothing. Trial registered in 2025 with event-free survival endpoint; no sponsor news page was located. General web search was unavailable (session search budget exhausted), so trade press, exchange notices and conference sites were not searched by name.",https://clinicaltrials.gov/api/v2/studies/NCT07202065,,
NCT07226752,eligible,medium,2026-10-08,,"China sub-study of GCT3013-05 (72 patients, registered separately in 2025). Searched NCT, GCT3013-05 sub-study, epcoritamab China, Genmab and AbbVie releases: the 16 Jan 2026 topline and EHA 2026 data describe only the 483-patient global trial and no China-specific OS result was found. Registry: active, not recruiting, no results.",,,
NCT07234162,eligible,medium,2026-10-09,,"Registry: recruiting, 218 planned, updated 2026-06-08; trial registered in late 2025. PubMed and PMC: golidocitinib phase 3 listed as ongoing (Cancers 2026-02), no result. Dizal's website returned no readable content. General web search was unavailable (session search budget exhausted), so trade press, exchange notices and conference sites were not searched by name.",https://clinicaltrials.gov/api/v2/studies/NCT07234162 https://www.dizalpharma.com/ https://eutils.ncbi.nlm.nih.gov/entrez/eutils/efetch.fcgi?db=pmc&retmode=xml&id=12984589,,
NCT07384377,eligible,medium,2026-10-09,,"General web search was unavailable (session search budget exhausted), so trade press, exchange notices and open-web name searches were not done. JSKN003-005 (JSKN003 originates from Alphamab). Registry not yet recruiting, planned start 2026-02, updated 2026-02-03. Europe PMC search of the NCT number found two 2026 reviews saying the phase 3 was nearing enrolment; no result possible this early. Sponsor news not checked.",https://clinicaltrials.gov/study/NCT07384377 https://europepmc.org/article/MED/42776793,,
NCT07556848,eligible,medium,2026-10-09,,"General web search was unavailable (session search budget exhausted), so trade press, exchange notices and open-web name searches were not done. 9MW2821-CP305 (9MW2821 is bulumtatug fuvedotin, a Nectin-4 ADC). Registry not yet recruiting, planned start 2026-05, OS endpoint, updated 2026-04-30. Mabwell English news list read for 2026-06-24 to 2026-09-29: only an ESMO 2026 oral on earlier-phase TNBC data, no phase 3 result. Europe PMC search of NCT number and protocol number found nothing.",https://clinicaltrials.gov/study/NCT07556848 https://www.mabwell.com/en/news.html,,
NCT07633873,eligible,medium,2026-10-09,,"Registry: not yet recruiting, first registered in 2026, updated 2026-06-11, primary completion 2027-09 estimated; a readout four months after registration is not plausible. PubMed: only the SYS6010 phase 1 paper (Cancer Cell, 2026-08). CSPC's website returned no readable content, so sponsor news was not checked. General web search was unavailable (session search budget exhausted), so trade press, exchange notices and conference sites were not searched by name.",https://clinicaltrials.gov/api/v2/studies/NCT07633873 https://www.cspc.com.hk/en/,,
NCT07761429,eligible,medium,2026-10-09,,"General web search was unavailable (session search budget exhausted), so trade press, exchange notices and open-web name searches were not done. NTP-F520-601. Registry recruiting, first patient 2026-07-08, updated 2026-08-12, so no analysis can exist yet. Europe PMC search of NCT number and F520 with unknown primary found nothing relevant. Sponsor news not checked.",https://clinicaltrials.gov/study/NCT07761429 https://europepmc.org/search?query=%22NCT07761429%22,,
